# This file uses centimeters as units for non-parametric coordinates.

mtllib robot.mtl
g default
v -2.762170 8.718367 -0.414355
v -3.254407 8.630672 -0.417761
v -3.503945 8.589196 0.013528
v -3.261245 8.635413 0.448224
v -2.769008 8.723108 0.451631
v -2.519470 8.764585 0.020341
v -3.638888 13.640787 -0.448224
v -4.131126 13.553092 -0.451631
v -4.380664 13.511615 -0.020341
v -4.137964 13.557833 0.414355
v -3.645726 13.645528 0.417761
v -3.396188 13.687004 -0.013528
v -3.011708 8.676890 0.016935
v -3.888426 13.599310 -0.016935
vt 0.626847 0.586301
vt 0.638526 0.586301
vt 0.638526 0.721153
vt 0.626847 0.721153
vt 0.615169 0.586301
vt 0.615169 0.721153
vt 0.881742 0.613542
vt 0.893420 0.613542
vt 0.893420 0.748393
vt 0.881742 0.748393
vt 0.905099 0.613542
vt 0.905099 0.748393
vt 0.092275 0.521006
vt 0.092275 0.508456
vt 0.103143 0.514731
vt 0.103143 0.502182
vt 0.103143 0.527280
vt 0.114011 0.508456
vt 0.114011 0.521006
vt 0.964995 0.491843
vt 0.964995 0.504392
vt 0.954127 0.498117
vt 0.954127 0.510667
vt 0.954127 0.485568
vt 0.943259 0.504392
vt 0.943259 0.491843
vt 0.940429 0.557991
vt 0.927879 0.557991
vt 0.927879 0.432497
vt 0.940429 0.432497
vt 0.927879 0.832721
vt 0.940429 0.832721
vt 0.940429 0.958214
vt 0.927879 0.958214
vn 0.007896 -0.005474 -0.999954
vn 0.007896 -0.005474 -0.999954
vn 0.007896 -0.005474 -0.999954
vn 0.007896 -0.005474 -0.999954
vn -0.848633 -0.154628 -0.505878
vn -0.848633 -0.154628 -0.505878
vn -0.848633 -0.154628 -0.505878
vn -0.848633 -0.154628 -0.505878
vn -0.856529 -0.149154 0.494076
vn -0.856529 -0.149154 0.494076
vn -0.856529 -0.149154 0.494076
vn -0.856529 -0.149154 0.494076
vn -0.007896 0.005474 0.999954
vn -0.007896 0.005474 0.999954
vn -0.007896 0.005474 0.999954
vn -0.007896 0.005474 0.999954
vn 0.848633 0.154628 0.505877
vn 0.848633 0.154628 0.505877
vn 0.848633 0.154628 0.505877
vn 0.848633 0.154628 0.505877
vn 0.856529 0.149154 -0.494076
vn 0.856529 0.149154 -0.494076
vn 0.856529 0.149154 -0.494076
vn 0.856529 0.149154 -0.494076
vn 0.175344 -0.984484 0.006774
vn 0.175344 -0.984484 0.006774
vn 0.175344 -0.984484 0.006774
vn 0.175344 -0.984484 0.006774
vn 0.175344 -0.984484 0.006774
vn 0.175344 -0.984484 0.006774
vn 0.175344 -0.984484 0.006774
vn -0.175344 0.984484 -0.006774
vn -0.175344 0.984484 -0.006774
vn -0.175344 0.984484 -0.006774
vn -0.175344 0.984484 -0.006774
vn -0.175344 0.984484 -0.006774
vn -0.175344 0.984484 -0.006774
vn -0.175344 0.984484 -0.006774
s off
g pasted__pasted__pCylinder1 BODY_ROBOT
usemtl standardSurface5SG
f 1/27/1 2/28/2 8/29/3 7/30/4
f 2/5/5 3/1/6 9/4/7 8/6/8
f 3/1/9 4/2/10 10/3/11 9/4/12
f 4/31/13 5/32/14 11/33/15 10/34/16
f 5/7/17 6/8/18 12/9/19 11/10/20
f 6/8/21 1/11/22 7/12/23 12/9/24
s 1
f 2/13/25 1/14/26 13/15/27
f 3/17/28 2/13/25 13/15/27
f 4/19/29 3/17/28 13/15/27
f 5/18/30 4/19/29 13/15/27
f 6/16/31 5/18/30 13/15/27
f 1/14/26 6/16/31 13/15/27
s 2
f 7/20/32 8/21/33 14/22/34
f 8/21/33 9/23/35 14/22/34
f 9/23/35 10/25/36 14/22/34
f 10/25/36 11/26/37 14/22/34
f 11/26/37 12/24/38 14/22/34
f 12/24/38 7/20/32 14/22/34
g default
v 3.530391 8.630917 -0.434702
v 3.037044 8.712195 -0.436229
v 2.788996 8.752629 -0.003982
v 3.034295 8.711786 0.429792
v 3.527643 8.630508 0.431319
v 3.775690 8.590074 -0.000927
v 4.343156 13.564414 -0.429792
v 3.849809 13.645692 -0.431319
v 3.601761 13.686126 0.000927
v 3.847060 13.645283 0.434702
v 4.340408 13.564005 0.436229
v 4.588455 13.523571 0.003982
v 3.282343 8.671352 -0.002455
v 4.095108 13.604848 0.002455
vt 0.837030 0.660908
vt 0.848708 0.660908
vt 0.848708 0.795759
vt 0.837030 0.795759
vt 0.825351 0.660908
vt 0.825351 0.795759
vt 0.825351 0.795759
vt 0.837030 0.795759
vt 0.837030 0.930611
vt 0.825351 0.930611
vt 0.848708 0.795759
vt 0.848708 0.930611
vt 0.943259 0.529474
vt 0.943259 0.516924
vt 0.954127 0.523199
vt 0.954127 0.510650
vt 0.954127 0.535748
vt 0.964995 0.516924
vt 0.964995 0.529474
vt 0.964995 0.144489
vt 0.964995 0.157038
vt 0.954127 0.150763
vt 0.954127 0.163313
vt 0.954127 0.138214
vt 0.943259 0.157038
vt 0.943259 0.144489
vt 0.596960 0.528669
vt 0.584410 0.528669
vt 0.584410 0.403176
vt 0.596960 0.403176
vt 0.389607 0.715976
vt 0.402156 0.715976
vt 0.402156 0.841469
vt 0.389607 0.841469
vn 0.003174 0.000472 -0.999995
vn 0.003174 0.000472 -0.999995
vn 0.003174 0.000472 -0.999995
vn 0.003174 0.000472 -0.999995
vn -0.852916 0.141013 -0.502643
vn -0.852916 0.141013 -0.502643
vn -0.852916 0.141013 -0.502643
vn -0.852916 0.141013 -0.502643
vn -0.856089 0.140541 0.497352
vn -0.856089 0.140541 0.497352
vn -0.856089 0.140541 0.497352
vn -0.856089 0.140541 0.497352
vn -0.003173 -0.000472 0.999995
vn -0.003173 -0.000472 0.999995
vn -0.003173 -0.000472 0.999995
vn -0.003173 -0.000472 0.999995
vn 0.852916 -0.141013 0.502643
vn 0.852916 -0.141013 0.502643
vn 0.852916 -0.141013 0.502643
vn 0.852916 -0.141013 0.502643
vn 0.856089 -0.140541 -0.497352
vn 0.856089 -0.140541 -0.497352
vn 0.856089 -0.140541 -0.497352
vn 0.856089 -0.140541 -0.497352
vn -0.162553 -0.986699 -0.000982
vn -0.162553 -0.986699 -0.000982
vn -0.162553 -0.986699 -0.000982
vn -0.162553 -0.986699 -0.000982
vn -0.162553 -0.986699 -0.000982
vn -0.162553 -0.986699 -0.000982
vn -0.162553 -0.986699 -0.000982
vn 0.162553 0.986699 0.000982
vn 0.162553 0.986699 0.000982
vn 0.162553 0.986699 0.000982
vn 0.162553 0.986699 0.000982
vn 0.162553 0.986699 0.000982
vn 0.162553 0.986699 0.000982
vn 0.162553 0.986699 0.000982
s off
g BODY_ROBOT pCylinder1
usemtl standardSurface5SG
f 15/61/39 16/62/40 22/63/41 21/64/42
f 16/39/43 17/35/44 23/38/45 22/40/46
f 17/35/47 18/36/48 24/37/49 23/38/50
f 18/65/51 19/66/52 25/67/53 24/68/54
f 19/41/55 20/42/56 26/43/57 25/44/58
f 20/42/59 15/45/60 21/46/61 26/43/62
s 1
f 16/47/63 15/48/64 27/49/65
f 17/51/66 16/47/63 27/49/65
f 18/53/67 17/51/66 27/49/65
f 19/52/68 18/53/67 27/49/65
f 20/50/69 19/52/68 27/49/65
f 15/48/64 20/50/69 27/49/65
s 2
f 21/54/70 22/55/71 28/56/72
f 22/55/71 23/57/73 28/56/72
f 23/57/73 24/59/74 28/56/72
f 24/59/74 25/60/75 28/56/72
f 25/60/75 26/58/76 28/56/72
f 26/58/76 21/54/70 28/56/72
g default
v -4.604361 12.663018 0.906621
v -2.988514 12.819108 1.058918
v -4.763496 14.285530 0.932094
v -3.147649 14.441621 1.084390
v -4.580592 14.334727 -1.058918
v -2.964745 14.490818 -0.906621
v -4.421457 12.712215 -1.084390
v -2.805610 12.868305 -0.932094
vt 0.358848 0.891589
vt 0.404172 0.891589
vt 0.404172 0.936913
vt 0.358848 0.936913
vt 0.312711 0.891735
vt 0.358034 0.891735
vt 0.358034 0.937059
vt 0.312711 0.937059
vt 0.420365 0.932400
vt 0.420365 0.887076
vt 0.465689 0.887076
vt 0.465689 0.932400
vt 0.727950 0.890486
vt 0.773273 0.890486
vt 0.773273 0.935809
vt 0.727950 0.935809
vt 0.615169 0.927522
vt 0.656092 0.927522
vt 0.656092 0.968445
vt 0.615169 0.968445
vt 0.676686 0.925138
vt 0.717609 0.925138
vt 0.717609 0.966062
vt 0.676686 0.966062
vn -0.091452 -0.024598 0.995506
vn -0.091452 -0.024598 0.995506
vn -0.091452 -0.024598 0.995506
vn -0.091452 -0.024598 0.995506
vn -0.097599 0.995103 0.015623
vn -0.097599 0.995103 0.015623
vn -0.097599 0.995103 0.015623
vn -0.097599 0.995103 0.015623
vn 0.091452 0.024598 -0.995506
vn 0.091452 0.024598 -0.995506
vn 0.091452 0.024598 -0.995506
vn 0.091452 0.024598 -0.995506
vn 0.097599 -0.995103 -0.015623
vn 0.097599 -0.995103 -0.015623
vn 0.097599 -0.995103 -0.015623
vn 0.097599 -0.995103 -0.015623
vn 0.991015 0.095732 0.093405
vn 0.991015 0.095732 0.093405
vn 0.991015 0.095732 0.093405
vn 0.991015 0.095732 0.093405
vn -0.991015 -0.095732 -0.093405
vn -0.991015 -0.095732 -0.093405
vn -0.991015 -0.095732 -0.093405
vn -0.991015 -0.095732 -0.093405
s off
g BODY_ROBOT pasted__pCube7
usemtl standardSurface5SG
f 29/85/77 30/86/78 32/87/79 31/88/80
f 31/77/81 32/78/82 34/79/83 33/80/84
f 33/89/85 34/90/86 36/91/87 35/92/88
f 35/81/89 36/82/90 30/83/91 29/84/92
f 30/69/93 36/70/94 34/71/95 32/72/96
f 35/73/97 29/74/98 31/75/99 33/76/100
g default
v 9.330404 6.942659 -0.919790
v 8.820294 7.120093 -0.860403
v 8.625064 7.161286 -0.174844
v 8.939946 7.025046 0.451327
v 9.450057 6.847612 0.391939
v 9.645286 6.806419 -0.293619
v 11.025803 11.751954 -0.725963
v 10.515692 11.929388 -0.666576
v 10.320463 11.970581 0.018983
v 10.635345 11.834341 0.645154
v 11.145456 11.656907 0.585767
v 11.340685 11.615714 -0.099792
v 9.135175 6.983853 -0.234232
v 10.830574 11.793147 -0.040405
vt 0.870209 0.450743
vt 0.884307 0.450743
vt 0.884307 0.613542
vt 0.870209 0.613542
vt 0.856110 0.450743
vt 0.856110 0.613542
vt 0.615169 0.764723
vt 0.629267 0.764723
vt 0.629267 0.927522
vt 0.615169 0.927522
vt 0.643366 0.764723
vt 0.643366 0.927522
vt 0.476756 0.986985
vt 0.476756 0.970830
vt 0.490746 0.978907
vt 0.490746 0.962753
vt 0.490746 0.995062
vt 0.504736 0.970830
vt 0.504736 0.986985
vt 0.597012 0.967364
vt 0.597012 0.983519
vt 0.583021 0.975442
vt 0.583021 0.991596
vt 0.583021 0.959287
vt 0.569031 0.983519
vt 0.569031 0.967364
vt 0.802683 0.479358
vt 0.789467 0.479358
vt 0.789467 0.347197
vt 0.802683 0.347197
vt 0.907374 0.700559
vt 0.920590 0.700559
vt 0.920590 0.832721
vt 0.907374 0.832721
vn -0.090604 0.071972 -0.993283
vn -0.090604 0.071972 -0.993283
vn -0.090604 0.071972 -0.993283
vn -0.090604 0.071972 -0.993283
vn -0.902695 0.329381 -0.276856
vn -0.902695 0.329381 -0.276856
vn -0.902695 0.329381 -0.276856
vn -0.902695 0.329381 -0.276856
vn -0.833747 0.274612 0.479014
vn -0.833747 0.274612 0.479014
vn -0.833747 0.274612 0.479014
vn -0.833747 0.274612 0.479014
vn 0.090604 -0.071972 0.993283
vn 0.090604 -0.071972 0.993283
vn 0.090604 -0.071972 0.993283
vn 0.090604 -0.071972 0.993283
vn 0.902695 -0.329381 0.276856
vn 0.902695 -0.329381 0.276856
vn 0.902695 -0.329381 0.276856
vn 0.902695 -0.329381 0.276856
vn 0.833747 -0.274612 -0.479014
vn 0.833747 -0.274612 -0.479014
vn 0.833747 -0.274612 -0.479014
vn 0.833747 -0.274612 -0.479014
vn -0.332232 -0.942433 -0.037982
vn -0.332232 -0.942433 -0.037982
vn -0.332232 -0.942433 -0.037983
vn -0.332232 -0.942433 -0.037982
vn -0.332232 -0.942433 -0.037983
vn -0.332232 -0.942433 -0.037983
vn -0.332232 -0.942433 -0.037982
vn 0.332232 0.942433 0.037982
vn 0.332232 0.942433 0.037982
vn 0.332232 0.942433 0.037982
vn 0.332232 0.942433 0.037982
vn 0.332232 0.942433 0.037982
vn 0.332232 0.942433 0.037982
vn 0.332232 0.942433 0.037983
s off
g BODY_ROBOT pasted__pCylinder2
usemtl standardSurface5SG
f 37/119/101 38/120/102 44/121/103 43/122/104
f 38/97/105 39/93/106 45/96/107 44/98/108
f 39/93/109 40/94/110 46/95/111 45/96/112
f 40/123/113 41/124/114 47/125/115 46/126/116
f 41/99/117 42/100/118 48/101/119 47/102/120
f 42/100/121 37/103/122 43/104/123 48/101/124
s 1
f 38/105/125 37/106/126 49/107/127
f 39/109/128 38/105/125 49/107/127
f 40/111/129 39/109/128 49/107/127
f 41/110/130 40/111/129 49/107/127
f 42/108/131 41/110/130 49/107/127
f 37/106/126 42/108/131 49/107/127
s 2
f 43/112/132 44/113/133 50/114/134
f 44/113/133 45/115/135 50/114/134
f 45/115/135 46/117/136 50/114/134
f 46/117/136 47/118/137 50/114/134
f 47/118/137 48/116/138 50/114/134
f 48/116/138 43/112/132 50/114/134
g default
v -2.880328 6.406372 0.433377
v -2.853974 6.045545 0.027998
v -2.907021 5.372268 0.259701
v -2.986422 5.059818 0.896782
v -3.012776 5.420645 1.302161
v -2.959729 6.093922 1.070458
v -7.951626 6.625385 -0.091258
v -7.925271 6.264558 -0.496637
v -7.978318 5.591281 -0.264934
v -8.057719 5.278831 0.372147
v -8.084073 5.639658 0.777526
v -8.031027 6.312935 0.545823
v -2.933375 5.733095 0.665080
v -8.004672 5.952108 0.140444
vt 0.870209 0.287944
vt 0.884307 0.287944
vt 0.884307 0.450743
vt 0.870209 0.450743
vt 0.856110 0.287944
vt 0.856110 0.450743
vt 0.871489 0.033487
vt 0.885588 0.033487
vt 0.885588 0.196285
vt 0.871489 0.196285
vt 0.899687 0.033487
vt 0.899687 0.196285
vt 0.445997 0.984965
vt 0.445997 0.968811
vt 0.459988 0.976888
vt 0.459988 0.960733
vt 0.459988 0.993042
vt 0.473978 0.968811
vt 0.473978 0.984965
vt 0.125382 0.973657
vt 0.125382 0.989812
vt 0.111392 0.981734
vt 0.111392 0.997889
vt 0.111392 0.965580
vt 0.097402 0.989812
vt 0.097402 0.973657
vt 0.930843 0.700559
vt 0.917627 0.700559
vt 0.917627 0.568398
vt 0.930843 0.568398
vt 0.922753 0.700559
vt 0.935969 0.700559
vt 0.935969 0.832721
vt 0.922753 0.832721
vn 0.100294 0.746423 -0.657870
vn 0.100294 0.746423 -0.657870
vn 0.100294 0.746423 -0.657870
vn 0.100294 0.746423 -0.657870
vn 0.083016 -0.330130 -0.940278
vn 0.083016 -0.330130 -0.940278
vn 0.083016 -0.330130 -0.940278
vn 0.083016 -0.330130 -0.940278
vn 0.006695 -0.898144 -0.439651
vn 0.006695 -0.898144 -0.439651
vn 0.006695 -0.898144 -0.439651
vn 0.006695 -0.898144 -0.439651
vn -0.100294 -0.746423 0.657870
vn -0.100294 -0.746423 0.657870
vn -0.100294 -0.746423 0.657870
vn -0.100294 -0.746423 0.657870
vn -0.083016 0.330130 0.940278
vn -0.083016 0.330130 0.940278
vn -0.083016 0.330130 0.940278
vn -0.083016 0.330130 0.940278
vn -0.006695 0.898144 0.439651
vn -0.006695 0.898144 0.439651
vn -0.006695 0.898144 0.439651
vn -0.006695 0.898144 0.439651
vn 0.993775 -0.042918 0.102808
vn 0.993775 -0.042918 0.102808
vn 0.993775 -0.042918 0.102808
vn 0.993775 -0.042918 0.102808
vn 0.993775 -0.042918 0.102808
vn 0.993775 -0.042918 0.102808
vn 0.993775 -0.042918 0.102808
vn -0.993775 0.042918 -0.102808
vn -0.993775 0.042918 -0.102808
vn -0.993775 0.042918 -0.102808
vn -0.993775 0.042918 -0.102808
vn -0.993775 0.042918 -0.102808
vn -0.993775 0.042918 -0.102808
vn -0.993775 0.042918 -0.102808
s off
g BODY_ROBOT pasted__pCylinder4
usemtl standardSurface5SG
f 51/153/139 52/154/140 58/155/141 57/156/142
f 52/131/143 53/127/144 59/130/145 58/132/146
f 53/127/147 54/128/148 60/129/149 59/130/150
f 54/157/151 55/158/152 61/159/153 60/160/154
f 55/133/155 56/134/156 62/135/157 61/136/158
f 56/134/159 51/137/160 57/138/161 62/135/162
s 1
f 52/139/163 51/140/164 63/141/165
f 53/143/166 52/139/163 63/141/165
f 54/145/167 53/143/166 63/141/165
f 55/144/168 54/145/167 63/141/165
f 56/142/169 55/144/168 63/141/165
f 51/140/164 56/142/169 63/141/165
s 2
f 57/146/170 58/147/171 64/148/172
f 58/147/171 59/149/173 64/148/172
f 59/149/173 60/151/174 64/148/172
f 60/151/174 61/152/175 64/148/172
f 61/152/175 62/150/176 64/148/172
f 62/150/176 57/146/170 64/148/172
g default
v 2.933298 13.122377 0.752440
v 4.439754 12.516320 1.092533
v 3.530104 14.666557 0.860643
v 5.036560 14.060500 1.200735
v 3.959363 14.637516 -1.092533
v 5.465819 14.031458 -0.752440
v 3.362557 13.093335 -1.200735
v 4.869013 12.487278 -0.860643
vt 0.030758 0.878229
vt 0.076477 0.878229
vt 0.076477 0.923948
vt 0.030758 0.923948
vt 0.266573 0.886011
vt 0.312292 0.886011
vt 0.312292 0.931730
vt 0.266573 0.931730
vt 0.082022 0.923948
vt 0.082022 0.878229
vt 0.127741 0.878229
vt 0.127741 0.923948
vt 0.138413 0.876584
vt 0.184132 0.876584
vt 0.184132 0.922303
vt 0.138413 0.922303
vt 0.076896 0.923948
vt 0.118536 0.923948
vt 0.118536 0.965587
vt 0.076896 0.965587
vt 0.030758 0.923948
vt 0.072398 0.923948
vt 0.072398 0.965587
vt 0.030758 0.965587
vn -0.214629 0.014521 0.976588
vn -0.214629 0.014521 0.976588
vn -0.214629 0.014521 0.976588
vn -0.214629 0.014521 0.976588
vn 0.359732 0.930773 0.065221
vn 0.359732 0.930773 0.065221
vn 0.359732 0.930773 0.065221
vn 0.359732 0.930773 0.065221
vn 0.214629 -0.014521 -0.976588
vn 0.214629 -0.014521 -0.976588
vn 0.214629 -0.014521 -0.976588
vn 0.214629 -0.014521 -0.976588
vn -0.359732 -0.930773 -0.065221
vn -0.359732 -0.930773 -0.065221
vn -0.359732 -0.930773 -0.065221
vn -0.359732 -0.930773 -0.065221
vn 0.908035 -0.365308 0.204995
vn 0.908035 -0.365308 0.204995
vn 0.908035 -0.365308 0.204995
vn 0.908035 -0.365308 0.204995
vn -0.908035 0.365308 -0.204995
vn -0.908035 0.365308 -0.204995
vn -0.908035 0.365308 -0.204995
vn -0.908035 0.365308 -0.204995
s off
g BODY_ROBOT pasted__pCube8
usemtl standardSurface5SG
f 65/177/177 66/178/178 68/179/179 67/180/180
f 67/169/181 68/170/182 70/171/183 69/172/184
f 69/181/185 70/182/186 72/183/187 71/184/188
f 71/173/189 72/174/190 66/175/191 65/176/192
f 66/161/193 72/162/194 70/163/195 68/164/196
f 71/165/197 65/166/198 67/167/199 69/168/200
g default
v -6.517820 0.304869 4.500050
v -6.112530 0.210209 4.500050
v -6.112530 0.304869 4.905340
v -6.112530 0.710159 5.000000
v -6.517820 0.710159 4.905340
v -6.612480 0.710159 4.500050
v 6.517820 0.304869 4.500050
v 6.612480 0.710159 4.500050
v 6.517820 0.710159 4.905340
v 6.112530 0.710159 5.000000
v 6.112530 0.304869 4.905340
v 6.112530 0.210209 4.500050
v -6.517820 2.115549 4.500050
v -6.612480 1.710259 4.500050
v -6.517820 1.710259 4.905340
v -6.112530 1.710259 5.000000
v -6.112530 2.115549 4.905340
v -6.112530 2.210209 4.500050
v 6.517820 2.115549 4.500050
v 6.112530 2.210209 4.500050
v 6.112530 2.115549 4.905340
v 6.112530 1.710259 5.000000
v 6.517820 1.710259 4.905340
v 6.612480 1.710259 4.500050
v -6.517820 1.710259 -4.905340
v -6.612480 1.710259 -4.500050
v -6.517820 2.115549 -4.500050
v -6.112530 2.210209 -4.500050
v -6.112530 2.115549 -4.905340
v -6.112530 1.710259 -5.000000
v 6.517820 1.710259 -4.905340
v 6.112530 1.710259 -5.000000
v 6.112530 2.115549 -4.905340
v 6.112530 2.210209 -4.500050
v 6.517820 2.115549 -4.500050
v 6.612480 1.710259 -4.500050
v -6.517820 0.304869 -4.500050
v -6.612480 0.710159 -4.500050
v -6.517820 0.710159 -4.905340
v -6.112530 0.710159 -5.000000
v -6.112530 0.304869 -4.905340
v -6.112530 0.210209 -4.500050
v 6.517820 0.304869 -4.500050
v 6.112530 0.210209 -4.500050
v 6.112530 0.304869 -4.905340
v 6.112530 0.710159 -5.000000
v 6.517820 0.710159 -4.905340
v 6.612480 0.710159 -4.500050
v -6.472042 0.350647 4.859562
v 6.472042 0.350647 4.859562
v -6.472042 2.069771 4.859562
v 6.472042 2.069771 4.859562
v -6.472042 2.069771 -4.859562
v 6.472042 2.069771 -4.859562
v -6.472042 0.350647 -4.859562
v 6.472042 0.350647 -4.859562
vt 0.569031 0.596542
vt 0.579272 0.596542
vt 0.579272 0.823965
vt 0.569031 0.823965
vt 0.579272 0.586301
vt 0.570188 0.587458
vt 0.604544 0.596542
vt 0.604544 0.823965
vt 0.579272 0.834207
vt 0.570188 0.833050
vt 0.604544 0.586301
vt 0.614785 0.596542
vt 0.614785 0.823965
vt 0.604544 0.834207
vt 0.613628 0.587458
vt 0.613628 0.833050
vt 0.533135 0.823965
vt 0.522893 0.823965
vt 0.522893 0.596542
vt 0.533135 0.596542
vt 0.533135 0.834207
vt 0.524050 0.833050
vt 0.533135 0.586301
vt 0.524050 0.587458
vt 0.558406 0.596542
vt 0.558406 0.823965
vt 0.558406 0.834207
vt 0.558406 0.586301
vt 0.568647 0.823965
vt 0.568647 0.596542
vt 0.567491 0.833050
vt 0.567491 0.587458
vt 0.248289 0.336027
vt 0.248289 0.345735
vt 0.010699 0.345735
vt 0.010699 0.336027
vt 0.258988 0.336027
vt 0.257780 0.344639
vt 0.000000 0.336027
vt 0.001208 0.344639
vt 0.010699 0.043195
vt 0.248289 0.043195
vt 0.258988 0.043195
vt 0.000000 0.043195
vt 0.248289 0.033487
vt 0.010699 0.033487
vt 0.257780 0.034583
vt 0.001208 0.034583
vt 0.272146 0.345735
vt 0.272146 0.336027
vt 0.509736 0.336027
vt 0.509736 0.345735
vt 0.261447 0.336027
vt 0.262655 0.344639
vt 0.272146 0.043195
vt 0.509736 0.043195
vt 0.520435 0.336027
vt 0.519227 0.344639
vt 0.261447 0.043195
vt 0.272146 0.033487
vt 0.509736 0.033487
vt 0.520435 0.043195
vt 0.262655 0.034583
vt 0.519227 0.034583
vt 0.800216 0.337444
vt 0.789467 0.337444
vt 0.789467 0.043240
vt 0.800216 0.043240
vt 0.800216 0.347197
vt 0.790681 0.346096
vt 0.800216 0.033487
vt 0.790681 0.034588
vt 0.826741 0.043240
vt 0.826741 0.337444
vt 0.826741 0.347197
vt 0.826741 0.033487
vt 0.837490 0.337444
vt 0.837490 0.043240
vt 0.836276 0.346096
vt 0.836276 0.034588
vt 0.815595 0.660908
vt 0.815595 0.651155
vt 0.842120 0.651155
vt 0.842120 0.660908
vt 0.804846 0.651155
vt 0.806060 0.659807
vt 0.815595 0.356951
vt 0.842120 0.356951
vt 0.852869 0.651155
vt 0.851655 0.659807
vt 0.804846 0.356951
vt 0.815595 0.347197
vt 0.842120 0.347197
vt 0.852869 0.356951
vt 0.806060 0.348299
vt 0.851655 0.348299
vn -0.007404 -0.999923 0.009974
vn -0.226145 -0.974069 0.006953
vn -0.226145 -0.974069 -0.006953
vn -0.007404 -0.999923 -0.009974
vn -0.974066 -0.226161 0.006862
vn -0.997743 -0.066510 0.009251
vn -0.997743 -0.066510 -0.009251
vn -0.974066 -0.226161 -0.006862
vn -0.006872 -0.066679 0.997751
vn -0.005088 -0.226493 0.974000
vn 0.005088 -0.226493 0.974000
vn 0.006872 -0.066679 0.997751
vn -0.005088 -0.974000 0.226494
vn 0.007404 -0.999923 0.009974
vn 0.005088 -0.973999 0.226494
vn -0.974710 -0.047959 0.218264
vn -0.974711 0.047959 0.218264
vn -0.997743 0.066510 0.009251
vn -0.218168 -0.048451 0.974708
vn -0.006872 0.066679 0.997751
vn -0.218168 0.048451 0.974708
vn 0.997743 -0.066510 0.009251
vn 0.974066 -0.226161 0.006862
vn 0.974066 -0.226161 -0.006862
vn 0.997743 -0.066510 -0.009251
vn 0.226145 -0.974069 0.006953
vn 0.007404 -0.999923 -0.009974
vn 0.226145 -0.974069 -0.006953
vn 0.218168 -0.048451 0.974708
vn 0.218168 0.048451 0.974708
vn 0.006872 0.066679 0.997751
vn 0.974711 -0.047959 0.218264
vn 0.997743 0.066510 0.009251
vn 0.974711 0.047959 0.218264
vn -0.974066 0.226161 0.006862
vn -0.974066 0.226161 -0.006862
vn -0.997743 0.066510 -0.009251
vn -0.226144 0.974069 0.006953
vn -0.007404 0.999923 0.009974
vn -0.007404 0.999923 -0.009974
vn -0.226144 0.974069 -0.006953
vn -0.005088 0.974000 0.226493
vn 0.005088 0.974000 0.226493
vn 0.007404 0.999923 0.009974
vn -0.005088 0.226493 0.974000
vn 0.005088 0.226493 0.974000
vn 0.226144 0.974069 0.006953
vn 0.226144 0.974069 -0.006953
vn 0.007404 0.999923 -0.009974
vn 0.974066 0.226161 0.006862
vn 0.997743 0.066510 -0.009251
vn 0.974066 0.226161 -0.006862
vn -0.974711 0.047959 -0.218264
vn -0.974711 -0.047959 -0.218264
vn -0.218168 0.048451 -0.974708
vn -0.006872 0.066679 -0.997751
vn -0.006872 -0.066679 -0.997751
vn -0.218168 -0.048451 -0.974708
vn -0.005088 0.226493 -0.974000
vn 0.005088 0.226493 -0.974000
vn 0.006872 0.066679 -0.997751
vn -0.005088 0.974000 -0.226493
vn 0.005088 0.974000 -0.226493
vn 0.218168 0.048451 -0.974708
vn 0.218168 -0.048451 -0.974708
vn 0.006872 -0.066679 -0.997751
vn 0.974711 0.047959 -0.218264
vn 0.974710 -0.047959 -0.218264
vn -0.005088 -0.973999 -0.226494
vn 0.005088 -0.974000 -0.226494
vn -0.005088 -0.226493 -0.974000
vn 0.005088 -0.226493 -0.974000
vn -0.963904 -0.188267 0.188267
vn -0.188268 -0.963904 0.188268
vn -0.188268 -0.188268 0.963904
vn 0.188268 -0.963904 0.188268
vn 0.963904 -0.188268 0.188267
vn 0.188268 -0.188268 0.963904
vn -0.188268 0.963904 0.188268
vn -0.963904 0.188268 0.188267
vn -0.188267 0.188268 0.963904
vn 0.963904 0.188267 0.188267
vn 0.188268 0.963904 0.188267
vn 0.188267 0.188268 0.963904
vn -0.188267 0.188268 -0.963904
vn -0.963904 0.188267 -0.188267
vn -0.188268 0.963904 -0.188267
vn 0.963904 0.188268 -0.188267
vn 0.188267 0.188268 -0.963904
vn 0.188268 0.963904 -0.188268
vn -0.188268 -0.963904 -0.188268
vn -0.963904 -0.188268 -0.188267
vn -0.188268 -0.188268 -0.963904
vn 0.963904 -0.188267 -0.188267
vn 0.188268 -0.963904 -0.188268
vn 0.188268 -0.188268 -0.963904
s 1
g BODY_ROBOT pasted__pCube2
usemtl standardSurface5SG
f 74/217/201 73/218/202 109/219/203 114/220/204
s 2
f 73/185/205 78/186/206 110/187/207 109/188/208
s 3
f 76/249/209 75/250/210 83/251/211 82/252/212
s 1
f 75/221/213 74/217/201 84/226/214 83/227/215
s 2
f 78/186/206 77/189/216 87/195/217 86/191/218
s 3
f 77/253/219 76/249/209 88/258/220 87/259/221
s 4
f 80/201/222 79/202/223 115/203/224 120/204/225
s 1
f 79/229/226 84/226/214 116/225/227 115/230/228
s 3
f 82/252/212 81/255/229 95/260/230 94/257/231
s 4
f 81/205/232 80/201/222 96/210/233 95/211/234
s 2
f 86/191/218 85/196/235 99/197/236 98/192/237
s 5
f 85/233/238 90/234/239 100/235/240 99/236/241
f 90/234/239 89/237/242 93/243/243 92/239/244
s 3
f 89/261/245 88/258/220 94/257/231 93/262/246
s 5
f 92/239/244 91/244/247 107/245/248 106/240/249
s 4
f 91/213/250 96/210/233 108/209/251 107/214/252
s 2
f 98/192/237 97/198/253 111/193/254 110/187/207
s 6
f 97/265/255 102/266/256 112/267/257 111/268/258
f 102/266/256 101/269/259 105/275/260 104/271/261
s 5
f 101/241/262 100/235/240 106/240/249 105/246/263
s 6
f 104/271/261 103/276/264 119/277/265 118/272/266
s 4
f 103/212/267 108/209/251 120/204/225 119/207/268
s 1
f 114/220/204 113/223/269 117/228/270 116/225/227
s 6
f 113/273/271 112/267/257 118/272/266 117/278/272
s 3
f 76/249/209 82/252/212 94/257/231 88/258/220
s 5
f 90/234/239 92/239/244 106/240/249 100/235/240
s 6
f 102/266/256 104/271/261 118/272/266 112/267/257
s 1
f 114/220/204 116/225/227 84/226/214 74/217/201
s 4
f 80/201/222 120/204/225 108/209/251 96/210/233
s 2
f 110/187/207 78/186/206 86/191/218 98/192/237
f 77/189/216 78/186/206 73/185/205 121/190/273
s 1
f 73/218/202 74/217/201 75/221/213 121/222/274
s 3
f 75/250/210 76/249/209 77/253/219 121/254/275
s 1
f 83/227/215 84/226/214 79/229/226 122/231/276
s 4
f 79/202/223 80/201/222 81/205/232 122/206/277
s 3
f 81/255/229 82/252/212 83/251/211 122/256/278
s 5
f 89/237/242 90/234/239 85/233/238 123/238/279
s 2
f 85/196/235 86/191/218 87/195/217 123/199/280
s 3
f 87/259/221 88/258/220 89/261/245 123/263/281
s 4
f 95/211/234 96/210/233 91/213/250 124/215/282
s 5
f 91/244/247 92/239/244 93/243/243 124/247/283
s 3
f 93/262/246 94/257/231 95/260/230 124/264/284
s 6
f 101/269/259 102/266/256 97/265/255 125/270/285
s 2
f 97/198/253 98/192/237 99/197/236 125/200/286
s 5
f 99/236/241 100/235/240 101/241/262 125/242/287
s 4
f 107/214/252 108/209/251 103/212/267 126/216/288
s 6
f 103/276/264 104/271/261 105/275/260 126/279/289
s 5
f 105/246/263 106/240/249 107/245/248 126/248/290
s 1
f 113/223/269 114/220/204 109/219/203 127/224/291
s 2
f 109/188/208 110/187/207 111/193/254 127/194/292
s 6
f 111/268/258 112/267/257 113/273/271 127/274/293
s 4
f 119/207/268 120/204/225 115/203/224 128/208/294
s 1
f 115/230/228 116/225/227 117/228/270 128/232/295
s 6
f 117/278/272 118/272/266 119/277/265 128/280/296
g default
v -11.275387 3.974148 -5.160183
v -12.024708 3.394642 -5.616542
v -11.053609 3.410124 -6.019406
v -10.370832 3.441489 -5.220404
v -10.919951 3.445391 -4.323729
v -11.942103 3.416438 -4.568556
v -12.132379 2.507731 -5.062134
v -11.583259 2.503829 -5.958809
v -10.561107 2.532781 -5.713982
v -10.478502 2.554577 -4.665996
v -11.449601 2.539095 -4.263132
v -11.227823 1.975072 -5.122355
v -11.149205 3.818113 -5.668542
v -11.589644 3.477488 -5.936783
v -11.720002 3.809012 -5.431745
v -11.502821 3.752762 -5.716917
v -10.747878 3.836548 -5.198900
v -10.617520 3.505023 -5.703939
v -10.809070 3.772412 -5.550749
v -11.070643 3.838842 -4.671848
v -10.538958 3.525753 -4.707245
v -10.753005 3.787206 -4.839464
v -11.671449 3.821824 -4.815754
v -11.462529 3.511028 -4.324099
v -11.412105 3.776697 -4.566034
v -12.111888 3.481199 -5.083995
v -11.875517 3.755410 -5.108330
v -11.330167 2.953881 -6.137963
v -11.900965 2.944780 -5.901165
v -11.631964 3.136007 -6.051916
v -10.328035 2.989334 -5.524415
v -10.729361 2.970899 -5.994057
v -10.509451 3.167803 -5.783051
v -10.602245 3.004439 -4.381373
v -10.279481 3.002146 -4.908425
v -10.418736 3.191739 -4.632168
v -11.773849 2.978321 -4.288481
v -11.173043 2.995339 -4.144575
v -11.485183 3.174737 -4.189749
v -12.223729 2.947074 -5.374113
v -12.175175 2.959885 -4.758122
v -12.234999 3.140293 -5.067201
v -11.964252 2.423467 -5.575292
v -12.084474 2.757481 -5.650370
v -11.040681 2.438191 -5.958439
v -11.018027 2.774483 -6.092789
v -10.391322 2.468021 -5.198542
v -10.268211 2.808927 -5.215336
v -10.913566 2.471732 -4.345754
v -10.871247 2.813212 -4.230622
v -11.885690 2.444196 -4.578599
v -11.993759 2.781417 -4.499487
v -11.432567 2.110378 -5.610689
v -11.755332 2.112671 -5.083637
v -11.750205 2.162014 -5.443073
v -10.831762 2.127396 -5.466784
v -11.091105 2.172522 -5.716504
v -10.783208 2.140207 -4.850793
v -10.627693 2.193810 -5.174208
v -11.354006 2.131107 -4.613996
v -11.000389 2.196458 -4.565621
v -11.694140 2.176807 -4.731789
vt 0.111941 0.865917
vt 0.114216 0.851431
vt 0.127173 0.860384
vt 0.121738 0.868158
vt 0.102528 0.851431
vt 0.104150 0.861769
vt 0.127173 0.842479
vt 0.132607 0.851431
vt 0.140129 0.866662
vt 0.127173 0.874870
vt 0.114216 0.876076
vt 0.111941 0.836946
vt 0.104150 0.841094
vt 0.121738 0.834705
vt 0.140129 0.836200
vt 0.142404 0.851431
vt 0.142404 0.874870
vt 0.132607 0.878495
vt 0.114216 0.826787
vt 0.127173 0.827993
vt 0.151817 0.842479
vt 0.150195 0.851431
vt 0.151817 0.860384
vt 0.142404 0.827993
vt 0.132607 0.824367
vt 0.178437 0.840568
vt 0.191393 0.834290
vt 0.193668 0.849521
vt 0.183871 0.849521
vt 0.178437 0.826083
vt 0.173002 0.832794
vt 0.203081 0.840568
vt 0.201459 0.849521
vt 0.191393 0.864752
vt 0.178437 0.858474
vt 0.165480 0.849521
vt 0.193668 0.826083
vt 0.183871 0.822457
vt 0.163206 0.835035
vt 0.165480 0.824877
vt 0.203081 0.858474
vt 0.178437 0.872959
vt 0.173002 0.866248
vt 0.163206 0.864007
vt 0.153792 0.849521
vt 0.155414 0.839183
vt 0.193668 0.872959
vt 0.183871 0.876585
vt 0.165480 0.874166
vt 0.155414 0.859859
vt 0.915059 0.363605
vt 0.899648 0.361362
vt 0.907547 0.348582
vt 0.916221 0.353942
vt 0.902904 0.372891
vt 0.912908 0.371290
vt 0.890750 0.348582
vt 0.898873 0.343221
vt 0.915445 0.335802
vt 0.924344 0.348582
vt 0.887880 0.363605
vt 0.893512 0.371290
vt 0.928225 0.361362
vt 0.919701 0.372891
vt 0.900035 0.333558
vt 0.912189 0.324272
vt 0.902186 0.325873
vt 0.927213 0.333558
vt 0.921582 0.325873
vt 0.886868 0.335802
vt 0.895392 0.324272
vt 0.907547 0.397192
vt 0.899648 0.384412
vt 0.915059 0.382168
vt 0.916221 0.391831
vt 0.890750 0.397192
vt 0.898873 0.402553
vt 0.902904 0.372883
vt 0.912908 0.374483
vt 0.924344 0.397192
vt 0.915445 0.409972
vt 0.900035 0.412216
vt 0.887880 0.382168
vt 0.893512 0.374483
vt 0.919701 0.372883
vt 0.928225 0.384412
vt 0.912189 0.421501
vt 0.902186 0.419901
vt 0.927213 0.412216
vt 0.921582 0.419901
vt 0.895392 0.421501
vt 0.886868 0.409972
vt 0.193699 0.972586
vt 0.182730 0.980556
vt 0.178540 0.967661
vt 0.187568 0.965666
vt 0.193699 0.988525
vt 0.198386 0.980556
vt 0.169171 0.980556
vt 0.170064 0.971353
vt 0.178540 0.993451
vt 0.187568 0.995445
vt 0.170064 0.989758
vt 0.619635 0.995213
vt 0.615445 0.982318
vt 0.629004 0.982318
vt 0.628111 0.991520
vt 0.604476 0.990288
vt 0.610607 0.997208
vt 0.619635 0.969423
vt 0.628111 0.973116
vt 0.604476 0.974349
vt 0.599790 0.982318
vt 0.610607 0.967428
vn -0.247950 0.956129 -0.156004
vn -0.023782 0.999538 -0.018914
vn 0.038631 0.960698 -0.274893
vn -0.145152 0.938319 -0.313828
vn 0.157825 0.657565 -0.736682
vn 0.197996 0.435515 -0.878137
vn -0.063307 0.486547 -0.871358
vn -0.028091 0.640611 -0.767352
vn -0.585223 0.478226 -0.654839
vn -0.773103 0.420032 -0.475273
vn -0.650672 0.644675 -0.401274
vn -0.540667 0.632438 -0.554708
vn 0.240124 0.969954 -0.039100
vn 0.221030 0.948692 -0.226119
vn 0.726277 0.683677 -0.071466
vn 0.880773 0.466879 -0.079135
vn 0.791726 0.517228 -0.325031
vn 0.698483 0.667538 -0.257906
vn 0.424768 0.500372 -0.754454
vn 0.338092 0.650983 -0.679644
vn 0.078074 0.971106 0.225517
vn 0.250623 0.956500 0.149318
vn 0.269103 0.686926 0.675068
vn 0.331654 0.470781 0.817540
vn 0.536045 0.529733 0.657296
vn 0.438233 0.677406 0.590824
vn 0.831169 0.527636 0.175379
vn 0.728076 0.675346 0.117532
vn -0.223572 0.962562 0.153266
vn -0.097270 0.950953 0.293643
vn -0.581898 0.662821 0.471235
vn -0.690498 0.441828 0.572713
vn -0.477006 0.506780 0.718080
vn -0.449183 0.656577 0.605922
vn 0.072349 0.522340 0.849662
vn 0.090340 0.671859 0.735149
vn -0.341872 0.939717 0.007403
vn -0.847426 0.480089 -0.226680
vn -0.737387 0.633836 -0.233477
vn -0.803030 0.491803 0.336559
vn -0.693786 0.645341 0.319682
vn -0.741528 0.210770 -0.636956
vn -0.608832 0.306896 -0.731531
vn 0.066969 0.223659 -0.972364
vn -0.096257 0.315068 -0.944175
vn -0.217690 -0.263429 -0.939796
vn -0.331654 -0.470781 -0.817540
vn -0.504271 -0.267998 -0.820907
vn -0.375822 -0.163302 -0.912190
vn 0.368616 0.232204 -0.900113
vn 0.496240 0.331851 -0.802260
vn 0.937068 0.258316 -0.234897
vn 0.856631 0.348406 -0.380522
vn 0.834805 -0.230067 -0.500170
vn 0.690498 -0.441828 -0.572713
vn 0.633311 -0.239323 -0.735963
vn 0.756198 -0.131237 -0.641048
vn 0.961445 0.264748 0.074373
vn 0.904513 0.361040 0.226949
vn 0.504271 0.267997 0.820907
vn 0.614671 0.363100 0.700242
vn 0.741528 -0.210770 0.636956
vn 0.773103 -0.420032 0.475273
vn 0.903578 -0.211921 0.372339
vn 0.847682 -0.107099 0.519583
vn 0.217690 0.263428 0.939796
vn 0.051768 0.354125 0.933764
vn -0.633311 0.239323 0.735963
vn -0.487756 0.338843 0.804537
vn -0.368616 -0.232204 0.900113
vn -0.197996 -0.435515 0.878137
vn -0.066969 -0.223660 0.972364
vn -0.227798 -0.124245 0.965749
vn -0.834804 0.230068 0.500170
vn -0.883531 0.320663 0.341391
vn -0.903578 0.211921 -0.372339
vn -0.927133 0.309158 -0.211769
vn -0.961445 -0.264748 -0.074373
vn -0.880773 -0.466879 0.079135
vn -0.937068 -0.258316 0.234897
vn -0.983965 -0.158980 0.080865
vn -0.847681 0.107099 -0.519583
vn -0.536045 -0.529733 -0.657296
vn -0.614671 -0.363100 -0.700241
vn -0.831169 -0.527636 -0.175379
vn -0.904513 -0.361040 -0.226949
vn 0.227798 0.124245 -0.965749
vn 0.477006 -0.506780 -0.718081
vn 0.487756 -0.338843 -0.804537
vn -0.072348 -0.522340 -0.849662
vn -0.051767 -0.354126 -0.933764
vn 0.983965 0.158981 -0.080865
vn 0.847426 -0.480089 0.226680
vn 0.927133 -0.309158 0.211769
vn 0.803030 -0.491803 -0.336559
vn 0.883532 -0.320663 -0.341391
vn 0.375822 0.163302 0.912190
vn 0.063307 -0.486547 0.871358
vn 0.096256 -0.315069 0.944175
vn 0.585223 -0.478226 0.654839
vn 0.608832 -0.306896 0.731531
vn -0.756198 0.131237 0.641048
vn -0.791726 -0.517229 0.325031
vn -0.856631 -0.348406 0.380522
vn -0.424768 -0.500372 0.754454
vn -0.496240 -0.331851 0.802260
vn -0.726277 -0.683677 0.071466
vn -0.728076 -0.675346 -0.117532
vn -0.269103 -0.686926 -0.675068
vn -0.438233 -0.677406 -0.590824
vn -0.078074 -0.971106 -0.225517
vn 0.023782 -0.999538 0.018914
vn -0.240124 -0.969954 0.039100
vn -0.250623 -0.956500 -0.149318
vn -0.090340 -0.671859 -0.735149
vn 0.581898 -0.662821 -0.471235
vn 0.449183 -0.656577 -0.605922
vn 0.223572 -0.962562 -0.153266
vn 0.097270 -0.950953 -0.293643
vn 0.693786 -0.645341 -0.319681
vn 0.650672 -0.644675 0.401274
vn 0.737387 -0.633836 0.233477
vn 0.247950 -0.956129 0.156004
vn 0.341873 -0.939717 -0.007403
vn 0.540667 -0.632438 0.554708
vn -0.157825 -0.657564 0.736682
vn 0.028091 -0.640610 0.767352
vn -0.038631 -0.960698 0.274893
vn 0.145152 -0.938319 0.313828
vn -0.338092 -0.650983 0.679644
vn -0.698483 -0.667538 0.257906
vn -0.221031 -0.948691 0.226119
s 1
g BODY_ROBOT pasted__pPlatonic1
usemtl standardSurface5SG
f 143/373/297 129/374/298 141/375/299 144/376/300
s 2
f 141/335/301 131/332/302 142/331/303 144/336/304
s 3
f 142/331/305 130/343/306 143/344/307 144/336/308
s 1
f 141/375/299 129/374/298 145/379/309 147/380/310
s 4
f 145/285/311 132/282/312 146/281/313 147/286/314
s 2
f 146/341/315 131/332/302 141/335/301 147/342/316
s 1
f 145/379/309 129/374/298 148/381/317 150/383/318
s 5
f 148/358/319 133/353/320 149/363/321 150/364/322
s 4
f 149/292/323 132/282/312 145/285/311 150/293/324
s 1
f 148/381/317 129/374/298 151/377/325 153/382/326
s 6
f 151/365/327 134/366/328 152/354/329 153/359/330
s 5
f 152/354/331 133/353/320 148/358/319 153/359/332
s 1
f 151/377/325 129/374/298 143/373/297 155/378/333
s 3
f 143/321/307 130/314/306 154/308/334 155/313/335
s 6
f 154/308/336 134/307/328 151/312/327 155/313/337
s 3
f 157/322/338 130/314/306 142/327/305 158/328/339
s 2
f 142/331/303 131/332/302 156/333/340 158/334/341
s 7
f 156/333/342 136/339/343 157/340/344 158/334/345
s 2
f 160/290/346 131/291/302 146/281/315 161/284/347
s 4
f 146/281/313 132/282/312 159/283/348 161/284/349
s 8
f 159/283/350 137/289/351 160/290/352 161/284/353
s 4
f 163/287/354 132/282/312 149/292/323 164/294/355
s 5
f 149/292/321 133/299/320 162/300/356 164/294/357
s 9
f 162/300/358 138/295/359 163/287/360 164/294/361
s 5
f 166/352/362 133/353/320 152/354/331 167/355/363
s 6
f 152/317/329 134/307/328 165/310/364 167/318/365
s 10
f 165/360/366 139/361/367 166/352/368 167/355/369
s 6
f 169/306/370 134/307/328 154/308/336 170/309/371
s 3
f 154/308/334 130/314/306 168/315/372 170/309/373
s 11
f 168/315/374 135/316/375 169/306/376 170/309/377
s 3
f 168/315/372 130/314/306 157/322/338 172/323/378
s 7
f 157/322/344 136/329/343 171/324/379 172/323/380
s 11
f 171/324/381 135/316/375 168/315/374 172/323/382
s 2
f 156/333/340 131/332/302 160/337/346 174/338/383
s 8
f 160/290/352 137/289/351 173/297/384 174/298/385
s 7
f 173/345/386 136/339/343 156/333/342 174/338/387
s 4
f 159/283/348 132/282/312 163/287/354 176/288/388
s 9
f 163/287/360 138/295/359 175/296/389 176/288/390
s 8
f 175/296/391 137/289/351 159/283/350 176/288/392
s 5
f 162/356/356 133/353/320 166/352/362 178/357/393
s 10
f 166/352/368 139/361/367 177/362/394 178/357/395
s 9
f 177/304/396 138/295/359 162/300/358 178/305/397
s 6
f 165/310/364 134/307/328 169/306/370 180/311/398
s 11
f 169/306/376 135/316/375 179/319/399 180/311/400
s 10
f 179/319/401 139/320/367 165/310/366 180/311/402
s 11
f 182/325/403 135/316/375 171/324/381 183/330/404
s 7
f 171/348/379 136/339/343 181/346/405 183/349/406
s 12
f 181/384/407 140/385/408 182/386/409 183/387/410
s 7
f 181/346/405 136/339/343 173/345/386 185/347/411
s 8
f 173/345/384 137/350/351 184/351/412 185/347/413
s 12
f 184/388/414 140/385/408 181/384/407 185/389/415
s 8
f 184/303/412 137/289/351 175/296/391 187/302/416
s 9
f 175/296/389 138/295/359 186/301/417 187/302/418
s 12
f 186/392/419 140/385/408 184/388/414 187/393/420
s 9
f 186/371/417 138/372/359 177/362/396 189/368/421
s 10
f 177/362/394 139/361/367 188/367/422 189/368/423
s 12
f 188/390/424 140/385/408 186/392/419 189/394/425
s 10
f 188/367/422 139/361/367 179/369/401 190/370/426
s 11
f 179/319/399 135/316/375 182/325/403 190/326/427
s 12
f 182/386/409 140/385/408 188/390/424 190/391/428
g default
v 5.307434 5.518538 0.023018
v 5.310180 5.755816 -0.337762
v 5.314318 6.181373 -0.316276
v 5.315710 6.369652 0.065989
v 5.312965 6.132374 0.426768
v 5.308827 5.706817 0.405282
v 5.723326 5.433187 0.019404
v 5.726596 5.715781 -0.410278
v 5.731524 6.222613 -0.384689
v 5.733182 6.446850 0.070582
v 5.729912 6.164255 0.500264
v 5.724984 5.657424 0.474675
v 5.978780 5.217890 0.008964
v 5.983423 5.619123 -0.601108
v 5.990420 6.338732 -0.564776
v 5.992775 6.657109 0.081628
v 5.988132 6.255875 0.691700
v 5.981135 5.536266 0.655368
v 5.976223 4.954881 -0.004315
v 5.982562 5.502760 -0.837361
v 5.992117 6.485378 -0.787750
v 5.995332 6.920117 0.094907
v 5.988993 6.372238 0.927952
v 5.979438 5.389620 0.878342
v 5.716630 4.744622 -0.015360
v 5.724343 5.411140 -1.028796
v 5.735966 6.606537 -0.968442
v 5.739878 7.135415 0.105347
v 5.732165 6.468897 1.118782
v 5.720542 5.273500 1.058428
v 5.299158 4.667424 -0.019954
v 5.307395 5.379258 -1.102292
v 5.319809 6.655929 -1.037835
v 5.323986 7.220766 0.108960
v 5.315750 6.508931 1.191298
v 5.303336 5.232261 1.126841
v 4.883267 4.752774 -0.016340
v 4.890979 5.419293 -1.029776
v 4.902603 6.614689 -0.969422
v 4.906514 7.143568 0.104367
v 4.898802 6.477050 1.117802
v 4.887178 5.281653 1.057449
v 4.627812 4.968072 -0.005900
v 4.634152 5.515951 -0.838946
v 4.643706 6.498570 -0.789335
v 4.646922 6.933309 0.093321
v 4.640582 6.385430 0.926367
v 4.631028 5.402811 0.876756
v 4.630370 5.231081 0.007379
v 4.635012 5.632314 -0.602693
v 4.642010 6.351924 -0.566361
v 4.644364 6.670300 0.080042
v 4.639721 6.269067 0.690114
v 4.632724 5.549457 0.653782
v 4.889962 5.441340 0.018424
v 4.893232 5.723934 -0.411258
v 4.898160 6.230765 -0.385669
v 4.899819 6.455002 0.069602
v 4.896549 6.172408 0.499284
v 4.891621 5.665577 0.473695
vt 0.373721 0.959765
vt 0.373721 0.946223
vt 0.382912 0.943636
vt 0.382912 0.959765
vt 0.364529 0.959765
vt 0.364529 0.943636
vt 0.388593 0.936865
vt 0.388593 0.959765
vt 0.373721 0.973308
vt 0.382912 0.975894
vt 0.358848 0.959765
vt 0.358848 0.936865
vt 0.364529 0.975894
vt 0.388593 0.982665
vt 0.358848 0.982665
vt 0.835097 0.953431
vt 0.835097 0.939888
vt 0.844289 0.937302
vt 0.844289 0.953431
vt 0.825906 0.953431
vt 0.825906 0.937302
vt 0.849969 0.930530
vt 0.849969 0.953431
vt 0.835097 0.966973
vt 0.844289 0.969560
vt 0.820225 0.953431
vt 0.820225 0.930530
vt 0.825906 0.969560
vt 0.849969 0.976331
vt 0.820225 0.976331
vt 0.787670 0.851493
vt 0.787670 0.889173
vt 0.778566 0.891735
vt 0.778566 0.851493
vt 0.793297 0.851493
vt 0.793297 0.882466
vt 0.769461 0.889173
vt 0.769461 0.851493
vt 0.787670 0.813812
vt 0.778566 0.811251
vt 0.793297 0.820519
vt 0.763834 0.882466
vt 0.763834 0.851493
vt 0.769461 0.813812
vt 0.763834 0.820519
vt 0.223765 0.897276
vt 0.223765 0.934957
vt 0.214661 0.937518
vt 0.214661 0.897276
vt 0.229392 0.897276
vt 0.229392 0.928250
vt 0.205557 0.934957
vt 0.205557 0.897276
vt 0.223765 0.859596
vt 0.214661 0.857035
vt 0.229392 0.866303
vt 0.199930 0.928250
vt 0.199930 0.897276
vt 0.205557 0.859596
vt 0.199930 0.866303
vt 0.735253 0.243035
vt 0.755538 0.243035
vt 0.759245 0.249455
vt 0.731546 0.249455
vt 0.738252 0.237840
vt 0.752539 0.237840
vt 0.765680 0.225468
vt 0.773094 0.225468
vt 0.762244 0.254650
vt 0.728547 0.254650
vt 0.725111 0.225468
vt 0.717697 0.225468
vt 0.755538 0.207900
vt 0.759245 0.201480
vt 0.735253 0.207900
vt 0.731546 0.201480
vt 0.752539 0.213095
vt 0.738252 0.213095
vt 0.728547 0.196285
vt 0.762244 0.196285
vt 0.593133 0.277966
vt 0.620832 0.277966
vt 0.617125 0.284387
vt 0.596840 0.284387
vt 0.590134 0.272772
vt 0.623831 0.272772
vt 0.634681 0.301954
vt 0.627267 0.301954
vt 0.614126 0.289581
vt 0.599839 0.289581
vt 0.579284 0.301954
vt 0.586698 0.301954
vt 0.620832 0.325942
vt 0.617125 0.319521
vt 0.593133 0.325942
vt 0.596840 0.319521
vt 0.623831 0.331136
vt 0.590134 0.331136
vt 0.599839 0.314327
vt 0.614126 0.314327
vt 0.546492 0.304891
vt 0.546492 0.290907
vt 0.554712 0.289572
vt 0.554712 0.306227
vt 0.538273 0.306227
vt 0.538273 0.289572
vt 0.602883 0.290907
vt 0.602883 0.304891
vt 0.594663 0.306227
vt 0.594663 0.289572
vt 0.611103 0.289572
vt 0.611103 0.306227
vt 0.948385 0.330601
vt 0.948385 0.291319
vt 0.956605 0.289984
vt 0.956605 0.331937
vt 0.964825 0.291319
vt 0.964825 0.330601
vt 0.964825 0.333269
vt 0.964825 0.372551
vt 0.956605 0.373887
vt 0.956605 0.331933
vt 0.948385 0.372551
vt 0.948385 0.333269
vn 0.173450 0.822228 0.542085
vn 0.173450 0.822228 0.542085
vn 0.173450 0.822228 0.542085
vn 0.173450 0.822228 0.542085
vn 0.166543 -0.051335 0.984697
vn 0.166543 -0.051335 0.984697
vn 0.166543 -0.051335 0.984697
vn 0.166543 -0.051335 0.984697
vn 0.159024 -0.885904 0.435759
vn 0.159024 -0.885904 0.435759
vn 0.159024 -0.885904 0.435759
vn 0.159024 -0.885904 0.435759
vn 0.158605 -0.825477 -0.541694
vn 0.158605 -0.825477 -0.541694
vn 0.158605 -0.825477 -0.541694
vn 0.158605 -0.825477 -0.541694
vn 0.169831 0.048045 -0.984301
vn 0.169831 0.048045 -0.984301
vn 0.169831 0.048045 -0.984301
vn 0.169831 0.048045 -0.984301
vn 0.177350 0.882613 -0.435364
vn 0.177350 0.882613 -0.435364
vn 0.177350 0.882613 -0.435364
vn 0.177350 0.882613 -0.435364
vn 0.586773 0.674489 0.448065
vn 0.586773 0.674489 0.448065
vn 0.586773 0.674489 0.448065
vn 0.586773 0.674489 0.448065
vn 0.584410 -0.046584 0.810121
vn 0.584409 -0.046584 0.810121
vn 0.584409 -0.046584 0.810121
vn 0.584409 -0.046584 0.810121
vn 0.578227 -0.732747 0.358797
vn 0.578227 -0.732747 0.358797
vn 0.578227 -0.732747 0.358797
vn 0.578227 -0.732747 0.358797
vn 0.574517 -0.685850 -0.446699
vn 0.574517 -0.685850 -0.446699
vn 0.574517 -0.685850 -0.446699
vn 0.574517 -0.685850 -0.446699
vn 0.587112 0.035123 -0.808743
vn 0.587112 0.035123 -0.808743
vn 0.587112 0.035123 -0.808743
vn 0.587112 0.035123 -0.808743
vn 0.593294 0.721286 -0.357420
vn 0.593294 0.721286 -0.357420
vn 0.593294 0.721286 -0.357419
vn 0.593294 0.721286 -0.357419
vn 0.999952 -0.009782 0.001176
vn 0.999952 -0.009782 0.001176
vn 0.999952 -0.009782 0.001176
vn 0.999952 -0.009782 0.001176
vn 0.999952 -0.009783 0.001176
vn 0.999952 -0.009783 0.001176
vn 0.999952 -0.009783 0.001176
vn 0.999952 -0.009783 0.001176
vn 0.999952 -0.009783 0.001176
vn 0.999952 -0.009783 0.001176
vn 0.999952 -0.009783 0.001176
vn 0.999952 -0.009783 0.001176
vn 0.999952 -0.009783 0.001176
vn 0.999952 -0.009783 0.001176
vn 0.999952 -0.009783 0.001176
vn 0.999952 -0.009783 0.001176
vn 0.999952 -0.009782 0.001176
vn 0.999952 -0.009782 0.001176
vn 0.999952 -0.009782 0.001176
vn 0.999952 -0.009782 0.001176
vn 0.999952 -0.009782 0.001176
vn 0.999952 -0.009782 0.001176
vn 0.999952 -0.009782 0.001176
vn 0.999952 -0.009782 0.001176
vn 0.574517 -0.685850 -0.446699
vn 0.574517 -0.685850 -0.446699
vn 0.574517 -0.685850 -0.446699
vn 0.574517 -0.685850 -0.446699
vn 0.587113 0.035123 -0.808743
vn 0.587113 0.035123 -0.808743
vn 0.587113 0.035123 -0.808743
vn 0.587113 0.035123 -0.808743
vn 0.593295 0.721285 -0.357419
vn 0.593295 0.721285 -0.357419
vn 0.593295 0.721285 -0.357419
vn 0.593295 0.721285 -0.357419
vn 0.586773 0.674489 0.448065
vn 0.586773 0.674489 0.448064
vn 0.586773 0.674489 0.448065
vn 0.586773 0.674489 0.448065
vn 0.584410 -0.046584 0.810120
vn 0.584410 -0.046584 0.810120
vn 0.584410 -0.046584 0.810120
vn 0.584410 -0.046584 0.810120
vn 0.578228 -0.732746 0.358797
vn 0.578228 -0.732746 0.358797
vn 0.578228 -0.732746 0.358797
vn 0.578228 -0.732746 0.358797
vn 0.158605 -0.825477 -0.541694
vn 0.158605 -0.825477 -0.541694
vn 0.158605 -0.825477 -0.541694
vn 0.158605 -0.825477 -0.541694
vn 0.169831 0.048044 -0.984301
vn 0.169831 0.048044 -0.984301
vn 0.169831 0.048044 -0.984301
vn 0.169831 0.048044 -0.984301
vn 0.177350 0.882613 -0.435364
vn 0.177350 0.882613 -0.435364
vn 0.177350 0.882613 -0.435364
vn 0.177350 0.882613 -0.435364
vn 0.173450 0.822228 0.542085
vn 0.173450 0.822228 0.542085
vn 0.173450 0.822228 0.542085
vn 0.173450 0.822228 0.542085
vn 0.166543 -0.051335 0.984697
vn 0.166543 -0.051335 0.984697
vn 0.166543 -0.051335 0.984697
vn 0.166543 -0.051335 0.984697
vn 0.159024 -0.885904 0.435759
vn 0.159024 -0.885904 0.435759
vn 0.159024 -0.885904 0.435759
vn 0.159024 -0.885904 0.435759
vn -0.173450 -0.822228 -0.542085
vn -0.173450 -0.822228 -0.542085
vn -0.173450 -0.822228 -0.542085
vn -0.173450 -0.822228 -0.542085
vn -0.166543 0.051335 -0.984697
vn -0.166543 0.051335 -0.984697
vn -0.166543 0.051335 -0.984697
vn -0.166543 0.051335 -0.984697
vn -0.159024 0.885904 -0.435759
vn -0.159024 0.885904 -0.435759
vn -0.159024 0.885904 -0.435759
vn -0.159024 0.885904 -0.435759
vn -0.158605 0.825477 0.541694
vn -0.158605 0.825477 0.541694
vn -0.158605 0.825477 0.541694
vn -0.158605 0.825477 0.541694
vn -0.169831 -0.048045 0.984301
vn -0.169831 -0.048045 0.984301
vn -0.169831 -0.048045 0.984301
vn -0.169831 -0.048045 0.984301
vn -0.177350 -0.882613 0.435364
vn -0.177350 -0.882613 0.435364
vn -0.177350 -0.882613 0.435364
vn -0.177350 -0.882613 0.435364
vn -0.586773 -0.674489 -0.448065
vn -0.586773 -0.674489 -0.448065
vn -0.586773 -0.674489 -0.448065
vn -0.586773 -0.674489 -0.448065
vn -0.584410 0.046584 -0.810121
vn -0.584410 0.046584 -0.810121
vn -0.584410 0.046584 -0.810121
vn -0.584410 0.046584 -0.810121
vn -0.578228 0.732747 -0.358797
vn -0.578228 0.732747 -0.358797
vn -0.578228 0.732747 -0.358797
vn -0.578228 0.732747 -0.358797
vn -0.574517 0.685850 0.446699
vn -0.574517 0.685850 0.446699
vn -0.574517 0.685850 0.446699
vn -0.574517 0.685850 0.446699
vn -0.587112 -0.035123 0.808743
vn -0.587112 -0.035123 0.808743
vn -0.587112 -0.035124 0.808743
vn -0.587112 -0.035123 0.808743
vn -0.593295 -0.721285 0.357419
vn -0.593295 -0.721285 0.357419
vn -0.593295 -0.721285 0.357419
vn -0.593295 -0.721285 0.357419
vn -0.999952 0.009782 -0.001176
vn -0.999952 0.009782 -0.001176
vn -0.999952 0.009782 -0.001176
vn -0.999952 0.009782 -0.001176
vn -0.999952 0.009783 -0.001176
vn -0.999952 0.009783 -0.001176
vn -0.999952 0.009783 -0.001176
vn -0.999952 0.009783 -0.001176
vn -0.999952 0.009783 -0.001176
vn -0.999952 0.009783 -0.001176
vn -0.999952 0.009783 -0.001176
vn -0.999952 0.009783 -0.001176
vn -0.999952 0.009783 -0.001175
vn -0.999952 0.009783 -0.001175
vn -0.999952 0.009783 -0.001175
vn -0.999952 0.009783 -0.001175
vn -0.999952 0.009783 -0.001175
vn -0.999952 0.009783 -0.001175
vn -0.999952 0.009783 -0.001175
vn -0.999952 0.009783 -0.001175
vn -0.999952 0.009782 -0.001176
vn -0.999952 0.009782 -0.001176
vn -0.999952 0.009782 -0.001176
vn -0.999952 0.009782 -0.001176
vn -0.574517 0.685850 0.446699
vn -0.574517 0.685850 0.446699
vn -0.574517 0.685850 0.446699
vn -0.574517 0.685850 0.446699
vn -0.587112 -0.035123 0.808743
vn -0.587112 -0.035123 0.808743
vn -0.587112 -0.035123 0.808743
vn -0.587112 -0.035123 0.808743
vn -0.593295 -0.721286 0.357419
vn -0.593295 -0.721286 0.357419
vn -0.593295 -0.721286 0.357420
vn -0.593295 -0.721286 0.357420
vn -0.586773 -0.674489 -0.448065
vn -0.586773 -0.674489 -0.448065
vn -0.586773 -0.674489 -0.448065
vn -0.586773 -0.674489 -0.448065
vn -0.584410 0.046584 -0.810121
vn -0.584410 0.046584 -0.810120
vn -0.584410 0.046584 -0.810121
vn -0.584410 0.046584 -0.810121
vn -0.578228 0.732747 -0.358797
vn -0.578228 0.732747 -0.358797
vn -0.578228 0.732747 -0.358797
vn -0.578228 0.732747 -0.358797
vn -0.158605 0.825477 0.541694
vn -0.158605 0.825477 0.541694
vn -0.158605 0.825477 0.541694
vn -0.158605 0.825477 0.541694
vn -0.169831 -0.048044 0.984301
vn -0.169831 -0.048044 0.984301
vn -0.169831 -0.048044 0.984301
vn -0.169831 -0.048044 0.984301
vn -0.177350 -0.882613 0.435364
vn -0.177350 -0.882613 0.435364
vn -0.177350 -0.882613 0.435364
vn -0.177350 -0.882613 0.435364
vn -0.173450 -0.822228 -0.542085
vn -0.173450 -0.822228 -0.542085
vn -0.173450 -0.822228 -0.542085
vn -0.173450 -0.822228 -0.542085
vn -0.166543 0.051335 -0.984697
vn -0.166543 0.051335 -0.984697
vn -0.166543 0.051335 -0.984697
vn -0.166543 0.051335 -0.984697
vn -0.159024 0.885904 -0.435759
vn -0.159024 0.885904 -0.435759
vn -0.159024 0.885904 -0.435759
vn -0.159024 0.885904 -0.435759
s off
g BODY_ROBOT pasted__pTorus2
usemtl standardSurface5SG
f 192/495/429 191/496/430 197/497/431 198/498/432
f 193/395/433 192/396/434 198/397/435 199/398/436
f 194/403/437 193/395/438 199/398/439 200/404/440
f 195/501/441 194/502/442 200/503/443 201/504/444
f 196/410/445 195/411/446 201/412/447 202/413/448
f 191/418/449 196/410/450 202/413/451 197/419/452
f 198/459/453 197/460/454 203/456/455 204/455/456
f 199/398/457 198/397/458 204/401/459 205/402/460
f 200/404/461 199/398/462 205/402/463 206/408/464
f 201/471/465 200/472/466 206/469/467 207/467/468
f 202/413/469 201/412/470 207/416/471 208/417/472
f 197/419/473 202/413/474 208/417/475 203/423/476
f 204/455/477 203/456/478 209/457/479 210/458/480
f 205/465/481 204/455/482 210/458/483 211/466/484
f 206/469/485 205/465/486 211/466/487 212/470/488
f 207/467/489 206/469/490 212/470/491 213/468/492
f 208/461/493 207/467/494 213/468/495 214/462/496
f 203/456/497 208/461/498 214/462/499 209/457/500
f 210/458/501 209/457/502 215/463/503 216/464/504
f 211/429/505 210/430/506 216/426/507 217/425/508
f 212/435/509 211/429/510 217/425/511 218/433/512
f 213/468/513 212/470/514 218/473/515 219/474/516
f 214/444/517 213/445/518 219/441/519 220/440/520
f 209/450/521 214/444/522 220/440/523 215/448/524
f 216/507/525 215/508/526 221/509/527 222/510/528
f 217/425/529 216/426/530 222/427/531 223/428/532
f 218/433/533 217/425/534 223/428/535 224/434/536
f 219/513/537 218/514/538 224/515/539 225/516/540
f 220/440/541 219/441/542 225/442/543 226/443/544
f 215/448/545 220/440/546 226/443/547 221/449/548
f 222/510/549 221/509/550 227/511/551 228/512/552
f 223/428/553 222/427/554 228/431/555 229/432/556
f 224/434/557 223/428/558 229/432/559 230/438/560
f 225/516/561 224/515/562 230/517/563 231/518/564
f 226/443/565 225/442/566 231/446/567 232/447/568
f 221/449/569 226/443/570 232/447/571 227/453/572
f 228/479/573 227/480/574 233/476/575 234/475/576
f 229/432/577 228/431/578 234/436/579 235/437/580
f 230/438/581 229/432/582 235/437/583 236/439/584
f 231/491/585 230/492/586 236/489/587 237/487/588
f 232/447/589 231/446/590 237/451/591 238/452/592
f 227/453/593 232/447/594 238/452/595 233/454/596
f 234/475/597 233/476/598 239/477/599 240/478/600
f 235/485/601 234/475/602 240/478/603 241/486/604
f 236/489/605 235/485/606 241/486/607 242/490/608
f 237/487/609 236/489/610 242/490/611 243/488/612
f 238/481/613 237/487/614 243/488/615 244/482/616
f 233/476/617 238/481/618 244/482/619 239/477/620
f 240/478/621 239/477/622 245/483/623 246/484/624
f 241/405/625 240/406/626 246/400/627 247/399/628
f 242/409/629 241/405/630 247/399/631 248/407/632
f 243/488/633 242/490/634 248/493/635 249/494/636
f 244/420/637 243/421/638 249/415/639 250/414/640
f 239/424/641 244/420/642 250/414/643 245/422/644
f 246/499/645 245/500/646 191/496/647 192/495/648
f 247/399/649 246/400/650 192/396/651 193/395/652
f 248/407/653 247/399/654 193/395/655 194/403/656
f 249/505/657 248/506/658 194/502/659 195/501/660
f 250/414/661 249/415/662 195/411/663 196/410/664
f 245/422/665 250/414/666 196/410/667 191/418/668
g default
v -8.787273 6.151955 0.340013
v -8.455047 6.058073 0.212847
v -8.415279 5.873801 -0.079431
v -8.707738 5.783412 -0.244543
v -9.039964 5.877295 -0.117377
v -9.079732 6.061566 0.174902
v -8.779494 6.540342 0.175248
v -8.383818 6.428530 0.023795
v -8.336455 6.209066 -0.324303
v -8.684768 6.101414 -0.520948
v -9.080444 6.213227 -0.369495
v -9.127807 6.432691 -0.021397
v -8.789876 6.850764 0.185058
v -8.228087 6.692010 -0.029978
v -8.160840 6.380410 -0.524215
v -8.655382 6.227564 -0.803417
v -9.217171 6.386318 -0.588380
v -9.284418 6.697918 -0.094143
v -8.814454 6.964650 0.365696
v -8.047338 6.747874 0.072067
v -7.955513 6.322388 -0.602809
v -8.630804 6.113678 -0.984055
v -9.397921 6.330455 -0.690425
v -9.489745 6.755941 -0.015550
v -8.843840 6.838500 0.648164
v -7.910610 6.574782 0.290952
v -7.798901 6.057160 -0.530063
v -8.620422 5.803256 -0.993865
v -9.553652 6.066974 -0.636652
v -9.665361 6.584596 0.184363
v -8.866809 6.520498 0.924570
v -7.870130 6.238850 0.543071
v -7.750826 5.686036 -0.333764
v -8.628202 5.414869 -0.829099
v -9.624881 5.696517 -0.447600
v -9.744185 6.249332 0.429235
v -8.874589 6.132111 1.089335
v -7.941359 5.868393 0.732122
v -7.829650 5.350771 -0.088892
v -8.651171 5.096868 -0.552694
v -9.584401 5.360586 -0.195481
v -9.696109 5.878207 0.625533
v -8.864207 5.821689 1.079525
v -8.097090 5.604913 0.785896
v -8.005265 5.179427 0.111020
v -8.680557 4.970717 -0.270226
v -9.447674 5.187494 0.023404
v -9.539498 5.612980 0.698279
v -8.839629 5.707803 0.898887
v -8.277839 5.549049 0.683851
v -8.210593 5.237449 0.189614
v -8.705135 5.084603 -0.089588
v -9.266924 5.243357 0.125449
v -9.334171 5.554957 0.619686
v -8.810243 5.833954 0.616419
v -8.414567 5.722141 0.464966
v -8.367204 5.502677 0.116868
v -8.715517 5.395025 -0.079778
v -9.111193 5.506838 0.071675
v -9.158556 5.726302 0.419774
vt 0.946252 0.658231
vt 0.946252 0.646169
vt 0.954438 0.643866
vt 0.954438 0.658231
vt 0.938065 0.658231
vt 0.938065 0.643866
vt 0.959498 0.637835
vt 0.959498 0.658231
vt 0.946252 0.670293
vt 0.954438 0.672597
vt 0.933006 0.658231
vt 0.933006 0.637835
vt 0.938065 0.672597
vt 0.959498 0.678627
vt 0.933006 0.678627
vt 0.951378 0.698023
vt 0.951378 0.685962
vt 0.959565 0.683658
vt 0.959565 0.698023
vt 0.943192 0.698023
vt 0.943192 0.683658
vt 0.964625 0.677627
vt 0.964625 0.698023
vt 0.951378 0.710085
vt 0.959565 0.712389
vt 0.938132 0.698023
vt 0.938132 0.677627
vt 0.943192 0.712389
vt 0.964625 0.718420
vt 0.938132 0.718420
vt 0.928655 0.229193
vt 0.928655 0.262835
vt 0.920526 0.265122
vt 0.920526 0.229193
vt 0.933679 0.229193
vt 0.933679 0.256847
vt 0.912398 0.262835
vt 0.912398 0.229193
vt 0.928655 0.195551
vt 0.920526 0.193264
vt 0.933679 0.201539
vt 0.907374 0.256847
vt 0.907374 0.229193
vt 0.912398 0.195551
vt 0.907374 0.201539
vt 0.251969 0.922868
vt 0.251969 0.956510
vt 0.243841 0.958797
vt 0.243841 0.922868
vt 0.256993 0.922868
vt 0.256993 0.950521
vt 0.235712 0.956510
vt 0.235712 0.922868
vt 0.251969 0.889226
vt 0.243841 0.886939
vt 0.256993 0.895214
vt 0.230688 0.950521
vt 0.230688 0.922868
vt 0.235712 0.889226
vt 0.230688 0.895214
vt 0.445680 0.877111
vt 0.463083 0.877111
vt 0.466263 0.882619
vt 0.442500 0.882619
vt 0.448253 0.872654
vt 0.460510 0.872654
vt 0.471785 0.862040
vt 0.478145 0.862040
vt 0.468836 0.887076
vt 0.439927 0.887076
vt 0.436979 0.862040
vt 0.430618 0.862040
vt 0.463083 0.846968
vt 0.466263 0.841460
vt 0.445680 0.846968
vt 0.442500 0.841460
vt 0.460510 0.851424
vt 0.448253 0.851424
vt 0.439927 0.837003
vt 0.468836 0.837003
vt 0.278455 0.840395
vt 0.302218 0.840395
vt 0.299038 0.845904
vt 0.281635 0.845904
vt 0.275882 0.835939
vt 0.304791 0.835939
vt 0.314100 0.860975
vt 0.307740 0.860975
vt 0.296465 0.850360
vt 0.284208 0.850360
vt 0.266573 0.860975
vt 0.272934 0.860975
vt 0.302218 0.881555
vt 0.299038 0.876046
vt 0.278455 0.881555
vt 0.281635 0.876046
vt 0.304791 0.886011
vt 0.275882 0.886011
vt 0.284208 0.871590
vt 0.296465 0.871590
vt 0.069085 0.475348
vt 0.069085 0.462472
vt 0.076654 0.461242
vt 0.076654 0.476578
vt 0.061517 0.476578
vt 0.061517 0.461242
vt 0.848299 0.327227
vt 0.848299 0.340104
vt 0.840731 0.341333
vt 0.840731 0.325998
vt 0.855868 0.325998
vt 0.855868 0.341333
vt 0.840731 0.325165
vt 0.840731 0.288995
vt 0.848299 0.287766
vt 0.848299 0.326395
vt 0.855868 0.288995
vt 0.855868 0.325165
vt 0.179182 0.434922
vt 0.179182 0.471092
vt 0.171614 0.472322
vt 0.171614 0.433692
vt 0.164045 0.471092
vt 0.164045 0.434922
vn -0.419235 -0.347433 -0.838768
vn -0.419235 -0.347433 -0.838768
vn -0.419235 -0.347433 -0.838768
vn -0.419235 -0.347432 -0.838768
vn -0.977517 0.090847 -0.190279
vn -0.977517 0.090847 -0.190279
vn -0.977518 0.090847 -0.190279
vn -0.977518 0.090847 -0.190279
vn -0.529284 0.578052 0.621059
vn -0.529284 0.578052 0.621059
vn -0.529284 0.578052 0.621059
vn -0.529284 0.578052 0.621059
vn 0.429128 0.574690 0.696836
vn 0.429128 0.574690 0.696836
vn 0.429128 0.574690 0.696836
vn 0.429128 0.574690 0.696836
vn 0.987971 0.149296 0.040299
vn 0.987971 0.149296 0.040299
vn 0.987971 0.149296 0.040299
vn 0.987971 0.149296 0.040299
vn 0.539738 -0.337908 -0.771039
vn 0.539737 -0.337908 -0.771039
vn 0.539737 -0.337908 -0.771039
vn 0.539737 -0.337908 -0.771039
vn -0.353041 0.017754 -0.935439
vn -0.353041 0.017754 -0.935439
vn -0.353041 0.017754 -0.935439
vn -0.353041 0.017754 -0.935439
vn -0.829823 0.414139 -0.374008
vn -0.829823 0.414139 -0.374008
vn -0.829823 0.414139 -0.374008
vn -0.829823 0.414139 -0.374008
vn -0.442614 0.835014 0.326871
vn -0.442614 0.835014 0.326871
vn -0.442614 0.835014 0.326871
vn -0.442614 0.835014 0.326871
vn 0.389731 0.825105 0.409037
vn 0.389731 0.825105 0.409037
vn 0.389731 0.825105 0.409037
vn 0.389731 0.825105 0.409037
vn 0.868076 0.464631 -0.174822
vn 0.868076 0.464631 -0.174822
vn 0.868076 0.464631 -0.174822
vn 0.868076 0.464631 -0.174822
vn 0.480867 0.043756 -0.875701
vn 0.480867 0.043756 -0.875701
vn 0.480867 0.043756 -0.875701
vn 0.480867 0.043756 -0.875701
vn 0.036895 0.847595 -0.529360
vn 0.036895 0.847595 -0.529360
vn 0.036895 0.847595 -0.529360
vn 0.036895 0.847595 -0.529360
vn 0.036895 0.847595 -0.529360
vn 0.036895 0.847595 -0.529360
vn 0.036895 0.847595 -0.529360
vn 0.036895 0.847595 -0.529360
vn 0.036895 0.847595 -0.529360
vn 0.036895 0.847595 -0.529360
vn 0.036895 0.847595 -0.529360
vn 0.036895 0.847595 -0.529360
vn 0.036896 0.847595 -0.529359
vn 0.036896 0.847595 -0.529359
vn 0.036896 0.847595 -0.529359
vn 0.036896 0.847595 -0.529359
vn 0.036896 0.847595 -0.529360
vn 0.036896 0.847595 -0.529360
vn 0.036896 0.847595 -0.529360
vn 0.036896 0.847595 -0.529360
vn 0.036896 0.847595 -0.529360
vn 0.036896 0.847595 -0.529360
vn 0.036896 0.847595 -0.529360
vn 0.036896 0.847595 -0.529360
vn 0.389731 0.825105 0.409037
vn 0.389731 0.825105 0.409037
vn 0.389731 0.825105 0.409037
vn 0.389731 0.825105 0.409037
vn 0.868076 0.464631 -0.174822
vn 0.868076 0.464631 -0.174822
vn 0.868076 0.464631 -0.174822
vn 0.868076 0.464631 -0.174822
vn 0.480866 0.043757 -0.875701
vn 0.480866 0.043757 -0.875701
vn 0.480866 0.043757 -0.875701
vn 0.480866 0.043757 -0.875701
vn -0.353041 0.017754 -0.935439
vn -0.353041 0.017754 -0.935439
vn -0.353041 0.017754 -0.935439
vn -0.353041 0.017754 -0.935439
vn -0.829823 0.414140 -0.374008
vn -0.829823 0.414140 -0.374008
vn -0.829823 0.414140 -0.374008
vn -0.829823 0.414140 -0.374008
vn -0.442614 0.835014 0.326871
vn -0.442614 0.835014 0.326871
vn -0.442614 0.835014 0.326871
vn -0.442614 0.835014 0.326871
vn 0.429128 0.574690 0.696836
vn 0.429128 0.574690 0.696836
vn 0.429128 0.574690 0.696836
vn 0.429128 0.574690 0.696836
vn 0.987971 0.149296 0.040299
vn 0.987971 0.149296 0.040299
vn 0.987971 0.149296 0.040299
vn 0.987971 0.149296 0.040299
vn 0.539737 -0.337908 -0.771039
vn 0.539737 -0.337908 -0.771039
vn 0.539737 -0.337908 -0.771039
vn 0.539737 -0.337908 -0.771039
vn -0.419235 -0.347433 -0.838768
vn -0.419235 -0.347433 -0.838768
vn -0.419235 -0.347433 -0.838768
vn -0.419235 -0.347433 -0.838768
vn -0.977518 0.090847 -0.190279
vn -0.977518 0.090847 -0.190279
vn -0.977518 0.090847 -0.190279
vn -0.977518 0.090847 -0.190279
vn -0.529284 0.578052 0.621059
vn -0.529284 0.578052 0.621059
vn -0.529284 0.578052 0.621059
vn -0.529284 0.578052 0.621059
vn 0.419235 0.347433 0.838768
vn 0.419235 0.347433 0.838768
vn 0.419235 0.347433 0.838768
vn 0.419235 0.347433 0.838768
vn 0.977518 -0.090847 0.190279
vn 0.977518 -0.090847 0.190279
vn 0.977518 -0.090847 0.190279
vn 0.977518 -0.090847 0.190279
vn 0.529284 -0.578052 -0.621059
vn 0.529284 -0.578052 -0.621059
vn 0.529284 -0.578052 -0.621059
vn 0.529284 -0.578052 -0.621059
vn -0.429128 -0.574690 -0.696836
vn -0.429128 -0.574690 -0.696836
vn -0.429128 -0.574690 -0.696836
vn -0.429128 -0.574690 -0.696836
vn -0.987971 -0.149296 -0.040299
vn -0.987971 -0.149296 -0.040299
vn -0.987971 -0.149296 -0.040299
vn -0.987971 -0.149296 -0.040299
vn -0.539738 0.337908 0.771039
vn -0.539737 0.337908 0.771039
vn -0.539738 0.337908 0.771039
vn -0.539738 0.337908 0.771039
vn 0.353041 -0.017754 0.935439
vn 0.353041 -0.017754 0.935439
vn 0.353041 -0.017754 0.935439
vn 0.353041 -0.017754 0.935439
vn 0.829823 -0.414139 0.374008
vn 0.829823 -0.414139 0.374008
vn 0.829823 -0.414139 0.374008
vn 0.829823 -0.414139 0.374008
vn 0.442614 -0.835014 -0.326871
vn 0.442614 -0.835014 -0.326871
vn 0.442614 -0.835014 -0.326871
vn 0.442614 -0.835014 -0.326871
vn -0.389731 -0.825105 -0.409037
vn -0.389731 -0.825105 -0.409037
vn -0.389731 -0.825105 -0.409037
vn -0.389731 -0.825105 -0.409037
vn -0.868076 -0.464631 0.174822
vn -0.868076 -0.464631 0.174822
vn -0.868076 -0.464631 0.174822
vn -0.868076 -0.464631 0.174822
vn -0.480867 -0.043756 0.875701
vn -0.480866 -0.043757 0.875701
vn -0.480867 -0.043757 0.875701
vn -0.480866 -0.043757 0.875701
vn -0.036895 -0.847595 0.529360
vn -0.036895 -0.847595 0.529360
vn -0.036895 -0.847595 0.529360
vn -0.036895 -0.847595 0.529360
vn -0.036895 -0.847595 0.529360
vn -0.036895 -0.847595 0.529360
vn -0.036895 -0.847595 0.529360
vn -0.036895 -0.847595 0.529360
vn -0.036895 -0.847595 0.529360
vn -0.036895 -0.847595 0.529360
vn -0.036895 -0.847595 0.529360
vn -0.036895 -0.847595 0.529360
vn -0.036896 -0.847595 0.529359
vn -0.036896 -0.847595 0.529359
vn -0.036896 -0.847595 0.529359
vn -0.036896 -0.847595 0.529359
vn -0.036896 -0.847595 0.529360
vn -0.036896 -0.847595 0.529360
vn -0.036896 -0.847595 0.529360
vn -0.036896 -0.847595 0.529360
vn -0.036896 -0.847595 0.529360
vn -0.036896 -0.847595 0.529360
vn -0.036896 -0.847595 0.529360
vn -0.036896 -0.847595 0.529360
vn -0.389731 -0.825105 -0.409037
vn -0.389731 -0.825105 -0.409037
vn -0.389731 -0.825105 -0.409037
vn -0.389731 -0.825105 -0.409037
vn -0.868076 -0.464631 0.174822
vn -0.868076 -0.464631 0.174822
vn -0.868076 -0.464631 0.174822
vn -0.868076 -0.464631 0.174822
vn -0.480867 -0.043756 0.875701
vn -0.480866 -0.043756 0.875701
vn -0.480867 -0.043756 0.875701
vn -0.480867 -0.043756 0.875701
vn 0.353041 -0.017754 0.935439
vn 0.353041 -0.017754 0.935439
vn 0.353041 -0.017754 0.935439
vn 0.353041 -0.017754 0.935439
vn 0.829823 -0.414139 0.374008
vn 0.829823 -0.414139 0.374008
vn 0.829823 -0.414139 0.374008
vn 0.829823 -0.414139 0.374008
vn 0.442614 -0.835014 -0.326871
vn 0.442614 -0.835014 -0.326871
vn 0.442614 -0.835014 -0.326871
vn 0.442614 -0.835014 -0.326871
vn -0.429128 -0.574690 -0.696836
vn -0.429128 -0.574690 -0.696836
vn -0.429128 -0.574690 -0.696836
vn -0.429128 -0.574690 -0.696836
vn -0.987971 -0.149296 -0.040299
vn -0.987971 -0.149296 -0.040299
vn -0.987971 -0.149296 -0.040299
vn -0.987971 -0.149296 -0.040299
vn -0.539738 0.337908 0.771039
vn -0.539738 0.337908 0.771039
vn -0.539737 0.337908 0.771039
vn -0.539737 0.337908 0.771039
vn 0.419235 0.347433 0.838768
vn 0.419235 0.347433 0.838768
vn 0.419235 0.347433 0.838768
vn 0.419235 0.347433 0.838768
vn 0.977518 -0.090847 0.190279
vn 0.977518 -0.090847 0.190279
vn 0.977518 -0.090847 0.190279
vn 0.977518 -0.090847 0.190279
vn 0.529284 -0.578052 -0.621059
vn 0.529284 -0.578052 -0.621059
vn 0.529284 -0.578052 -0.621059
vn 0.529284 -0.578052 -0.621059
s off
g BODY_ROBOT pasted__pTorus3
usemtl standardSurface5SG
f 252/619/669 251/620/670 257/621/671 258/622/672
f 253/519/673 252/520/674 258/521/675 259/522/676
f 254/527/677 253/519/678 259/522/679 260/528/680
f 255/625/681 254/626/682 260/627/683 261/628/684
f 256/534/685 255/535/686 261/536/687 262/537/688
f 251/542/689 256/534/690 262/537/691 257/543/692
f 258/583/693 257/584/694 263/580/695 264/579/696
f 259/522/697 258/521/698 264/525/699 265/526/700
f 260/528/701 259/522/702 265/526/703 266/532/704
f 261/595/705 260/596/706 266/593/707 267/591/708
f 262/537/709 261/536/710 267/540/711 268/541/712
f 257/543/713 262/537/714 268/541/715 263/547/716
f 264/579/717 263/580/718 269/581/719 270/582/720
f 265/589/721 264/579/722 270/582/723 271/590/724
f 266/593/725 265/589/726 271/590/727 272/594/728
f 267/591/729 266/593/730 272/594/731 273/592/732
f 268/585/733 267/591/734 273/592/735 274/586/736
f 263/580/737 268/585/738 274/586/739 269/581/740
f 270/582/741 269/581/742 275/587/743 276/588/744
f 271/553/745 270/554/746 276/550/747 277/549/748
f 272/559/749 271/553/750 277/549/751 278/557/752
f 273/592/753 272/594/754 278/597/755 279/598/756
f 274/568/757 273/569/758 279/565/759 280/564/760
f 269/574/761 274/568/762 280/564/763 275/572/764
f 276/631/765 275/632/766 281/633/767 282/634/768
f 277/549/769 276/550/770 282/551/771 283/552/772
f 278/557/773 277/549/774 283/552/775 284/558/776
f 279/637/777 278/638/778 284/639/779 285/640/780
f 280/564/781 279/565/782 285/566/783 286/567/784
f 275/572/785 280/564/786 286/567/787 281/573/788
f 282/634/789 281/633/790 287/635/791 288/636/792
f 283/552/793 282/551/794 288/555/795 289/556/796
f 284/558/797 283/552/798 289/556/799 290/562/800
f 285/640/801 284/639/802 290/641/803 291/642/804
f 286/567/805 285/566/806 291/570/807 292/571/808
f 281/573/809 286/567/810 292/571/811 287/577/812
f 288/603/813 287/604/814 293/600/815 294/599/816
f 289/556/817 288/555/818 294/560/819 295/561/820
f 290/562/821 289/556/822 295/561/823 296/563/824
f 291/615/825 290/616/826 296/613/827 297/611/828
f 292/571/829 291/570/830 297/575/831 298/576/832
f 287/577/833 292/571/834 298/576/835 293/578/836
f 294/599/837 293/600/838 299/601/839 300/602/840
f 295/609/841 294/599/842 300/602/843 301/610/844
f 296/613/845 295/609/846 301/610/847 302/614/848
f 297/611/849 296/613/850 302/614/851 303/612/852
f 298/605/853 297/611/854 303/612/855 304/606/856
f 293/600/857 298/605/858 304/606/859 299/601/860
f 300/602/861 299/601/862 305/607/863 306/608/864
f 301/529/865 300/530/866 306/524/867 307/523/868
f 302/533/869 301/529/870 307/523/871 308/531/872
f 303/612/873 302/614/874 308/617/875 309/618/876
f 304/544/877 303/545/878 309/539/879 310/538/880
f 299/548/881 304/544/882 310/538/883 305/546/884
f 306/623/885 305/624/886 251/620/887 252/619/888
f 307/523/889 306/524/890 252/520/891 253/519/892
f 308/531/893 307/523/894 253/519/895 254/527/896
f 309/629/897 308/630/898 254/626/899 255/625/900
f 310/538/901 309/539/902 255/535/903 256/534/904
f 305/546/905 310/538/906 256/534/907 251/542/908
g default
v -9.267803 6.242481 -0.736790
v -8.768423 6.110610 -0.905467
v -8.554709 5.477795 -0.653131
v -8.840375 4.976851 -0.232117
v -9.339755 5.108723 -0.063440
v -9.553469 5.741538 -0.315777
v -11.259378 3.937369 -4.830853
v -10.759998 3.805498 -4.999531
v -10.546283 3.172683 -4.747194
v -10.831949 2.671740 -4.326181
v -11.331330 2.803611 -4.157504
v -11.545044 3.436426 -4.409840
v -9.054089 5.609666 -0.484454
v -11.045663 3.304555 -4.578517
vt 0.865082 0.659880
vt 0.879181 0.659880
vt 0.879181 0.822678
vt 0.865082 0.822678
vt 0.850983 0.659880
vt 0.850983 0.822678
vt 0.645927 0.764723
vt 0.660026 0.764723
vt 0.660026 0.927522
vt 0.645927 0.927522
vt 0.674125 0.764723
vt 0.674125 0.927522
vt 0.066643 0.989812
vt 0.066643 0.973657
vt 0.080633 0.981734
vt 0.080633 0.965580
vt 0.080633 0.997889
vt 0.094624 0.973657
vt 0.094624 0.989812
vt 0.566253 0.967364
vt 0.566253 0.983519
vt 0.552263 0.975442
vt 0.552263 0.991596
vt 0.552263 0.959287
vt 0.538273 0.983519
vt 0.538273 0.967364
vt 0.351559 0.718463
vt 0.338343 0.718463
vt 0.338343 0.586301
vt 0.351559 0.586301
vt 0.927879 0.033487
vt 0.941096 0.033487
vt 0.941096 0.165648
vt 0.927879 0.165648
vn 0.054484 0.858518 -0.509882
vn 0.054484 0.858518 -0.509882
vn 0.054484 0.858518 -0.509882
vn 0.054484 0.858518 -0.509882
vn 0.870688 0.102210 -0.481098
vn 0.870688 0.102210 -0.481098
vn 0.870688 0.102210 -0.481098
vn 0.870688 0.102210 -0.481098
vn 0.829227 -0.551106 -0.093088
vn 0.829227 -0.551106 -0.093088
vn 0.829227 -0.551106 -0.093088
vn 0.829227 -0.551106 -0.093088
vn -0.054484 -0.858517 0.509882
vn -0.054484 -0.858517 0.509882
vn -0.054484 -0.858517 0.509882
vn -0.054484 -0.858517 0.509882
vn -0.870688 -0.102210 0.481098
vn -0.870688 -0.102210 0.481098
vn -0.870688 -0.102210 0.481098
vn -0.870688 -0.102210 0.481098
vn -0.829227 0.551106 0.093088
vn -0.829227 0.551106 0.093088
vn -0.829227 0.551106 0.093088
vn -0.829227 0.551106 0.093088
vn 0.390270 0.451711 0.802275
vn 0.390270 0.451711 0.802275
vn 0.390270 0.451711 0.802275
vn 0.390270 0.451711 0.802275
vn 0.390270 0.451711 0.802275
vn 0.390270 0.451711 0.802275
vn 0.390270 0.451711 0.802275
vn -0.390270 -0.451711 -0.802275
vn -0.390270 -0.451711 -0.802276
vn -0.390270 -0.451711 -0.802276
vn -0.390270 -0.451711 -0.802276
vn -0.390270 -0.451711 -0.802276
vn -0.390270 -0.451711 -0.802275
vn -0.390270 -0.451711 -0.802275
s off
g BODY_ROBOT pasted__pasted__pCylinder2
usemtl standardSurface5SG
f 311/669/909 312/670/910 318/671/911 317/672/912
f 312/647/913 313/643/914 319/646/915 318/648/916
f 313/643/917 314/644/918 320/645/919 319/646/920
f 314/673/921 315/674/922 321/675/923 320/676/924
f 315/649/925 316/650/926 322/651/927 321/652/928
f 316/650/929 311/653/930 317/654/931 322/651/932
s 1
f 312/655/933 311/656/934 323/657/935
f 313/659/936 312/655/933 323/657/935
f 314/661/937 313/659/936 323/657/935
f 315/660/938 314/661/937 323/657/935
f 316/658/939 315/660/938 323/657/935
f 311/656/934 316/658/939 323/657/935
s 2
f 317/662/940 318/663/941 324/664/942
f 318/663/941 319/665/943 324/664/942
f 319/665/943 320/667/944 324/664/942
f 320/667/944 321/668/945 324/664/942
f 321/668/945 322/666/946 324/664/942
f 322/666/946 317/662/940 324/664/942
g default
v 4.047079 2.477893 -8.873298
v 4.088379 2.664646 -9.055411
v 3.906255 2.477893 -9.096732
v 5.674595 2.664646 -8.695695
v 5.633293 2.477893 -8.513570
v 4.122463 2.477892 -10.050103
v 4.304592 2.664646 -10.008799
v 4.345893 2.477892 -10.190931
v 5.932109 2.477893 -9.831201
v 5.890806 2.664646 -9.649072
v 6.072935 2.477893 -9.607769
v 4.036947 2.026965 -8.875597
v 3.907683 2.163578 -9.103018
v 4.345893 1.894910 -10.190931
v 4.122463 1.894910 -10.050103
v 4.122463 2.159020 -10.050103
v 4.345893 2.159020 -10.190931
v 5.925819 2.163578 -9.832626
v 6.075233 2.026965 -9.617900
v 5.925819 1.890351 -9.832626
v 4.254487 0.400018 -10.214454
v 6.022732 0.400858 -9.812900
v 4.345893 1.482650 -10.190931
v 4.234193 1.389283 -10.120526
v 5.930939 1.482650 -9.831458
v 6.002515 1.389283 -9.719495
v 1.945859 1.227686 -0.471766
v 2.001555 1.275010 -0.506338
v 3.860855 1.275893 -0.084106
v 4.180543 1.407359 -10.101769
v 4.139464 1.360923 -10.131567
v 6.039844 1.408243 -9.679536
v 3.914519 1.437294 -9.133173
v 3.953916 1.389283 -9.104898
v 3.925976 1.437487 -9.066266
v 4.046340 1.435692 -8.873458
v 4.111092 1.389283 -8.858780
v 4.178310 1.389283 -10.085303
v 4.122463 1.435962 -10.050103
v 3.915506 1.890517 -9.137521
v 3.925073 1.908732 -9.072421
v 3.907683 1.923358 -9.103018
v 1.994680 0.265504 -0.473952
v 1.949000 0.312156 -0.483682
v 4.142604 0.445393 -10.143482
v 4.198620 0.399368 -10.179267
v 4.259546 1.408278 -10.151526
v 4.251187 1.362222 -10.201931
v 5.990077 1.409100 -9.758526
v 6.019430 1.363062 -9.800366
v 5.825654 1.437272 -8.634814
v 5.817322 1.389283 -8.682273
v 5.864848 1.437272 -8.690217
v 5.568915 1.389283 -8.528171
v 5.633293 1.435961 -8.513570
v 6.037736 1.389283 -9.663615
v 6.073102 1.435961 -9.608509
v 5.864628 2.477893 -8.689237
v 5.833965 2.501231 -8.659558
v 5.826503 2.477893 -8.635349
v 3.853982 0.266387 -0.051719
v 6.057923 0.400252 -9.757034
v 3.896313 1.195613 -0.029289
v 3.878530 1.252250 -0.056479
v 3.866467 1.228599 -0.035612
v 6.059215 1.375771 -9.711203
v 6.082151 1.326271 -9.654879
v 6.075436 0.423288 -9.728802
v 6.085524 0.478875 -9.667965
v 3.899229 0.346082 -0.040345
v 3.876664 0.289737 -0.046246
vt 0.738642 0.191236
vt 0.738766 0.164975
vt 0.747318 0.164801
vt 0.747318 0.191236
vt 0.731336 0.165932
vt 0.732229 0.164975
vt 0.731455 0.191236
vt 0.747318 0.159185
vt 0.735048 0.159216
vt 0.752400 0.164235
vt 0.752400 0.190670
vt 0.747318 0.195720
vt 0.738642 0.195720
vt 0.731831 0.164200
vt 0.731455 0.195720
vt 0.718967 0.191236
vt 0.719003 0.165811
vt 0.719008 0.164036
vt 0.718960 0.159187
vt 0.720237 0.195720
vt 0.717697 0.193478
vt 0.717697 0.192357
vt 0.717697 0.165166
vt 0.717697 0.158986
vt 0.335746 0.839375
vt 0.312209 0.839688
vt 0.308784 0.586614
vt 0.332321 0.586301
vt 0.311043 0.841822
vt 0.311026 0.840763
vt 0.335780 0.841492
vt 0.307584 0.586497
vt 0.333537 0.587344
vt 0.336940 0.838731
vt 0.770266 0.552154
vt 0.770266 0.550537
vt 0.798571 0.550565
vt 0.798571 0.552137
vt 0.768961 0.550896
vt 0.770231 0.525085
vt 0.786306 0.524824
vt 0.798571 0.525105
vt 0.799206 0.551460
vt 0.798571 0.556013
vt 0.770231 0.556013
vt 0.768961 0.523702
vt 0.782590 0.519472
vt 0.768961 0.522298
vt 0.771500 0.519488
vt 0.798571 0.519492
vt 0.790022 0.519472
vt 0.803651 0.550965
vt 0.803651 0.524540
vt 0.819781 0.914514
vt 0.818334 0.915154
vt 0.821672 0.664539
vt 0.822937 0.663174
vt 0.796629 0.914865
vt 0.800022 0.664197
vt 0.798602 0.662681
vt 0.820385 0.913863
vt 0.823767 0.664033
vt 0.795189 0.914780
vt 0.798013 0.662014
vt 0.798029 0.660696
vt 0.822612 0.661023
vt 0.823788 0.662169
vt 0.794593 0.914705
vt 0.168631 0.967456
vt 0.163836 0.924627
vt 0.189578 0.921744
vt 0.194374 0.964574
vt 0.163714 0.968006
vt 0.158919 0.925177
vt 0.199291 0.964023
vt 0.194496 0.921194
vt 0.727950 0.805923
vt 0.755818 0.557678
vt 0.757113 0.556645
vt 0.802342 0.561722
vt 0.803375 0.563018
vt 0.775507 0.811262
vt 0.390902 0.590162
vt 0.438553 0.584813
vt 0.466159 0.830725
vt 0.464694 0.832560
vt 0.420344 0.837540
vt 0.418509 0.836075
vt 0.389607 0.589142
vt 0.438828 0.583616
vt 0.439072 0.584172
vt 0.419994 0.838776
vt 0.465311 0.833688
vt 0.417399 0.836705
vt 0.915449 0.520715
vt 0.890015 0.517816
vt 0.888965 0.516502
vt 0.894101 0.470638
vt 0.895415 0.469589
vt 0.920861 0.472385
vt 0.925462 0.478232
vt 0.921229 0.516042
vt 0.886868 0.513876
vt 0.891472 0.472766
vt 0.922038 0.472040
vt 0.925649 0.476562
vt 0.952810 0.804006
vt 0.946160 0.804006
vt 0.946046 0.763472
vt 0.952925 0.763472
vt 0.938132 0.804006
vt 0.938132 0.763310
vt 0.963189 0.763340
vt 0.963189 0.804006
vt 0.344145 0.978014
vt 0.329258 0.977773
vt 0.328090 0.976112
vt 0.328090 0.938710
vt 0.329265 0.937059
vt 0.355498 0.937059
vt 0.355498 0.977754
vt 0.880358 0.658912
vt 0.856131 0.658959
vt 0.856110 0.613589
vt 0.880337 0.613542
vt 0.303633 0.987086
vt 0.302458 0.985915
vt 0.302480 0.938206
vt 0.303068 0.937624
vt 0.304487 0.937042
vt 0.325878 0.937084
vt 0.326708 0.937849
vt 0.326685 0.987131
vt 0.327304 0.937606
vn -0.857312 0.003977 0.514782
vn -0.857312 0.003977 0.514782
vn -0.859240 0.003353 0.511561
vn -0.859335 -0.000467 0.511412
vn -0.156391 0.707087 0.689616
vn -0.156391 0.707087 0.689616
vn -0.156391 0.707087 0.689616
vn -0.156391 0.707087 0.689616
vn -0.689596 0.707107 -0.156389
vn -0.689596 0.707107 -0.156389
vn -0.689596 0.707107 -0.156389
vn -0.689596 0.707107 -0.156389
vn 0.689595 0.707108 0.156389
vn 0.689595 0.707108 0.156389
vn 0.689595 0.707108 0.156389
vn 0.689595 0.707108 0.156389
vn 0.689595 0.707108 0.156389
vn -0.533217 0.000000 -0.845978
vn -0.533217 0.000000 -0.845978
vn -0.533217 0.000000 -0.845978
vn -0.533217 0.000000 -0.845978
vn 0.156389 0.707107 -0.689595
vn 0.156389 0.707107 -0.689595
vn 0.156389 0.707107 -0.689595
vn 0.156389 0.707107 -0.689595
vn 0.834247 0.003976 -0.551377
vn 0.834247 0.003976 -0.551377
vn 0.832314 -0.000134 -0.554304
vn 0.832144 0.003343 -0.554549
vn 0.221171 -0.000004 -0.975235
vn 0.221170 -0.000001 -0.975235
vn 0.221170 -0.000001 -0.975235
vn 0.221171 -0.000004 -0.975235
vn -0.533218 -0.000000 -0.845978
vn -0.533218 -0.000000 -0.845978
vn -0.533219 -0.000000 -0.845977
vn -0.533219 -0.000000 -0.845977
vn -0.533219 -0.000000 -0.845977
vn -0.533219 -0.000000 -0.845978
vn 0.831944 -0.002725 -0.554852
vn 0.833407 -0.003090 -0.552651
vn 0.833407 -0.003090 -0.552651
vn 0.833407 -0.003090 -0.552651
vn 0.833407 -0.003090 -0.552651
vn -0.221166 0.000000 0.975236
vn -0.221166 0.000000 0.975236
vn -0.221166 0.000000 0.975236
vn -0.221166 0.000000 0.975236
vn -0.221166 0.000000 0.975236
vn -0.221166 0.000000 0.975236
vn -0.221166 0.000000 0.975236
vn 0.000000 1.000000 -0.000000
vn 0.000000 1.000000 -0.000000
vn 0.000000 1.000000 -0.000000
vn 0.000000 1.000000 -0.000000
vn 0.221172 -0.000007 -0.975235
vn 0.221172 -0.000007 -0.975235
vn -0.975236 -0.000001 -0.221165
vn -0.975236 -0.000001 -0.221165
vn -0.975236 -0.000004 -0.221166
vn -0.975236 -0.000004 -0.221166
vn 0.221170 -0.000002 -0.975235
vn 0.221170 -0.000002 -0.975235
vn -0.690765 0.577316 0.435373
vn -0.690765 0.577316 0.435373
vn -0.690765 0.577316 0.435373
vn 0.435371 0.577336 0.690750
vn 0.435371 0.577336 0.690750
vn 0.597492 0.070319 0.798786
vn 0.444502 0.572531 0.688932
vn -0.435372 0.577354 -0.690733
vn -0.435372 0.577354 -0.690733
vn -0.435373 0.577354 -0.690733
vn 0.690743 0.577350 -0.435363
vn 0.690743 0.577350 -0.435363
vn 0.690743 0.577350 -0.435363
vn 0.003430 -0.999910 -0.013013
vn 0.003430 -0.999910 -0.013013
vn 0.003430 -0.999910 -0.013013
vn 0.003430 -0.999910 -0.013013
vn 0.003430 -0.999909 -0.013013
vn 0.003430 -0.999910 -0.013013
vn 0.156396 -0.707090 -0.689612
vn 0.156396 -0.707090 -0.689612
vn 0.156396 -0.707090 -0.689612
vn 0.156396 -0.707090 -0.689612
vn -0.978594 -0.000098 -0.205801
vn -0.975237 0.000003 -0.221165
vn -0.975236 0.000001 -0.221166
vn -0.869378 0.000000 0.494147
vn -0.881373 -0.003576 0.472408
vn -0.691970 0.706720 -0.147389
vn -0.691970 0.706720 -0.147389
vn -0.691970 0.706720 -0.147389
vn -0.691970 0.706721 -0.147389
vn -0.158997 0.697536 0.698687
vn -0.158997 0.697536 0.698687
vn -0.158997 0.697536 0.698687
vn -0.158997 0.697536 0.698687
vn -0.158997 0.697536 0.698687
vn -0.379300 0.713535 -0.589066
vn -0.379300 0.713535 -0.589066
vn -0.379300 0.713535 -0.589066
vn -0.379300 0.713535 -0.589066
vn -0.980538 0.000129 -0.196328
vn -0.894696 -0.003108 0.446666
vn -0.702707 -0.710257 -0.041694
vn -0.704283 -0.692924 -0.154410
vn -0.701831 -0.694272 -0.159436
vn -0.701831 -0.694272 -0.159436
vn -0.624014 -0.689070 0.368495
vn -0.609673 -0.694166 0.382666
vn -0.609673 -0.694166 0.382666
vn -0.687126 -0.707368 -0.165793
vn -0.687126 -0.707368 -0.165793
vn -0.687126 -0.707368 -0.165793
vn -0.687126 -0.707368 -0.165793
vn 0.154152 0.716551 -0.680288
vn 0.154152 0.716551 -0.680288
vn 0.154152 0.716551 -0.680288
vn 0.154152 0.716551 -0.680288
vn -0.003430 0.999910 0.013013
vn -0.003430 0.999910 0.013013
vn -0.003430 0.999909 0.013013
vn -0.003430 0.999909 0.013013
vn -0.003430 0.999909 0.013013
vn -0.003430 0.999910 0.013013
vn 0.221431 0.013456 -0.975083
vn 0.221431 0.013456 -0.975083
vn 0.221431 0.013456 -0.975083
vn 0.221431 0.013456 -0.975083
vn -0.975171 -0.000463 -0.221454
vn -0.975171 -0.000463 -0.221454
vn -0.975171 -0.000463 -0.221454
vn -0.975171 -0.000463 -0.221454
vn -0.858413 -0.004314 0.512940
vn -0.975236 0.000001 -0.221167
vn -0.532979 0.009183 -0.846079
vn -0.532979 0.009183 -0.846079
vn -0.532979 0.009183 -0.846079
vn -0.532979 0.009183 -0.846079
vn -0.532979 0.009183 -0.846079
vn -0.221428 -0.013450 0.975084
vn -0.221428 -0.013450 0.975084
vn -0.221428 -0.013450 0.975084
vn -0.221428 -0.013450 0.975084
vn -0.221428 -0.013450 0.975084
vn -0.221428 -0.013450 0.975084
vn -0.221428 -0.013450 0.975084
vn -0.221428 -0.013450 0.975084
vn -0.844932 -0.469828 0.255640
vn 0.605346 -0.000085 0.795962
vn 0.969322 -0.000025 0.245795
vn 0.969281 0.000059 0.245956
vn 0.652260 -0.710130 0.265089
vn 0.401953 -0.689065 0.603012
vn 0.382984 -0.693906 0.609769
vn 0.382984 -0.693906 0.609769
vn 0.702200 -0.692708 0.164531
vn 0.702184 -0.694031 0.158933
vn 0.702184 -0.694031 0.158933
vn 0.533212 0.000000 0.845982
vn 0.533212 0.000000 0.845982
vn 0.975236 -0.000000 0.221168
vn 0.975236 -0.000000 0.221168
vn 0.975236 -0.000000 0.221168
vn -0.000000 -1.000000 0.000000
vn -0.000000 -1.000000 0.000000
vn -0.000000 -1.000000 0.000000
vn -0.000000 -1.000000 0.000000
vn -0.000000 -1.000000 0.000000
vn -0.000000 -1.000000 0.000000
vn -0.000000 -1.000000 0.000000
vn -0.000000 -1.000000 0.000000
vn 0.846579 0.493963 0.198254
vn 0.974786 0.025571 0.221671
vn 0.974930 0.045604 0.217790
vn 0.843417 0.499595 0.197619
vn 0.906402 0.016115 -0.422109
vn 0.975555 -0.036192 0.216755
vn 0.898165 0.016207 -0.439361
vn 0.792876 -0.584609 0.171988
vn 0.974934 -0.025387 0.221043
vn 0.842978 -0.505335 0.184458
vn 0.825076 0.530704 0.193913
vn 0.825076 0.530704 0.193913
vn 0.595843 0.714009 -0.367645
vn 0.595843 0.714009 -0.367645
vn 0.595843 0.714009 -0.367645
vn 0.595843 0.714009 -0.367645
vn 0.880410 0.016377 -0.473931
vn 0.880410 0.016377 -0.473931
vn 0.880410 0.016377 -0.473931
vn 0.691978 -0.706712 0.147391
vn 0.691978 -0.706712 0.147391
vn 0.381211 0.494642 0.781030
vn 0.381211 0.494642 0.781030
vn 0.381211 0.494642 0.781030
s 1
g BODY_ROBOT pasted__pasted__pCube6
usemtl standardSurface5SG
f 325/684/947 327/679/948 337/678/949 336/685/950
s off
f 326/745/951 325/749/952 329/750/953 328/746/954
f 327/679/955 326/686/956 331/687/957 330/680/958
f 328/728/959 383/719/960 382/713/961 335/718/962 334/729/963
s 2
f 330/680/964 332/688/965 341/689/966 340/677/967
s off
f 332/751/968 331/748/969 334/747/970 333/752/971
s 3
f 333/726/972 335/718/973 343/717/974 342/727/975
s 4
f 338/783/976 341/784/977 342/785/978 344/786/979
s 2
f 339/683/980 338/691/981 347/696/982 348/697/983 362/698/984 363/692/985
s 3
f 344/723/986 343/717/974 381/716/987 380/722/988 350/724/989 349/725/990
s off
f 336/791/991 360/792/992 361/793/993 378/794/994 379/795/995 329/796/996 325/797/997
f 326/745/998 328/746/999 334/747/1000 331/748/1001
s 4
f 338/783/976 344/786/979 349/789/1002 347/790/1003
s 1
f 340/677/1004 337/678/1005 327/679/1006 330/680/1007
s 4
f 332/787/1008 333/788/1009 342/785/978 341/784/977
s off
f 325/684/1010 326/686/1011 327/679/1012
s 6
f 328/728/1013 329/720/1014 384/714/1015 383/719/1016
s off
f 330/680/1017 331/687/1018 332/688/1019
f 333/726/1020 334/729/1021 335/718/1022
s 2
f 338/691/981 339/683/980 340/677/967 341/689/966
s 3
f 342/727/975 343/717/974 344/723/986
s off
f 367/753/1023 370/754/1024 345/755/1025 346/756/1026 386/757/1027 385/758/1028
f 348/773/1029 347/779/1030 349/780/1031 350/774/1032
s 1
f 364/681/1033 366/682/1034 337/678/1005 340/677/1004 339/683/1035
f 366/682/1036 365/690/1037 336/685/950 337/678/949
s off
f 351/704/1038 352/709/1039 354/710/1040 355/701/1041
f 352/759/1042 351/765/1043 389/766/1044 388/767/1045 353/760/1046
f 355/770/1047 354/764/1048 371/763/1049 372/768/1050
s 1
f 357/693/1051 359/694/1052 365/690/1037 364/681/1033
s 7
f 358/699/1053 357/693/1054 363/692/1055 362/698/1056
f 359/694/1057 358/699/1053 361/700/1058 360/695/1059
s off
f 367/708/1060 368/703/1061 369/702/1062 370/706/1063
f 372/768/1064 371/763/1065 373/762/1066 374/769/1067
f 352/759/1068 353/760/1069 356/761/1070 373/762/1071 371/763/1072 354/764/1073
f 345/798/1074 372/799/1075 374/800/1076 346/801/1077
f 355/701/1078 369/702/1079 368/703/1080 351/704/1081
s 1
f 359/694/1052 360/695/1082 336/685/950 365/690/1037
f 339/683/1035 363/692/1083 357/693/1051 364/681/1033
s off
f 345/705/1084 370/706/1085 369/702/1086 355/701/1087 372/707/1088
f 368/802/1089 367/803/1090 385/804/1091 395/805/1092 394/806/1093 387/807/1094 389/808/1095 351/809/1096
s 7
f 357/693/1054 358/699/1053 359/694/1057
s 1
f 364/681/1033 365/690/1037 366/682/1097
s 6
f 375/711/1098 377/712/1099 382/713/1100 384/714/1015
s 9
f 376/776/1101 375/781/1102 379/782/1103 378/777/1104
f 377/712/1105 376/715/1101 380/722/1106 381/716/1107
s 6
f 375/711/1098 384/714/1015 329/720/1108 379/721/1109
f 382/713/1100 377/712/1099 381/716/1110 343/717/1111 335/718/1112
s off
f 358/771/1113 362/772/1114 348/773/1115 350/774/1116 380/775/1117 376/776/1118 378/777/1119 361/778/1120
s 9
f 375/711/1102 376/715/1101 377/712/1105
s 6
f 382/713/1100 383/719/1016 384/714/1015
s 10
f 388/730/1121 387/731/1122 391/732/1123 390/733/1124
f 390/733/1125 391/732/1123 393/735/1126 392/736/1127
f 392/736/1128 393/735/1126 394/734/1129 395/739/1130
f 353/737/1131 388/730/1121 390/733/1124 356/738/1132
s off
f 356/738/1133 390/733/1134 374/742/1135 373/743/1136
s 10
f 394/734/1129 393/735/1126 391/732/1123 387/731/1122
f 392/736/1127 386/740/1137 346/741/1138 374/742/1139 390/733/1125
f 392/736/1128 395/739/1130 385/744/1140 386/740/1141
s off
f 387/807/1142 388/810/1143 389/808/1144
g default
v -5.134522 6.028450 0.667303
v -5.163756 6.246709 0.295848
v -5.194335 6.038853 -0.074878
v -5.195679 5.612736 -0.074150
v -5.166445 5.394477 0.297304
v -5.135866 5.602333 0.668031
v -5.544034 6.069514 0.771597
v -5.578851 6.329458 0.329202
v -5.615269 6.081904 -0.112327
v -5.616870 5.574407 -0.111460
v -5.582053 5.314463 0.330935
v -5.545635 5.562017 0.772464
v -5.785446 6.174287 0.977660
v -5.834881 6.543361 0.349537
v -5.886588 6.191879 -0.277355
v -5.888861 5.471323 -0.276124
v -5.839426 5.102250 0.351999
v -5.787719 5.453732 0.978891
v -5.766548 6.302750 1.206782
v -5.834050 6.806715 0.349087
v -5.904655 6.326771 -0.506926
v -5.907759 5.342861 -0.505246
v -5.840257 4.838896 0.352449
v -5.769651 5.318840 1.208462
v -5.494557 6.405833 1.371445
v -5.576677 7.018928 0.328024
v -5.662571 6.435056 -0.713353
v -5.666347 5.238087 -0.711308
v -5.584228 4.624992 0.332113
v -5.498333 5.208865 1.373490
v -5.073366 6.444163 1.408755
v -5.161068 7.098942 0.294393
v -5.252803 6.475372 -0.817786
v -5.256835 5.197023 -0.815603
v -5.169133 4.542244 0.298760
v -5.077398 5.165814 1.410939
v -4.663854 6.403098 1.304461
v -4.745973 7.016194 0.261040
v -4.831868 6.432321 -0.780337
v -4.835644 5.235353 -0.778293
v -4.753524 4.622258 0.265129
v -4.667630 5.206131 1.306505
v -4.422442 6.298325 1.098398
v -4.489944 6.802291 0.240704
v -4.560549 6.322346 -0.615310
v -4.563653 5.338436 -0.613629
v -4.496151 4.834471 0.244065
v -4.425545 5.314415 1.100079
v -4.441340 6.169863 0.869277
v -4.490775 6.538936 0.241154
v -4.542482 6.187454 -0.385738
v -4.544755 5.466899 -0.384507
v -4.495320 5.097825 0.243615
v -4.443613 5.449307 0.870507
v -4.713331 6.066779 0.704613
v -4.748148 6.326723 0.262217
v -4.784566 6.079169 -0.179312
v -4.786167 5.571672 -0.178445
v -4.751350 5.311728 0.263951
v -4.714931 5.559282 0.705480
vt 0.214802 0.957260
vt 0.214802 0.943718
vt 0.223994 0.941131
vt 0.223994 0.957260
vt 0.205611 0.957260
vt 0.205611 0.941131
vt 0.229674 0.934360
vt 0.229674 0.957260
vt 0.214802 0.970803
vt 0.223994 0.973389
vt 0.199930 0.957260
vt 0.199930 0.934360
vt 0.205611 0.973389
vt 0.229674 0.980161
vt 0.199930 0.980161
vt 0.732569 0.958629
vt 0.732569 0.945087
vt 0.741761 0.942500
vt 0.741761 0.958629
vt 0.723377 0.958629
vt 0.723377 0.942500
vt 0.747441 0.935729
vt 0.747441 0.958629
vt 0.732569 0.972172
vt 0.741761 0.974758
vt 0.717697 0.958629
vt 0.717697 0.935729
vt 0.723377 0.974758
vt 0.747441 0.981530
vt 0.717697 0.981530
vt 0.874819 0.862911
vt 0.874819 0.900591
vt 0.865714 0.903153
vt 0.865714 0.862911
vt 0.880445 0.862911
vt 0.880445 0.893884
vt 0.856610 0.900591
vt 0.856610 0.862911
vt 0.874819 0.825231
vt 0.865714 0.822669
vt 0.880445 0.831938
vt 0.850983 0.893884
vt 0.850983 0.862911
vt 0.856610 0.825231
vt 0.850983 0.831938
vt 0.515970 0.878724
vt 0.515970 0.916404
vt 0.506866 0.918966
vt 0.506866 0.878724
vt 0.521597 0.878724
vt 0.521597 0.909697
vt 0.497762 0.916404
vt 0.497762 0.878724
vt 0.515970 0.841044
vt 0.506866 0.838482
vt 0.521597 0.847751
vt 0.492135 0.909697
vt 0.492135 0.878724
vt 0.497762 0.841044
vt 0.492135 0.847751
vt 0.079073 0.449634
vt 0.099358 0.449634
vt 0.103065 0.456054
vt 0.075366 0.456054
vt 0.082072 0.444439
vt 0.096359 0.444439
vt 0.109500 0.432066
vt 0.116914 0.432066
vt 0.106064 0.461248
vt 0.072367 0.461248
vt 0.068931 0.432066
vt 0.061517 0.432066
vt 0.099358 0.414499
vt 0.103065 0.408079
vt 0.079073 0.414499
vt 0.075366 0.408079
vt 0.096359 0.419694
vt 0.082072 0.419694
vt 0.072367 0.402884
vt 0.106064 0.402884
vt 0.536743 0.277966
vt 0.564441 0.277966
vt 0.560734 0.284387
vt 0.540450 0.284387
vt 0.533744 0.272772
vt 0.567440 0.272772
vt 0.578291 0.301954
vt 0.570877 0.301954
vt 0.557735 0.289581
vt 0.543449 0.289581
vt 0.522893 0.301954
vt 0.530307 0.301954
vt 0.564441 0.325942
vt 0.560734 0.319521
vt 0.536743 0.325942
vt 0.540450 0.319521
vt 0.567440 0.331136
vt 0.533744 0.331136
vt 0.543449 0.314327
vt 0.557735 0.314327
vt 0.577251 0.335092
vt 0.577251 0.321108
vt 0.585471 0.319772
vt 0.585471 0.336427
vt 0.569031 0.336427
vt 0.569031 0.319772
vt 0.085116 0.421019
vt 0.085116 0.435004
vt 0.076896 0.436339
vt 0.076896 0.419684
vt 0.093336 0.419684
vt 0.093336 0.436339
vt 0.943259 0.137212
vt 0.943259 0.097930
vt 0.951478 0.096595
vt 0.951478 0.138548
vt 0.959698 0.097930
vt 0.959698 0.137212
vt 0.964825 0.375219
vt 0.964825 0.414501
vt 0.956605 0.415836
vt 0.956605 0.373883
vt 0.948385 0.414501
vt 0.948385 0.375219
vn -0.208342 -0.850335 -0.483244
vn -0.208342 -0.850335 -0.483244
vn -0.208342 -0.850335 -0.483244
vn -0.208342 -0.850335 -0.483244
vn -0.131817 -0.859967 0.493033
vn -0.131817 -0.859967 0.493033
vn -0.131817 -0.859967 0.493033
vn -0.131817 -0.859967 0.493033
vn -0.088415 0.001980 0.996082
vn -0.088415 0.001980 0.996082
vn -0.088415 0.001980 0.996082
vn -0.088415 0.001980 0.996082
vn -0.122654 0.851424 0.509934
vn -0.122654 0.851424 0.509934
vn -0.122654 0.851424 0.509934
vn -0.122654 0.851424 0.509934
vn -0.203484 0.861070 -0.465996
vn -0.203484 0.861070 -0.465996
vn -0.203484 0.861070 -0.465996
vn -0.203484 0.861070 -0.465996
vn -0.246885 -0.000876 -0.969044
vn -0.246885 -0.000876 -0.969044
vn -0.246885 -0.000876 -0.969044
vn -0.246885 -0.000876 -0.969044
vn -0.614163 -0.700577 -0.363311
vn -0.614163 -0.700577 -0.363311
vn -0.614163 -0.700578 -0.363311
vn -0.614163 -0.700578 -0.363311
vn -0.554430 -0.705576 0.441328
vn -0.554430 -0.705576 0.441328
vn -0.554430 -0.705576 0.441328
vn -0.554430 -0.705576 0.441328
vn -0.518746 0.003096 0.854923
vn -0.518746 0.003096 0.854923
vn -0.518746 0.003096 0.854923
vn -0.518746 0.003097 0.854923
vn -0.543419 0.704388 0.456654
vn -0.543419 0.704388 0.456654
vn -0.543419 0.704388 0.456654
vn -0.543419 0.704388 0.456654
vn -0.613352 0.709420 -0.347163
vn -0.613352 0.709420 -0.347163
vn -0.613352 0.709420 -0.347163
vn -0.613352 0.709420 -0.347163
vn -0.649036 0.000748 -0.760757
vn -0.649036 0.000748 -0.760758
vn -0.649036 0.000748 -0.760757
vn -0.649036 0.000748 -0.760757
vn -0.996759 0.003281 0.080375
vn -0.996759 0.003281 0.080375
vn -0.996759 0.003281 0.080375
vn -0.996759 0.003281 0.080375
vn -0.996759 0.003281 0.080375
vn -0.996759 0.003281 0.080375
vn -0.996759 0.003281 0.080375
vn -0.996759 0.003281 0.080375
vn -0.996759 0.003281 0.080375
vn -0.996759 0.003281 0.080375
vn -0.996759 0.003281 0.080375
vn -0.996759 0.003281 0.080375
vn -0.996759 0.003282 0.080375
vn -0.996759 0.003282 0.080375
vn -0.996759 0.003282 0.080375
vn -0.996759 0.003282 0.080375
vn -0.996759 0.003281 0.080375
vn -0.996759 0.003281 0.080375
vn -0.996759 0.003281 0.080375
vn -0.996759 0.003281 0.080375
vn -0.996759 0.003281 0.080375
vn -0.996759 0.003281 0.080375
vn -0.996759 0.003281 0.080375
vn -0.996759 0.003281 0.080375
vn -0.543420 0.704388 0.456654
vn -0.543420 0.704388 0.456654
vn -0.543420 0.704388 0.456654
vn -0.543420 0.704388 0.456654
vn -0.613353 0.709420 -0.347163
vn -0.613353 0.709420 -0.347163
vn -0.613353 0.709420 -0.347163
vn -0.613353 0.709420 -0.347163
vn -0.649036 0.000748 -0.760757
vn -0.649036 0.000748 -0.760757
vn -0.649036 0.000748 -0.760757
vn -0.649036 0.000748 -0.760757
vn -0.614164 -0.700577 -0.363311
vn -0.614164 -0.700577 -0.363311
vn -0.614164 -0.700577 -0.363311
vn -0.614164 -0.700577 -0.363311
vn -0.554430 -0.705575 0.441328
vn -0.554430 -0.705575 0.441328
vn -0.554430 -0.705575 0.441328
vn -0.554430 -0.705575 0.441328
vn -0.518747 0.003096 0.854922
vn -0.518747 0.003096 0.854922
vn -0.518747 0.003096 0.854922
vn -0.518747 0.003096 0.854922
vn -0.122653 0.851424 0.509934
vn -0.122653 0.851424 0.509934
vn -0.122653 0.851424 0.509934
vn -0.122653 0.851424 0.509934
vn -0.203483 0.861070 -0.465996
vn -0.203483 0.861070 -0.465996
vn -0.203483 0.861070 -0.465996
vn -0.203483 0.861070 -0.465996
vn -0.246885 -0.000876 -0.969044
vn -0.246885 -0.000876 -0.969044
vn -0.246885 -0.000876 -0.969044
vn -0.246885 -0.000877 -0.969044
vn -0.208341 -0.850335 -0.483244
vn -0.208341 -0.850335 -0.483244
vn -0.208341 -0.850335 -0.483244
vn -0.208341 -0.850335 -0.483244
vn -0.131817 -0.859966 0.493034
vn -0.131817 -0.859966 0.493034
vn -0.131817 -0.859966 0.493034
vn -0.131817 -0.859967 0.493033
vn -0.088415 0.001980 0.996082
vn -0.088415 0.001980 0.996082
vn -0.088415 0.001980 0.996082
vn -0.088415 0.001980 0.996082
vn 0.208341 0.850335 0.483244
vn 0.208341 0.850335 0.483244
vn 0.208341 0.850335 0.483244
vn 0.208341 0.850335 0.483244
vn 0.131817 0.859967 -0.493033
vn 0.131817 0.859967 -0.493033
vn 0.131817 0.859967 -0.493033
vn 0.131817 0.859967 -0.493033
vn 0.088415 -0.001980 -0.996082
vn 0.088415 -0.001980 -0.996082
vn 0.088415 -0.001980 -0.996082
vn 0.088415 -0.001980 -0.996082
vn 0.122653 -0.851424 -0.509934
vn 0.122653 -0.851424 -0.509934
vn 0.122653 -0.851424 -0.509934
vn 0.122653 -0.851424 -0.509934
vn 0.203483 -0.861070 0.465996
vn 0.203483 -0.861070 0.465996
vn 0.203483 -0.861070 0.465996
vn 0.203483 -0.861070 0.465996
vn 0.246885 0.000876 0.969044
vn 0.246885 0.000876 0.969044
vn 0.246885 0.000876 0.969044
vn 0.246885 0.000876 0.969044
vn 0.614163 0.700577 0.363311
vn 0.614163 0.700577 0.363311
vn 0.614163 0.700577 0.363311
vn 0.614163 0.700577 0.363311
vn 0.554430 0.705576 -0.441328
vn 0.554430 0.705576 -0.441328
vn 0.554430 0.705576 -0.441328
vn 0.554430 0.705576 -0.441328
vn 0.518746 -0.003097 -0.854923
vn 0.518746 -0.003097 -0.854923
vn 0.518746 -0.003097 -0.854923
vn 0.518746 -0.003097 -0.854923
vn 0.543419 -0.704388 -0.456654
vn 0.543419 -0.704388 -0.456654
vn 0.543419 -0.704388 -0.456654
vn 0.543419 -0.704388 -0.456654
vn 0.613352 -0.709420 0.347163
vn 0.613352 -0.709420 0.347163
vn 0.613352 -0.709420 0.347163
vn 0.613352 -0.709420 0.347163
vn 0.649036 -0.000748 0.760757
vn 0.649036 -0.000748 0.760757
vn 0.649036 -0.000748 0.760757
vn 0.649036 -0.000748 0.760757
vn 0.996759 -0.003281 -0.080375
vn 0.996759 -0.003281 -0.080375
vn 0.996759 -0.003281 -0.080375
vn 0.996759 -0.003281 -0.080375
vn 0.996759 -0.003281 -0.080375
vn 0.996759 -0.003281 -0.080375
vn 0.996759 -0.003281 -0.080375
vn 0.996759 -0.003281 -0.080375
vn 0.996759 -0.003281 -0.080375
vn 0.996759 -0.003281 -0.080375
vn 0.996759 -0.003281 -0.080375
vn 0.996759 -0.003281 -0.080375
vn 0.996759 -0.003282 -0.080375
vn 0.996759 -0.003282 -0.080375
vn 0.996759 -0.003282 -0.080375
vn 0.996759 -0.003282 -0.080375
vn 0.996759 -0.003282 -0.080375
vn 0.996759 -0.003282 -0.080375
vn 0.996759 -0.003282 -0.080375
vn 0.996759 -0.003282 -0.080375
vn 0.996759 -0.003281 -0.080374
vn 0.996759 -0.003281 -0.080374
vn 0.996759 -0.003281 -0.080374
vn 0.996759 -0.003281 -0.080374
vn 0.543420 -0.704388 -0.456654
vn 0.543420 -0.704388 -0.456654
vn 0.543420 -0.704388 -0.456654
vn 0.543420 -0.704388 -0.456654
vn 0.613352 -0.709420 0.347163
vn 0.613352 -0.709420 0.347163
vn 0.613352 -0.709420 0.347163
vn 0.613352 -0.709420 0.347163
vn 0.649036 -0.000748 0.760757
vn 0.649036 -0.000748 0.760757
vn 0.649036 -0.000748 0.760757
vn 0.649036 -0.000748 0.760757
vn 0.614164 0.700577 0.363311
vn 0.614164 0.700577 0.363311
vn 0.614164 0.700577 0.363311
vn 0.614164 0.700577 0.363311
vn 0.554430 0.705576 -0.441328
vn 0.554430 0.705576 -0.441328
vn 0.554430 0.705576 -0.441328
vn 0.554430 0.705576 -0.441328
vn 0.518746 -0.003096 -0.854923
vn 0.518746 -0.003096 -0.854923
vn 0.518746 -0.003096 -0.854923
vn 0.518746 -0.003096 -0.854923
vn 0.122653 -0.851424 -0.509934
vn 0.122653 -0.851424 -0.509934
vn 0.122653 -0.851424 -0.509934
vn 0.122653 -0.851424 -0.509934
vn 0.203484 -0.861070 0.465996
vn 0.203483 -0.861070 0.465996
vn 0.203483 -0.861070 0.465996
vn 0.203483 -0.861070 0.465996
vn 0.246885 0.000876 0.969044
vn 0.246885 0.000876 0.969044
vn 0.246885 0.000876 0.969044
vn 0.246885 0.000876 0.969044
vn 0.208341 0.850335 0.483244
vn 0.208341 0.850335 0.483244
vn 0.208341 0.850335 0.483244
vn 0.208341 0.850335 0.483244
vn 0.131817 0.859967 -0.493033
vn 0.131817 0.859967 -0.493033
vn 0.131817 0.859967 -0.493033
vn 0.131817 0.859967 -0.493034
vn 0.088415 -0.001980 -0.996082
vn 0.088415 -0.001980 -0.996082
vn 0.088415 -0.001980 -0.996082
vn 0.088415 -0.001980 -0.996082
s off
g BODY_ROBOT pasted__pasted__pTorus2
usemtl standardSurface5SG
f 397/911/1145 396/912/1146 402/913/1147 403/914/1148
f 398/811/1149 397/812/1150 403/813/1151 404/814/1152
f 399/819/1153 398/811/1154 404/814/1155 405/820/1156
f 400/917/1157 399/918/1158 405/919/1159 406/920/1160
f 401/826/1161 400/827/1162 406/828/1163 407/829/1164
f 396/834/1165 401/826/1166 407/829/1167 402/835/1168
f 403/875/1169 402/876/1170 408/872/1171 409/871/1172
f 404/814/1173 403/813/1174 409/817/1175 410/818/1176
f 405/820/1177 404/814/1178 410/818/1179 411/824/1180
f 406/887/1181 405/888/1182 411/885/1183 412/883/1184
f 407/829/1185 406/828/1186 412/832/1187 413/833/1188
f 402/835/1189 407/829/1190 413/833/1191 408/839/1192
f 409/871/1193 408/872/1194 414/873/1195 415/874/1196
f 410/881/1197 409/871/1198 415/874/1199 416/882/1200
f 411/885/1201 410/881/1202 416/882/1203 417/886/1204
f 412/883/1205 411/885/1206 417/886/1207 418/884/1208
f 413/877/1209 412/883/1210 418/884/1211 419/878/1212
f 408/872/1213 413/877/1214 419/878/1215 414/873/1216
f 415/874/1217 414/873/1218 420/879/1219 421/880/1220
f 416/845/1221 415/846/1222 421/842/1223 422/841/1224
f 417/851/1225 416/845/1226 422/841/1227 423/849/1228
f 418/884/1229 417/886/1230 423/889/1231 424/890/1232
f 419/860/1233 418/861/1234 424/857/1235 425/856/1236
f 414/866/1237 419/860/1238 425/856/1239 420/864/1240
f 421/923/1241 420/924/1242 426/925/1243 427/926/1244
f 422/841/1245 421/842/1246 427/843/1247 428/844/1248
f 423/849/1249 422/841/1250 428/844/1251 429/850/1252
f 424/929/1253 423/930/1254 429/931/1255 430/932/1256
f 425/856/1257 424/857/1258 430/858/1259 431/859/1260
f 420/864/1261 425/856/1262 431/859/1263 426/865/1264
f 427/926/1265 426/925/1266 432/927/1267 433/928/1268
f 428/844/1269 427/843/1270 433/847/1271 434/848/1272
f 429/850/1273 428/844/1274 434/848/1275 435/854/1276
f 430/932/1277 429/931/1278 435/933/1279 436/934/1280
f 431/859/1281 430/858/1282 436/862/1283 437/863/1284
f 426/865/1285 431/859/1286 437/863/1287 432/869/1288
f 433/895/1289 432/896/1290 438/892/1291 439/891/1292
f 434/848/1293 433/847/1294 439/852/1295 440/853/1296
f 435/854/1297 434/848/1298 440/853/1299 441/855/1300
f 436/907/1301 435/908/1302 441/905/1303 442/903/1304
f 437/863/1305 436/862/1306 442/867/1307 443/868/1308
f 432/869/1309 437/863/1310 443/868/1311 438/870/1312
f 439/891/1313 438/892/1314 444/893/1315 445/894/1316
f 440/901/1317 439/891/1318 445/894/1319 446/902/1320
f 441/905/1321 440/901/1322 446/902/1323 447/906/1324
f 442/903/1325 441/905/1326 447/906/1327 448/904/1328
f 443/897/1329 442/903/1330 448/904/1331 449/898/1332
f 438/892/1333 443/897/1334 449/898/1335 444/893/1336
f 445/894/1337 444/893/1338 450/899/1339 451/900/1340
f 446/821/1341 445/822/1342 451/816/1343 452/815/1344
f 447/825/1345 446/821/1346 452/815/1347 453/823/1348
f 448/904/1349 447/906/1350 453/909/1351 454/910/1352
f 449/836/1353 448/837/1354 454/831/1355 455/830/1356
f 444/840/1357 449/836/1358 455/830/1359 450/838/1360
f 451/915/1361 450/916/1362 396/912/1363 397/911/1364
f 452/815/1365 451/816/1366 397/812/1367 398/811/1368
f 453/823/1369 452/815/1370 398/811/1371 399/819/1372
f 454/921/1373 453/922/1374 399/918/1375 400/917/1376
f 455/830/1377 454/831/1378 400/827/1379 401/826/1380
f 450/838/1381 455/830/1382 401/826/1383 396/834/1384
g default
v -4.785555 9.953676 2.473440
v -5.000000 7.668371 2.473440
v -4.785555 7.668371 4.734239
v -2.500250 7.668371 4.946384
v -2.500250 9.953676 4.734239
v -2.500250 10.168121 2.473440
v 4.785555 9.953676 2.473440
v 2.500250 10.168121 2.473440
v 2.500250 9.953676 4.734239
v 2.500250 7.668371 4.946384
v 4.785555 7.668371 4.734239
v 5.000000 7.668371 2.473440
v -4.785555 7.668371 -4.734239
v -5.000000 7.668371 -2.473440
v -4.785555 9.953676 -2.473440
v -2.500250 10.168121 -2.473440
v -2.500250 9.953676 -4.734239
v -2.500250 7.668371 -4.946384
v 4.785555 7.668371 -4.734239
v 2.500250 7.668371 -4.946384
v 2.500250 9.953676 -4.734239
v 2.500250 10.168121 -2.473440
v 4.785555 9.953676 -2.473440
v 5.000000 7.668371 -2.473440
v -5.000000 2.168121 2.473440
v -2.500250 2.168121 4.946384
v -4.785555 2.168121 4.734239
v 5.000000 2.168121 2.473440
v 4.785555 2.168121 4.734239
v 2.500250 2.168121 4.946384
v -5.000000 2.168121 -2.473440
v -4.785555 2.168121 -4.734239
v -2.500250 2.168121 -4.946384
v 5.000000 2.168121 -2.473440
v 2.500250 2.168121 -4.946384
v 4.785555 2.168121 -4.734239
v -4.686039 9.854160 4.635790
v 4.686039 9.854160 4.635790
v -4.686039 9.854160 -4.635790
v 4.686039 9.854160 -4.635790
v -4.785555 6.442849 -4.734239
v -2.500250 6.465015 -4.946384
v 2.500250 6.475719 -4.946384
v 4.785555 6.463332 -4.734239
v 0.000000 2.168121 4.946384
v 0.000000 7.668371 4.946384
v 0.000000 9.953676 4.734239
v 0.000000 10.168121 2.473440
v 0.000000 10.168121 -2.473440
v 0.000000 9.953676 -4.734239
v 0.000000 7.668371 -4.946384
v 0.000000 6.470367 -4.946384
v 0.000000 2.168121 -4.946384
v 1.257231 10.168121 2.473440
v 1.257231 9.953676 4.734239
v 1.257231 7.668371 4.946384
v 1.257231 2.168121 4.946384
v 1.257231 2.168121 -4.946384
v 1.257231 6.473058 -4.946384
v 1.257231 7.668371 -4.946384
v 1.257231 9.953676 -4.734239
v 1.257231 10.168121 -2.473440
v -1.257231 10.168121 2.473440
v -1.257231 9.953676 4.734239
v -1.257231 7.668371 4.946384
v -1.257231 2.168121 4.946384
v -1.257231 2.168121 -4.946384
v -1.257231 6.467676 -4.946384
v -1.257231 7.668371 -4.946384
v -1.257231 9.953676 -4.734239
v -1.257231 10.168121 -2.473440
v 1.257231 6.473058 -4.946384
v 1.257231 7.668371 -4.946384
v 2.500250 7.668371 -4.946384
v 2.500250 6.475719 -4.946384
v -1.257231 7.668371 -4.946384
v -2.500250 7.668371 -4.946384
v -1.257231 6.467676 -4.946384
v -2.500250 6.465015 -4.946384
v 1.257231 6.473058 -4.664906
v 1.257231 7.668371 -4.664906
v 2.500250 7.668371 -4.664906
v 2.500250 6.475719 -4.664906
v -1.257231 7.668371 -4.664906
v -2.500250 7.668371 -4.664906
v -1.257231 6.467676 -4.664906
v -2.500250 6.465015 -4.664906
v -4.785555 3.450539 -4.734239
v -2.500250 3.457189 -4.946384
v -1.257231 3.457987 -4.946384
v 0.000000 3.458795 -4.946384
v 1.257231 3.459602 -4.946384
v 2.500250 3.460400 -4.946384
v 4.785555 3.456684 -4.734239
v -4.785555 4.348232 -4.734239
v -2.500250 4.359537 -4.946384
v -1.257231 4.360894 -4.946384
v 0.000000 4.362267 -4.946384
v 1.257231 4.363639 -4.946384
v 2.500250 4.364996 -4.946384
v 4.785555 4.358678 -4.734239
v -2.500250 4.359537 -4.516166
v -1.257231 4.360894 -4.516166
v -1.257231 3.457987 -4.516166
v -2.500250 3.457189 -4.516166
v -0.000000 3.458795 -4.516166
v -0.000000 4.362267 -4.516166
v 1.257231 3.459602 -4.516166
v 1.257231 4.363639 -4.516166
v 2.500250 3.460400 -4.516166
v 2.500250 4.364996 -4.516166
v -5.000000 2.168121 -1.484064
v -5.000000 7.668371 -1.484064
v -4.785555 9.953676 -1.484064
v -2.500250 10.168121 -1.484064
v -1.257231 10.168121 -1.484064
v 0.000000 10.168121 -1.484064
v 1.257231 10.168121 -1.484064
v 2.500250 10.168121 -1.484064
v 4.785555 9.953676 -1.484064
v 5.000000 7.668371 -1.484064
v 5.000000 2.168121 -1.484064
v 5.000000 2.168121 -0.692563
v 5.000000 7.668371 -0.692563
v 4.785555 9.953676 -0.692563
v 2.500250 10.168121 -0.692563
v 1.257231 10.168121 -0.692563
v -1.257231 10.168121 -0.692563
v -2.500250 10.168121 -0.692563
v -4.785555 9.953676 -0.692563
v -5.000000 7.668371 -0.692563
v -5.000000 2.168121 -0.692563
v -1.257231 9.215522 -2.473440
v -1.257231 9.215522 -1.484064
v -0.000000 9.215522 -1.484064
v -0.000000 9.215522 -2.473440
v -1.257231 9.215522 2.473440
v -2.500250 9.215522 2.473440
v -1.257231 9.215522 -0.692563
v -2.500250 9.215522 -0.692563
v 0.000000 9.215523 -0.692563
v 0.000000 9.215522 2.473440
v 1.257231 9.215522 -0.692563
v 1.257231 9.215522 2.473440
v 2.500250 9.215522 -0.692563
v 2.500250 9.215522 2.473440
v 1.257231 9.215522 -1.484064
v 0.000000 8.588166 -0.692563
v -1.257231 8.588165 -0.692563
v -1.257231 8.588165 2.473440
v 0.000000 8.588165 2.473440
v 1.257231 8.588165 -0.692563
v 1.257231 8.588165 2.473440
v 1.257231 2.168121 4.946384
v 1.257231 2.168121 -4.946384
v 0.000000 2.168121 4.946384
v 0.000000 2.168121 -4.946384
v 0.000000 8.588166 -0.692563
v -1.257231 8.588165 -0.692563
v -1.257231 8.588165 2.473440
v 0.000000 8.588165 2.473440
v 0.000000 7.852605 -0.692563
v -1.257230 7.852604 -0.692563
v -1.257230 7.852604 2.473440
v 0.000000 7.852604 2.473440
v 5.000000 2.168121 1.207039
v 5.000000 7.668371 1.207039
v 4.785555 9.953676 1.207039
v 2.500250 10.168121 1.207039
v 2.500250 9.215522 1.207039
v 1.257231 9.215522 1.207039
v 1.257231 8.588165 1.207039
v 0.000000 8.588166 1.207039
v 0.000000 7.852605 1.207038
v -1.257230 7.852604 1.207039
v -1.257231 8.588165 1.207039
v -1.257231 9.215522 1.207039
v -2.500250 9.215522 1.207039
v -2.500250 10.168121 1.207039
v -4.785555 9.953676 1.207039
v -5.000000 7.668371 1.207039
v -5.000000 2.168121 1.207039
v 0.000001 7.205470 -0.692563
v -1.257230 7.205469 -0.692563
v -1.257230 7.205469 1.207039
v 0.000001 7.205470 1.207038
vt -0.446855 0.549618
vt 0.694345 0.000000
vt -0.446855 0.577396
vt 0.694345 0.033478
vt -0.446855 0.577396
vt -0.446855 0.372023
vt -0.421035 0.577396
vt -0.421035 0.372023
vt 0.666433 0.033552
vt 0.666433 0.000000
vt -0.423900 0.577335
vt -0.423900 0.549618
vt 0.666433 0.033552
vt 0.666433 0.000000
vt 0.694345 0.000000
vt 0.694345 0.033478
vt -0.446855 0.549618
vt -0.423900 0.549618
vt -0.423900 0.577335
vt -0.446855 0.577396
vt 0.000000 0.033487
vt 0.000000 0.033487
vt 0.000000 0.033487
vt 0.000000 0.033487
vt -0.421035 0.372023
vt -0.421035 0.577396
vt -0.446855 0.577396
vt -0.446855 0.372023
vt 0.000000 0.033487
vt 0.000000 0.033487
vt 0.000000 0.033487
vt 0.000000 0.033487
vt 0.000000 0.033487
vt 0.660404 0.190634
vt 0.717538 0.190634
vt 0.717538 0.215638
vt 0.660404 0.215638
vt 0.660404 0.170632
vt 0.717538 0.170632
vt 0.660404 0.272772
vt 0.715050 0.270284
vt 0.522893 0.215638
vt 0.522893 0.190634
vt 0.660404 0.122625
vt 0.717538 0.122625
vt 0.522893 0.170632
vt 0.629765 0.272772
vt 0.577398 0.272772
vt 0.554955 0.272772
vt 0.522893 0.272772
vt 0.660404 0.090621
vt 0.717538 0.090621
vt 0.522893 0.122625
vt 0.660404 0.033487
vt 0.715050 0.035975
vt 0.522893 0.090621
vt 0.522893 0.033487
vt 0.194645 0.667221
vt 0.137510 0.667221
vt 0.137510 0.642217
vt 0.194645 0.642217
vt 0.194645 0.687223
vt 0.137510 0.687223
vt -0.000000 0.667221
vt -0.000000 0.642217
vt 0.137510 0.585083
vt 0.192157 0.587571
vt 0.194645 0.735229
vt 0.137510 0.735229
vt -0.000000 0.687223
vt -0.000000 0.585083
vt 0.032215 0.585083
vt 0.054766 0.585083
vt 0.107384 0.585083
vt 0.194645 0.767234
vt 0.137510 0.767234
vt -0.000000 0.735229
vt 0.137510 0.824368
vt 0.192157 0.821880
vt -0.000000 0.767234
vt -0.000000 0.824368
vt 0.796569 0.479358
vt 0.796569 0.509198
vt 0.789467 0.509198
vt 0.789467 0.479358
vt 0.651054 0.514598
vt 0.651054 0.484825
vt 0.658156 0.484825
vt 0.658156 0.514598
vt 0.958638 0.445473
vt 0.958638 0.415500
vt 0.965741 0.415500
vt 0.965741 0.445473
vt 0.176274 0.402884
vt 0.176274 0.432925
vt 0.169171 0.432925
vt 0.169171 0.402884
vt 0.754185 0.127794
vt 0.754185 0.150320
vt 0.743329 0.150320
vt 0.743329 0.127794
vt 0.743329 0.056069
vt 0.743329 0.033487
vt 0.754185 0.033487
vt 0.754185 0.056069
vt 0.961913 0.718372
vt 0.961913 0.743338
vt 0.938132 0.743338
vt 0.938132 0.718372
vt 0.961913 0.763311
vt 0.938132 0.763311
vt 0.787615 0.241436
vt 0.787615 0.266402
vt 0.763834 0.266402
vt 0.763834 0.241436
vt 0.902247 0.081422
vt 0.926028 0.081422
vt 0.926028 0.113379
vt 0.902247 0.113379
vt 0.926028 0.033487
vt 0.902247 0.033487
vt 0.926028 0.113379
vt 0.926028 0.145335
vt 0.902247 0.145335
vt 0.902247 0.113379
vt 0.926028 0.193271
vt 0.902247 0.193271
vt 0.753049 0.236875
vt 0.733076 0.236875
vt 0.733076 0.213095
vt 0.753049 0.213095
vt 0.948667 0.557991
vt 0.948667 0.605926
vt 0.948667 0.637883
vt 0.933006 0.637883
vt 0.933006 0.557991
vt 0.656462 0.404933
vt 0.656462 0.436890
vt 0.640801 0.436890
vt 0.640801 0.404933
vt 0.656462 0.484825
vt 0.640801 0.484825
vt 0.265208 0.807047
vt 0.265208 0.839006
vt 0.265208 0.886945
vt 0.265208 0.886945
vt 0.265208 0.807047
vt 0.246844 0.886945
vt 0.246844 0.839006
vt 0.246844 0.807047
vt 0.230688 0.886945
vt 0.230688 0.839006
vt 0.744105 0.857891
vt 0.762467 0.857891
vt 0.762467 0.889848
vt 0.744105 0.889848
vt 0.762467 0.809956
vt 0.744105 0.809956
vt 0.727950 0.857891
vt 0.727950 0.809956
vt 0.000000 0.502924
vt 0.057149 0.502924
vt 0.057149 0.527933
vt 0.000000 0.527933
vt 0.000000 0.482916
vt 0.057149 0.482916
vt 0.088234 0.502924
vt 0.088234 0.527933
vt 0.057149 0.585083
vt 0.002489 0.582594
vt 0.000000 0.434897
vt 0.057149 0.434897
vt 0.088234 0.482916
vt 0.088234 0.585083
vt 0.000000 0.402884
vt 0.057149 0.402884
vt 0.119674 0.527933
vt 0.119674 0.585083
vt 0.057149 0.345735
vt 0.002489 0.348224
vt 0.151114 0.527933
vt 0.151114 0.585083
vt 0.088234 0.345735
vt 0.088234 0.402884
vt 0.119674 0.502924
vt 0.151114 0.502924
vt 0.182198 0.527933
vt 0.182198 0.585083
vt 0.119674 0.345735
vt 0.119674 0.402884
vt 0.182198 0.502924
vt 0.239347 0.527933
vt 0.236859 0.582594
vt 0.151114 0.345735
vt 0.151114 0.402884
vt 0.151114 0.482916
vt 0.182198 0.482916
vt 0.239347 0.502924
vt 0.182198 0.345735
vt 0.182198 0.402884
vt 0.239347 0.482916
vt 0.239347 0.402884
vt 0.236859 0.348224
vt 0.182198 0.434897
vt 0.239347 0.434897
vt 0.162847 0.465655
vt 0.137880 0.465655
vt 0.137880 0.434270
vt 0.162847 0.434270
vt 0.117907 0.465655
vt 0.117907 0.434270
vt 0.137880 0.402884
vt 0.117907 0.402884
vt 0.786125 0.269835
vt 0.786125 0.519472
vt 0.754740 0.519472
vt 0.754740 0.269835
vt 0.723709 0.519472
vt 0.666660 0.514119
vt 0.661306 0.457069
vt 0.661306 0.425112
vt 0.661306 0.377177
vt 0.661306 0.357204
vt 0.661306 0.332238
vt 0.666660 0.275188
vt 0.723709 0.269835
vt 0.734234 0.577488
vt 0.734234 0.602455
vt 0.734234 0.622428
vt 0.734234 0.670363
vt 0.734234 0.702320
vt 0.728881 0.759370
vt 0.671831 0.764723
vt 0.640801 0.764723
vt 0.640801 0.515085
vt 0.671831 0.515085
vt 0.728881 0.520439
vt 0.303085 0.586301
vt 0.303085 0.835939
vt 0.271700 0.835939
vt 0.271700 0.586301
vt 0.953511 0.284807
vt 0.953511 0.253776
vt 0.960614 0.253776
vt 0.960614 0.284807
vt 0.965741 0.160685
vt 0.965741 0.191716
vt 0.958638 0.191716
vt 0.958638 0.160685
vt 0.953511 0.253776
vt 0.953511 0.222746
vt 0.960614 0.222746
vt 0.960614 0.253776
vt 0.960614 0.191716
vt 0.960614 0.222746
vt 0.953511 0.222746
vt 0.953511 0.191716
vt 0.938132 0.290480
vt 0.938132 0.259449
vt 0.948989 0.259449
vt 0.948989 0.290480
vt 0.938132 0.228064
vt 0.948989 0.228064
vt 0.938132 0.196679
vt 0.948989 0.196679
vt 0.938132 0.165648
vt 0.948989 0.165648
vt 0.943862 0.384281
vt 0.943862 0.415311
vt 0.933006 0.415311
vt 0.933006 0.384281
vt 0.943862 0.352895
vt 0.933006 0.352895
vt 0.943862 0.321510
vt 0.933006 0.321510
vt 0.943862 0.290480
vt 0.933006 0.290480
vt 0.522893 0.834207
vt 0.553924 0.834207
vt 0.553924 0.866163
vt 0.522893 0.866163
vt 0.553924 0.914099
vt 0.522893 0.914099
vt 0.959265 0.990171
vt 0.927879 0.990171
vt 0.927879 0.958214
vt 0.959265 0.958214
vt 0.902874 0.228242
vt 0.871489 0.228242
vt 0.871489 0.196285
vt 0.902874 0.196285
vt 0.902874 0.276177
vt 0.871489 0.276177
vt 0.589809 0.866163
vt 0.558778 0.866163
vt 0.558778 0.834207
vt 0.589809 0.834207
vt 0.589809 0.914099
vt 0.558778 0.914099
vt 0.154419 0.971883
vt 0.123034 0.971883
vt 0.123034 0.923948
vt 0.154419 0.923948
vt 0.379188 0.528861
vt 0.379188 0.586301
vt 0.240941 0.586301
vt 0.240941 0.528861
vt 0.436628 0.528861
vt 0.434127 0.583800
vt 0.240941 0.497618
vt 0.379188 0.497618
vt 0.436628 0.497618
vt 0.240941 0.466018
vt 0.379188 0.466018
vt 0.436628 0.466018
vt 0.240941 0.434418
vt 0.379188 0.434418
vt 0.436628 0.434418
vt 0.240941 0.403176
vt 0.379188 0.403176
vt 0.436628 0.403176
vt 0.379188 0.345735
vt 0.240941 0.345735
vt 0.434127 0.348237
vt 0.604325 0.586301
vt 0.604158 0.528861
vt 0.636558 0.528861
vt 0.636558 0.586301
vt 0.581762 0.586301
vt 0.581478 0.528861
vt 0.604138 0.497618
vt 0.636558 0.497618
vt 0.529114 0.586301
vt 0.528557 0.528861
vt 0.604117 0.466018
vt 0.636558 0.466018
vt 0.498311 0.586301
vt 0.498311 0.528861
vt 0.528490 0.497618
vt 0.581443 0.497618
vt 0.604097 0.434418
vt 0.636558 0.434418
vt 0.440871 0.528861
vt 0.443372 0.583800
vt 0.581409 0.466018
vt 0.528423 0.466018
vt 0.604077 0.403176
vt 0.636558 0.403176
vt 0.440871 0.497618
vt 0.498311 0.497618
vt 0.498311 0.466018
vt 0.581374 0.434418
vt 0.528355 0.434418
vt 0.604170 0.345735
vt 0.636558 0.345735
vt 0.440871 0.466018
vt 0.498311 0.434418
vt 0.581340 0.403176
vt 0.528288 0.403176
vt 0.581499 0.345735
vt 0.440871 0.434418
vt 0.528599 0.345735
vt 0.440871 0.403176
vt 0.498311 0.403176
vt 0.498311 0.345735
vt 0.443372 0.348236
vt 0.537515 0.990492
vt 0.507514 0.990492
vt 0.507514 0.959294
vt 0.537448 0.959294
vt 0.138413 0.434083
vt 0.138413 0.402884
vt 0.168549 0.402884
vt 0.168616 0.434083
vt 0.881879 0.873899
vt 0.881845 0.842701
vt 0.904507 0.842701
vt 0.904527 0.873899
vt 0.904486 0.811146
vt 0.881810 0.811146
vt 0.904466 0.779591
vt 0.881776 0.779591
vt 0.904446 0.748393
vt 0.881742 0.748393
vt 0.490412 0.887076
vt 0.490412 0.918631
vt 0.466503 0.918631
vt 0.466503 0.887076
vt 0.717697 0.158993
vt 0.717697 0.127794
vt 0.741606 0.127794
vt 0.741606 0.158993
vt 0.717697 0.096240
vt 0.741606 0.096240
vt 0.717697 0.064685
vt 0.741606 0.064685
vt 0.757352 0.096240
vt 0.757352 0.127794
vt 0.717697 0.033487
vt 0.741606 0.033487
vt 0.757352 0.064685
vt 0.526297 0.403176
vt 0.526297 0.434374
vt 0.502388 0.434374
vt 0.502388 0.403176
vt 0.526297 0.497618
vt 0.526297 0.528816
vt 0.502388 0.528816
vt 0.502388 0.497618
vt 0.654457 0.968445
vt 0.654457 1.000000
vt 0.630548 1.000000
vt 0.630548 0.968445
vt 0.959005 0.065042
vt 0.959005 0.096596
vt 0.943259 0.096596
vt 0.943259 0.065042
vt 0.959005 0.033487
vt 0.943259 0.033487
vt 0.882538 0.983044
vt 0.850983 0.983044
vt 0.850983 0.964582
vt 0.882538 0.964582
vt 0.850983 0.948340
vt 0.882538 0.948340
vt 0.943259 0.485576
vt 0.943259 0.454021
vt 0.961720 0.454021
vt 0.961720 0.485576
vt 0.128160 0.497210
vt 0.128160 0.465655
vt 0.144402 0.465655
vt 0.144402 0.497210
vn -0.999621 0.027533 0.000000
vn -0.995626 0.093426 0.000000
vn -0.995699 0.078517 -0.049180
vn -0.997872 0.022509 -0.061192
vn -0.093426 0.995626 0.000000
vn -0.060666 0.998158 0.000000
vn -0.050245 0.997198 -0.055422
vn -0.078517 0.995699 -0.049180
vn -0.055743 0.022617 0.998189
vn -0.086411 0.019747 0.996064
vn -0.092433 0.000000 0.995719
vn -0.060018 0.000000 0.998197
vn -0.995896 0.019957 0.088279
vn -0.998148 0.022910 0.056357
vn -0.998157 0.000000 0.060685
vn -0.995531 0.000000 0.094430
vn 0.000000 0.995532 0.094430
vn 0.000000 0.995532 0.094430
vn 0.000000 0.995532 0.094430
vn 0.000000 0.995532 0.094430
vn 0.000000 0.092433 0.995719
vn 0.000000 0.027238 0.999629
vn 0.000000 0.027238 0.999629
vn 0.000000 0.092433 0.995719
vn 0.060666 0.998158 0.000000
vn 0.093426 0.995626 0.000000
vn 0.078517 0.995699 -0.049180
vn 0.050245 0.997198 -0.055422
vn 0.995626 0.093426 0.000000
vn 0.999621 0.027533 0.000000
vn 0.997872 0.022509 -0.061192
vn 0.995699 0.078517 -0.049180
vn 0.998148 0.022910 0.056357
vn 0.995896 0.019957 0.088279
vn 0.995531 0.000000 0.094430
vn 0.998157 0.000000 0.060685
vn 0.086411 0.019747 0.996064
vn 0.055743 0.022617 0.998189
vn 0.060018 0.000000 0.998197
vn 0.092433 0.000000 0.995719
vn -0.995896 0.019957 -0.088279
vn -0.995532 0.000000 -0.094430
vn -0.995532 0.000000 -0.094430
vn -0.995532 0.000000 -0.094430
vn -0.995532 0.000000 -0.094430
vn -0.997831 0.000000 -0.065836
vn -0.092433 0.000000 -0.995719
vn -0.070094 0.000000 -0.997540
vn -0.059957 0.000000 -0.998201
vn -0.092433 0.000000 -0.995719
vn -0.000000 0.073250 -0.997314
vn 0.000000 0.092433 -0.995719
vn 0.000000 0.092433 -0.995719
vn -0.000000 0.060791 -0.998151
vn 0.000000 0.995532 -0.094430
vn 0.000000 0.996979 -0.077669
vn 0.000000 0.996985 -0.077590
vn 0.000000 0.995532 -0.094430
vn 0.070140 0.000000 -0.997537
vn 0.092433 0.000000 -0.995719
vn 0.092433 0.000000 -0.995719
vn 0.059994 0.000000 -0.998199
vn 0.995896 0.019957 -0.088279
vn 0.997831 0.000000 -0.065836
vn 0.995531 0.000000 -0.094430
vn 0.995531 0.000000 -0.094430
vn 0.995531 0.000000 -0.094430
vn 0.995531 0.000000 -0.094430
vn 0.000000 0.000000 1.000000
vn 0.000000 0.000000 1.000000
vn 0.000000 1.000000 0.000000
vn -0.000000 1.000000 -0.000000
vn 0.000000 1.000000 -0.000000
vn 0.000000 1.000000 0.000000
vn 0.000000 0.000000 -1.000000
vn 0.000000 0.000000 -1.000000
vn 0.000000 0.000000 -1.000000
vn 0.000000 0.000000 -1.000000
vn 1.000000 0.000000 0.000000
vn -1.000000 0.000000 0.000000
vn 0.000000 -1.000000 0.000000
vn 0.000000 -1.000000 0.000000
vn 0.000000 -1.000000 0.000000
vn 0.000000 -1.000000 0.000000
vn -0.045149 0.995735 0.080458
vn -0.058611 0.996565 0.058499
vn -0.079750 0.995792 0.045144
vn -0.071447 0.994826 0.072222
vn -0.995792 0.079750 0.045144
vn -0.994826 0.071447 0.072222
vn -0.044672 0.078754 0.995893
vn -0.070693 0.070693 0.994990
vn 0.995792 0.079750 0.045144
vn 0.994826 0.071447 0.072222
vn 0.079750 0.995792 0.045144
vn 0.058611 0.996565 0.058499
vn 0.045149 0.995735 0.080458
vn 0.071447 0.994826 0.072222
vn 0.044672 0.078754 0.995893
vn 0.070693 0.070693 0.994990
vn -0.044672 0.078754 -0.995893
vn -0.057498 0.058069 -0.996655
vn -0.078636 0.045053 -0.995885
vn -0.070693 0.070693 -0.994990
vn -0.994826 0.071447 -0.072222
vn -0.045149 0.995735 -0.080458
vn -0.071447 0.994826 -0.072222
vn 0.994826 0.071447 -0.072222
vn 0.078571 0.045264 -0.995880
vn 0.057379 0.058264 -0.996651
vn 0.044672 0.078754 -0.995893
vn 0.070693 0.070693 -0.994990
vn 0.045149 0.995735 -0.080458
vn 0.071447 0.994826 -0.072222
vn -0.068770 0.000000 -0.997633
vn -0.092433 0.000000 -0.995719
vn -0.000000 0.000000 -1.000000
vn -0.000000 0.000000 -1.000000
vn 0.092433 0.000000 -0.995719
vn 0.068755 0.000000 -0.997634
vn 0.000000 0.027238 0.999629
vn 0.000000 0.000000 1.000000
vn 0.000000 0.092433 0.995719
vn 0.000000 0.995532 0.094430
vn 0.000000 0.995532 0.094430
vn 0.000000 0.997831 -0.065836
vn 0.000000 1.000000 0.000000
vn 0.000000 0.995532 -0.094430
vn -0.000000 0.073284 -0.997311
vn 0.000000 0.092433 -0.995719
vn -0.000000 0.000000 -1.000000
vn -0.000000 0.000000 -1.000000
vn -0.000000 0.000000 -1.000000
vn -0.000000 0.000000 -1.000000
vn 0.000000 0.000000 -1.000000
vn 0.000000 0.000000 -1.000000
vn 0.000000 -1.000000 0.000000
vn 0.000000 -1.000000 0.000000
vn 0.000000 -1.000000 0.000000
vn 0.000000 -1.000000 0.000000
vn 0.000000 -1.000000 0.000000
vn 0.000000 -1.000000 0.000000
vn 0.000000 -1.000000 0.000000
vn 0.000000 -1.000000 0.000000
vn 0.000000 -1.000000 0.000000
vn 0.000000 -1.000000 0.000000
vn 0.000000 -1.000000 0.000000
vn 0.000000 -1.000000 0.000000
vn 0.000000 -1.000000 0.000000
vn 0.000000 -1.000000 0.000000
vn 0.000000 -1.000000 0.000000
vn -0.000000 0.000000 -1.000000
vn 0.000000 1.000000 0.000000
vn 0.000000 -1.000000 0.000000
vn 0.000000 -1.000000 0.000000
vn 0.000000 -1.000000 0.000000
vn 0.000000 -1.000000 0.000000
vn 0.000000 -1.000000 0.000000
vn 0.000000 -1.000000 0.000000
vn 0.000000 -1.000000 0.000000
vn 0.000000 -1.000000 0.000000
vn 0.000000 -1.000000 0.000000
vn 0.000000 0.000000 -1.000000
vn 0.000000 0.000000 -1.000000
vn 0.000000 0.000000 -1.000000
vn 0.000000 0.000000 -1.000000
vn 0.000000 1.000000 0.000000
vn 0.000000 0.000000 0.000000
vn 0.000000 0.000000 0.000000
vn 0.000000 0.000000 0.000000
vn 0.000000 0.000000 0.000000
vn 0.000000 0.000000 0.000000
vn 0.000000 0.000000 0.000000
vn 0.000000 0.000000 0.000000
vn 0.000000 0.000000 0.000000
vn 0.000000 0.000000 0.000000
vn 0.000000 0.000000 0.000000
vn 0.000000 0.000000 0.000000
vn 0.000000 0.000000 0.000000
vn 0.000000 0.000000 0.000000
vn 0.000000 0.000000 0.000000
vn 0.000000 0.000000 0.000000
vn 0.000000 0.000000 0.000000
vn 0.000000 0.000000 0.000000
vn 0.000000 0.000000 0.000000
vn 0.000000 0.000000 0.000000
vn 0.000000 0.000000 0.000000
vn 0.000000 0.000000 0.000000
vn 0.000000 0.000000 0.000000
vn 0.000000 0.000000 0.000000
vn 0.000000 0.000000 0.000000
vn 0.000000 0.000000 0.000000
vn 0.000000 0.000000 0.000000
vn 0.000000 0.000000 0.000000
vn 0.000000 0.000000 0.000000
vn 0.000000 0.000000 0.000000
vn 0.000000 0.000000 0.000000
vn 0.000000 0.000000 0.000000
vn 0.000000 0.000000 0.000000
vn 1.000000 0.000000 0.000000
vn 1.000000 0.000000 0.000000
vn 1.000000 0.000000 0.000000
vn 1.000000 0.000000 0.000000
vn 0.000000 -1.000000 0.000000
vn 0.000000 -1.000000 0.000000
vn 0.000000 -1.000000 0.000000
vn 0.000000 -1.000000 0.000000
vn -1.000000 0.000000 0.000000
vn -1.000000 0.000000 0.000000
vn -1.000000 0.000000 0.000000
vn -1.000000 0.000000 0.000000
vn -0.002141 0.999998 0.000000
vn -0.002141 0.999998 0.000000
vn -0.002141 0.999998 0.000000
vn -0.002141 0.999998 0.000000
vn 0.000000 -1.000000 0.000000
vn 0.000000 -1.000000 0.000000
vn 0.000000 -1.000000 0.000000
vn 0.000000 -1.000000 0.000000
vn -1.000000 0.000000 0.000000
vn -1.000000 0.000000 0.000000
vn -1.000000 0.000000 0.000000
vn -1.000000 0.000000 0.000000
vn -0.002141 0.999998 0.000000
vn -0.002141 0.999998 0.000000
vn -0.002141 0.999998 0.000000
vn -0.002141 0.999998 0.000000
vn 1.000000 0.000000 0.000000
vn 1.000000 0.000000 0.000000
vn 1.000000 0.000000 0.000000
vn 1.000000 0.000000 0.000000
vn -0.092433 0.000000 -0.995719
vn -0.067063 0.000000 -0.997749
vn 0.000000 0.000000 -1.000000
vn 0.000000 0.000000 -1.000000
vn 0.000000 0.000000 -1.000000
vn 0.000000 0.000000 -1.000000
vn 0.000000 0.000000 -1.000000
vn 0.000000 0.000000 -1.000000
vn 0.000000 0.000000 -1.000000
vn 0.000000 0.000000 -1.000000
vn 0.000000 0.000000 -1.000000
vn 0.000000 0.000000 -1.000000
vn 0.067060 0.000000 -0.997749
vn 0.092433 0.000000 -0.995719
vn -0.000000 0.000000 -1.000000
vn -0.000000 0.000000 -1.000000
vn 0.000000 0.000000 -1.000000
vn 0.001092 -0.999999 0.000000
vn 0.001092 -0.999999 -0.000000
vn 0.001092 -0.999999 -0.000000
vn 0.001092 -0.999999 0.000000
vn -0.000642 1.000000 -0.000000
vn -0.000642 1.000000 -0.000000
vn -0.000642 1.000000 -0.000000
vn -0.000642 1.000000 -0.000000
vn 1.000000 0.000000 0.000000
vn 1.000000 0.000000 0.000000
vn 1.000000 0.000000 0.000000
vn 1.000000 0.000000 0.000000
vn -0.000642 1.000000 0.000000
vn -0.000642 1.000000 0.000000
vn 0.001092 -0.999999 -0.000000
vn 0.001092 -0.999999 -0.000000
vn -0.000642 1.000000 0.000000
vn -0.000642 1.000000 0.000000
vn 0.001092 -0.999999 -0.000000
vn 0.001092 -0.999999 -0.000000
vn -0.000642 1.000000 0.000000
vn -0.000642 1.000000 0.000000
vn 0.001092 -0.999999 0.000000
vn 0.001092 -0.999999 0.000000
vn -1.000000 0.000000 0.000000
vn -1.000000 0.000000 0.000000
vn -1.000000 0.000000 0.000000
vn -1.000000 0.000000 0.000000
vn -0.999621 0.027533 0.000000
vn -1.000000 0.000000 0.000000
vn -0.995626 0.093426 0.000000
vn -0.093426 0.995626 0.000000
vn -0.093426 0.995626 0.000000
vn 0.000000 1.000000 0.000000
vn 0.000000 1.000000 0.000000
vn 0.000000 1.000000 0.000000
vn 0.000000 1.000000 0.000000
vn -0.000000 1.000000 0.000000
vn -0.000000 1.000000 0.000000
vn -0.000000 1.000000 0.000000
vn -0.000000 1.000000 0.000000
vn 0.000001 1.000000 0.000000
vn 0.000001 1.000000 0.000000
vn 0.000000 1.000000 0.000000
vn 0.000000 1.000000 0.000000
vn 0.000000 1.000000 0.000000
vn 0.000000 1.000000 0.000000
vn 0.000000 1.000000 0.000000
vn 0.000000 1.000000 0.000000
vn 0.093426 0.995626 0.000000
vn 0.093426 0.995626 0.000000
vn 0.999621 0.027533 0.000000
vn 0.995626 0.093426 0.000000
vn 1.000000 0.000000 0.000000
vn 0.999621 0.027533 0.000000
vn 1.000000 -0.000000 0.000000
vn 0.995626 0.093426 0.000000
vn 0.080632 0.996744 0.000000
vn 0.093426 0.995626 0.000000
vn 0.000000 1.000000 0.000000
vn 0.000000 1.000000 -0.000000
vn 0.000000 1.000000 -0.000000
vn 0.000000 1.000000 -0.000000
vn -0.000000 1.000000 -0.000000
vn -0.080632 0.996744 0.000000
vn 0.000000 1.000000 0.000000
vn -0.093426 0.995626 0.000000
vn -0.999621 0.027533 0.000000
vn -0.995626 0.093426 0.000000
vn -1.000000 0.000000 0.000000
vn 1.000000 0.000000 0.000000
vn 1.000000 0.000000 0.000000
vn 1.000000 0.000000 0.000000
vn 1.000000 0.000000 0.000000
vn -1.000000 0.000000 0.000000
vn -1.000000 0.000000 0.000000
vn -1.000000 0.000000 0.000000
vn -1.000000 0.000000 0.000000
vn 0.000000 0.000000 1.000000
vn 0.000000 0.000000 1.000000
vn 0.000000 0.000000 1.000000
vn 0.000000 0.000000 1.000000
vn 0.000000 0.000000 -1.000000
vn 0.000000 0.000000 -1.000000
vn 0.000000 0.000000 -1.000000
vn 0.000000 0.000000 -1.000000
vn -0.000000 0.000000 1.000000
vn -0.000000 0.000000 1.000000
vn -0.000000 0.000000 1.000000
vn -0.000000 0.000000 1.000000
vn 1.000000 0.000000 0.000000
vn 1.000000 0.000000 0.000000
vn 1.000000 0.000000 0.000000
vn 1.000000 0.000000 0.000000
vn 0.000000 0.000000 -1.000000
vn 0.000000 0.000000 -1.000000
vn 0.000000 0.000000 -1.000000
vn 0.000000 0.000000 -1.000000
vn 0.000000 0.000000 1.000000
vn 0.000000 0.000000 1.000000
vn 0.000000 0.000000 1.000000
vn 0.000000 0.000000 1.000000
vn 0.000000 0.000000 -1.000000
vn 0.000000 0.000000 -1.000000
vn -1.000000 0.000000 0.000000
vn -1.000000 0.000000 0.000000
vn -1.000000 0.000000 0.000000
vn -1.000000 0.000000 0.000000
vn -0.000000 0.000000 1.000000
vn -0.000000 0.000000 1.000000
vn -0.000000 0.000000 1.000000
vn -0.000000 0.000000 1.000000
vn -1.000000 0.000000 0.000000
vn -1.000000 0.000000 0.000000
vn -1.000000 0.000000 0.000000
vn -1.000000 0.000000 0.000000
vn 1.000000 0.000000 0.000000
vn 1.000000 0.000000 0.000000
vn 0.000000 -0.000000 1.000000
vn 0.000000 -0.000000 1.000000
vn 0.000000 -0.000000 1.000000
vn 0.000000 -0.000000 1.000000
vn 1.000000 0.000000 0.000000
vn 1.000000 0.000000 0.000000
vn 1.000000 0.000000 0.000000
vn 1.000000 0.000000 0.000000
vn 1.000000 0.000000 0.000000
vn 0.000000 0.000000 -1.000000
vn 0.000000 0.000000 -1.000000
vn -0.000000 -0.000000 1.000000
vn -0.000000 -0.000000 1.000000
vn 0.000000 0.000000 -1.000000
vn -1.000000 0.000000 0.000000
vn -1.000000 0.000000 0.000000
vn -1.000000 0.000000 0.000000
vn -1.000000 0.000000 0.000000
vn 0.000000 0.000000 0.000000
vn 0.000000 0.000000 0.000000
vn 0.000000 0.000000 0.000000
vn 0.000000 0.000000 0.000000
vn 0.000000 0.000000 0.000000
vn 0.000000 0.000000 0.000000
vn 0.000000 0.000000 0.000000
vn 0.000000 0.000000 0.000000
vn 0.000000 0.000000 0.000000
vn 0.000000 0.000000 0.000000
vn 0.000000 0.000000 0.000000
vn 0.000000 0.000000 0.000000
vn 0.000000 0.000000 0.000000
vn 0.000000 0.000000 0.000000
vn 0.000000 0.000000 0.000000
vn 0.000000 0.000000 0.000000
vn 0.000000 0.000000 0.000000
vn 0.000000 0.000000 0.000000
vn 0.000000 0.000000 0.000000
vn 0.000000 0.000000 0.000000
vn 0.000000 0.000000 0.000000
vn 0.000000 0.000000 0.000000
vn 0.000000 0.000000 0.000000
vn 0.000000 0.000000 0.000000
vn 0.000000 0.000000 0.000000
vn 0.000000 0.000000 0.000000
vn 0.000000 0.000000 0.000000
vn 0.000000 0.000000 0.000000
vn 0.000000 0.000000 0.000000
vn -0.000000 0.000000 0.000000
vn -1.000000 0.000000 0.000000
vn -0.000000 0.000000 0.000000
vn -0.000000 0.000000 0.000000
vn -0.000000 0.000000 0.000000
vn 0.000000 -0.000000 1.000000
vn 0.000000 -0.000000 1.000000
vn 0.000000 -0.000000 1.000000
vn 0.000000 -0.000000 1.000000
vn 1.000000 0.000000 0.000000
vn 1.000000 0.000000 0.000000
vn 1.000000 0.000000 0.000000
vn 1.000000 0.000000 0.000000
vn 0.000000 0.000000 -1.000000
vn 0.000000 0.000000 -1.000000
vn 0.000000 0.000000 -1.000000
vn 0.000000 0.000000 -1.000000
vn -1.000000 -0.000000 -0.000000
vn -1.000000 -0.000000 -0.000000
vn -1.000000 -0.000001 -0.000000
vn -1.000000 -0.000000 -0.000000
vn -1.000000 -0.000000 -0.000000
vn -1.000000 0.000000 0.000000
vn -1.000000 0.000000 0.000000
vn 0.000000 1.000000 0.000000
vn 0.000000 1.000000 0.000000
vn -1.000000 0.000000 0.000000
vn -1.000000 0.000000 0.000000
vn 0.000001 1.000000 0.000000
vn 0.000001 1.000000 0.000000
vn -0.000001 1.000000 0.000000
vn -0.000001 1.000000 0.000000
vn -0.000001 1.000000 0.000000
vn -0.000001 1.000000 0.000000
vn 1.000000 0.000000 0.000000
vn 1.000000 0.000001 0.000000
vn 0.000000 1.000000 0.000000
vn 0.000000 1.000000 0.000000
vn 1.000000 0.000000 0.000000
vn 1.000000 0.000000 0.000000
vn 0.000000 0.000000 1.000000
vn 0.000000 0.000000 1.000000
vn 1.000000 0.000001 0.000000
vn 1.000000 0.000001 0.000000
vn -0.000000 -0.000000 -1.000000
vn -0.000000 -0.000000 -1.000000
vn -0.000000 -0.000000 -1.000000
vn -0.000000 -0.000000 -1.000000
vn -1.000000 -0.000001 0.000000
vn -1.000000 -0.000001 0.000000
s 1
g BODY_ROBOT pCube1
usemtl standardSurface5SG
f 568/968/1385 569/969/1386 470/970/1387 469/971/1388
s 2
f 569/1095/1389 570/1096/1390 471/1097/1391 470/1098/1392
s 3
f 459/1238/1393 458/1239/1394 482/1240/1395 481/1241/1396
s 1
f 458/988/1397 457/985/1398 480/990/1399 482/991/1400
s 2
f 518/1118/1401 519/1117/1402 502/1123/1403 503/1124/1404
s 3
f 519/1246/1405 520/1245/1406 501/1248/1407 502/1249/1408
s 2
f 574/1125/1409 575/1132/1410 478/1126/1411 477/1121/1412
s 8
f 575/992/1413 576/993/1414 479/994/1415 478/995/1416
f 467/1010/1417 466/1012/1418 484/1015/1419 483/1014/1420
s 3
f 466/1256/1421 465/1254/1422 485/1253/1423 484/1257/1424
s 1
f 469/971/1388 468/974/1425 496/981/1426 550/982/1427 543/983/1428 487/984/1429 486/976/1430
s 11
f 543/1259/1431 544/1260/1432 488/1261/1433 487/1262/1434
f 524/1284/1435 525/1283/1436 505/1290/1437 506/1285/1438
s 2
f 525/1108/1439 526/1102/1440 504/1111/1441 505/1112/1442
s 11
f 548/1281/1443 549/1288/1444 491/1289/1445 490/1282/1446
s 8
f 474/1000/1447 479/994/1415 489/999/1448 491/1005/1449 549/1006/1450 556/1007/1451 499/1008/1452
s 3
f 520/1245/1406 521/1244/1453 500/1247/1454 501/1248/1407
s 15
f 588/1140/1455 589/1141/1456 590/1142/1457 591/1143/1458
s 11
f 522/1266/1459 545/1265/1460 546/1269/1461 508/1270/1462
s 8
f 576/993/1414 577/998/1463 489/999/1448 479/994/1415
s 1
f 469/971/1388 486/976/1430 567/977/1464 568/968/1385
s 16
f 508/1148/1465 500/1149/1466 521/1150/1467 522/1151/1468
s 2
f 460/1113/1469 461/1110/1470 456/1109/1471 492/1114/1472
s 1
f 456/986/1473 457/985/1398 458/988/1397 492/989/1474
s 3
f 458/1239/1394 459/1238/1393 460/1242/1475 492/1243/1476
s 8
f 466/1012/1418 467/1010/1417 462/1009/1477 493/1013/1478
s 2
f 462/1136/1479 463/1134/1480 464/1133/1481 493/1137/1482
s 3
f 464/1255/1483 465/1254/1422 466/1256/1421 493/1258/1484
s 11
f 472/1277/1485 473/1272/1486 468/1271/1487 494/1278/1488
s 1
f 468/974/1425 469/971/1388 470/970/1387 494/975/1489
s 2
f 470/1098/1392 471/1097/1391 472/1103/1490 494/1104/1491
s 8
f 478/995/1416 479/994/1415 474/1000/1447 495/1001/1492
s 11
f 474/1299/1493 475/1298/1494 476/1297/1495 495/1300/1496
s 2
f 476/1122/1497 477/1121/1412 478/1126/1411 495/1127/1498
s 11
f 468/1271/1487 473/1272/1486 497/1268/1499 496/1267/1500
f 523/1273/1501 524/1284/1435 506/1285/1438 507/1280/1502
f 475/1298/1494 474/1299/1493 499/1296/1503 498/1293/1504
s 3
f 511/1251/1505 512/1250/1506 485/1253/1423 465/1254/1422
f 510/1252/1507 511/1251/1505 465/1254/1422 464/1255/1483
s 2
f 509/1129/1508 510/1128/1509 464/1133/1481 463/1134/1480
f 517/1115/1510 573/1120/1511 574/1125/1409 477/1121/1412
f 516/1116/1512 517/1115/1510 477/1121/1412 476/1122/1497
s 11
f 515/1291/1513 516/1295/1514 476/1297/1495 475/1298/1494
s off
f 535/1301/1515 536/1302/1516 537/1303/1517 538/1304/1518
s 11
f 513/1276/1519 547/1275/1520 548/1281/1443 490/1282/1446
s off
f 489/1161/1521 577/1162/1522 578/1163/1523 621/1164/1524 483/1165/1525 484/1166/1526 485/1167/1527 512/1168/1528 513/1169/1529 490/1170/1530 491/1171/1531
s 2
f 503/1124/1404 502/1123/1403 510/1128/1509 509/1129/1508
s 3
f 502/1249/1408 501/1248/1407 511/1251/1505 510/1252/1507
f 501/1248/1407 500/1247/1454 512/1250/1506 511/1251/1505
s off
f 610/1172/1532 609/1173/1533 611/1174/1534 612/1175/1535
s 11
f 508/1270/1462 546/1269/1461 547/1275/1520 513/1276/1519
f 507/1280/1502 506/1285/1438 515/1291/1513 514/1287/1536
f 506/1285/1438 505/1290/1437 516/1295/1514 515/1291/1513
s 2
f 505/1112/1442 504/1111/1441 517/1115/1510 516/1116/1512
f 504/1111/1441 572/1119/1537 573/1120/1511 517/1115/1510
f 461/1110/1470 460/1113/1469 519/1117/1402 518/1118/1401
s 3
f 460/1242/1475 459/1238/1393 520/1245/1406 519/1246/1405
f 459/1238/1393 481/1241/1396 521/1244/1453 520/1245/1406
s 16
f 522/1151/1468 521/1150/1467 481/1152/1538 482/1153/1539 480/1154/1540 637/1155/1541 587/1156/1542 567/1157/1543 486/1158/1544 487/1159/1545 488/1160/1546
s 11
f 544/1260/1432 545/1265/1460 522/1266/1459 488/1261/1433
s off
f 540/1305/1547 539/1306/1548 541/1307/1549 542/1308/1550
s 11
f 473/1272/1486 472/1277/1485 525/1283/1436 524/1284/1435
s 2
f 472/1103/1490 471/1097/1391 526/1102/1440 525/1108/1439
f 570/1096/1390 571/1101/1551 526/1102/1440 471/1097/1391
s off
f 514/943/1552 515/944/1553 528/948/1554 527/947/1555
f 515/944/1556 475/936/1557 529/949/1558 528/948/1559
f 475/936/1560 498/938/1561 530/950/1562 529/949/1563
f 498/938/1564 514/943/1565 527/947/1566 530/950/1567
usemtl standardSurface4SG
f 473/935/1568 524/946/1569 531/952/1570 532/951/1571
f 524/946/1572 523/945/1573 533/953/1574 531/952/1575
f 523/945/1576 497/937/1577 534/954/1578 533/953/1579
f 497/937/1580 473/935/1581 532/951/1582 534/954/1583
usemtl standardSurface5SG
f 527/1016/1584 528/1017/1585 536/1018/1586 535/1019/1587
f 528/1176/1588 529/1177/1589 537/1178/1590 536/1179/1591
f 529/1020/1592 530/1021/1593 538/1022/1594 537/1023/1595
f 530/1180/1596 527/1181/1597 535/1182/1598 538/1183/1599
f 532/1184/1600 531/1185/1601 539/1186/1602 540/1187/1603
f 531/1024/1604 533/1025/1605 541/1026/1606 539/1027/1607
f 533/1188/1608 534/1189/1609 542/1190/1610 541/1191/1611
f 534/1028/1612 532/1029/1613 540/1030/1614 542/1031/1615
s 11
f 550/1263/1616 551/1264/1617 544/1260/1432 543/1259/1431
s 19
f 557/1309/1618 558/1310/1619 559/1311/1620 560/1312/1621
f 561/1313/1622 559/1311/1620 558/1310/1619 562/1314/1623
f 563/1315/1624 561/1313/1622 562/1314/1623 564/1316/1625
f 565/1317/1626 563/1315/1624 564/1316/1625 566/1318/1627
s 11
f 555/1292/1628 556/1294/1629 549/1288/1444 548/1281/1443
f 496/1267/1500 497/1268/1499 551/1264/1617 550/1263/1616
f 497/1268/1499 523/1273/1501 552/1274/1630 551/1264/1617
f 553/1279/1631 552/1274/1630 523/1273/1501 507/1280/1502
f 554/1286/1632 553/1279/1631 507/1280/1502 514/1287/1536
f 555/1292/1628 554/1286/1632 514/1287/1536 498/1293/1504
f 498/1293/1504 499/1296/1503 556/1294/1629 555/1292/1628
s 20
f 551/1192/1633 552/1193/1634 558/1194/1635 557/1195/1636
s 21
f 545/1202/1637 544/1203/1638 560/1204/1639 559/1205/1640
s off
f 544/1032/1641 551/1033/1642 557/1034/1643 560/1035/1644
s 21
f 546/1206/1645 545/1202/1637 559/1205/1640 561/1207/1646
s 20
f 552/1193/1634 553/1196/1647 562/1197/1648 558/1194/1635
s 21
f 547/1208/1649 546/1206/1645 561/1207/1646 563/1209/1650
s 20
f 553/1196/1647 554/1198/1651 564/1199/1652 562/1197/1648
s 21
f 548/1210/1653 547/1208/1649 563/1209/1650 565/1211/1654
s 20
f 554/1198/1651 555/1200/1655 566/1201/1656 564/1199/1652
s off
f 555/1036/1657 548/1037/1658 565/1038/1659 566/1039/1660
s 1
f 636/978/1661 637/987/1662 480/990/1399 457/985/1398
f 457/985/1398 456/986/1473 635/979/1663 636/978/1661
s 2
f 456/1109/1471 461/1110/1470 634/1106/1664 635/1105/1665
s 22
f 593/1212/1666 592/1213/1667 632/1214/1668 633/1215/1669
s off
f 629/1218/1670 630/1219/1671 619/1220/1672 620/1221/1673
s 23
f 627/1222/1674 628/1223/1675 606/1224/1676 608/1225/1677
s 24
f 625/1228/1678 626/1229/1679 599/1230/1680 601/1231/1681
s 2
f 463/1134/1480 462/1136/1479 623/1139/1682 624/1138/1683
s 8
f 462/1009/1477 467/1010/1417 622/1003/1684 623/1002/1685
f 467/1010/1417 483/1014/1420 621/1011/1686 622/1003/1684
f 579/997/1687 578/1004/1688 577/998/1463 576/993/1414
f 580/996/1689 579/997/1687 576/993/1414 575/992/1413
s 2
f 581/1131/1690 580/1135/1691 575/1132/1410 574/1125/1409
f 574/1125/1409 573/1120/1511 582/1130/1692 581/1131/1690
s 15
f 602/1146/1693 590/1142/1457 596/1145/1694 598/1147/1695
f 590/1142/1457 589/1141/1456 594/1144/1696 596/1145/1694
s 2
f 584/1100/1697 583/1107/1698 571/1101/1551 570/1096/1390
f 585/1099/1699 584/1100/1697 570/1096/1390 569/1095/1389
s 1
f 586/972/1700 585/973/1701 569/969/1386 568/968/1385
f 568/968/1385 567/977/1464 587/980/1702 586/972/1700
s 25
f 526/1040/1703 571/1041/1704 589/1042/1705 588/1043/1706
s off
f 572/1046/1707 504/1047/1708 591/1048/1709 590/1049/1710
f 504/1319/1711 526/1320/1712 588/1321/1713 591/1322/1714
s 26
f 461/1323/1715 518/1324/1716 592/1325/1717 593/1326/1718
s off
f 583/1336/1719 584/1337/1720 595/1338/1721 594/1339/1722
s 27
f 633/1050/1723 634/1051/1724 461/1052/1725 593/1053/1726
s 26
f 518/1324/1716 503/1327/1727 597/1328/1728 592/1325/1717
f 503/1327/1727 509/1329/1729 599/1330/1730 597/1328/1728
s off
f 581/1340/1731 582/1341/1732 598/1342/1733 600/1343/1734
s 26
f 509/1329/1729 463/1333/1735 601/1334/1736 599/1330/1730
s 28
f 463/1056/1737 624/1057/1738 625/1058/1739 601/1059/1740
s off
f 573/1344/1741 572/1345/1742 590/1346/1743 602/1347/1744
f 582/1062/1745 573/1063/1746 602/1064/1747 598/1065/1748
s 25
f 571/1041/1704 583/1044/1749 594/1045/1750 589/1042/1705
s 29
f 596/1348/1751 594/1349/1752 604/1350/1753 603/1351/1754
s off
f 594/1066/1755 632/1067/1756 592/1068/1757 605/1069/1758 604/1070/1759
s 26
f 592/1325/1717 597/1328/1728 606/1331/1760 605/1332/1761
s 29
f 598/1352/1762 596/1348/1751 603/1351/1754 607/1353/1763
s 26
f 597/1328/1728 599/1330/1730 608/1335/1764 606/1331/1760
s 30
f 599/1071/1765 626/1072/1766 627/1073/1767 608/1074/1768
s off
usemtl standardSurface4SG
f 513/942/1769 512/941/1770 609/960/1771 610/959/1772
f 512/941/1773 500/939/1774 611/961/1775 609/960/1776
f 500/939/1777 508/940/1778 612/962/1779 611/961/1780
f 508/940/1781 513/942/1782 610/959/1783 612/962/1784
usemtl standardSurface5SG
f 603/955/1785 604/956/1786 614/964/1787 613/963/1788
f 604/956/1789 605/957/1790 615/965/1791 631/967/1792 614/964/1793
f 605/957/1794 606/958/1795 616/966/1796 615/965/1797
f 606/1077/1798 628/1078/1799 603/1079/1800 613/1080/1801 616/1081/1802
s 31
f 613/1354/1803 614/1355/1804 618/1356/1805 617/1357/1806
s 32
f 630/1087/1807 631/1088/1808 615/1089/1809 619/1090/1810
s off
f 615/1360/1811 616/1361/1812 620/1362/1813 619/1363/1814
s 33
f 616/1081/1815 613/1080/1816 617/1082/1817 629/1083/1818 620/1084/1819
s 8
f 622/1003/1684 621/1011/1686 578/1004/1688 579/997/1687
f 623/1002/1685 622/1003/1684 579/997/1687 580/996/1689
s 2
f 624/1138/1683 623/1139/1682 580/1135/1691 581/1131/1690
s 28
f 625/1058/1739 624/1057/1738 581/1060/1820 600/1061/1821
s 24
f 600/1232/1822 598/1233/1823 626/1229/1679 625/1228/1678
s 30
f 627/1073/1767 626/1072/1766 598/1075/1824 607/1076/1825
s 23
f 607/1226/1826 603/1227/1827 628/1223/1675 627/1222/1674
s off
f 638/1234/1828 639/1235/1829 640/1236/1830 641/1237/1831
s 32
f 614/1091/1832 631/1088/1808 630/1087/1807 618/1092/1833
s 22
f 633/1215/1669 632/1214/1668 594/1216/1834 595/1217/1835
s 27
f 584/1054/1836 634/1051/1724 633/1050/1723 595/1055/1837
s 2
f 635/1105/1665 634/1106/1664 584/1100/1697 585/1099/1699
s 1
f 636/978/1661 635/979/1663 585/973/1701 586/972/1700
f 586/972/1700 587/980/1702 637/987/1662 636/978/1661
s 31
f 617/1357/1806 618/1356/1805 639/1358/1838 638/1359/1839
s 32
f 618/1092/1833 630/1087/1807 640/1093/1840 639/1094/1841
s off
f 630/1364/1842 629/1365/1843 641/1366/1844 640/1367/1845
s 33
f 629/1083/1818 617/1082/1817 638/1085/1846 641/1086/1847
g default
v 2.957210 13.133042 0.757537
v 4.429412 12.540766 1.089896
v 3.540446 14.642111 0.863279
v 5.012648 14.049834 1.195639
v 3.969705 14.613070 -1.089896
v 5.441907 14.020793 -0.757537
v 3.386469 13.104001 -1.195639
v 4.858671 12.511724 -0.863279
vt 0.569031 0.914099
vt 0.614227 0.914099
vt 0.614227 0.959294
vt 0.569031 0.959294
vt 0.850983 0.903144
vt 0.896179 0.903144
vt 0.896179 0.948340
vt 0.850983 0.948340
vt 0.774087 0.960349
vt 0.774087 0.915153
vt 0.819283 0.915153
vt 0.819283 0.960349
vt 0.522893 0.914099
vt 0.568089 0.914099
vt 0.568089 0.959294
vt 0.522893 0.959294
vt 0.261447 0.931730
vt 0.302139 0.931730
vt 0.302139 0.972422
vt 0.261447 0.972422
vt 0.404986 0.932400
vt 0.445679 0.932400
vt 0.445679 0.973092
vt 0.404986 0.973092
vn -0.214629 0.014521 0.976588
vn -0.214629 0.014521 0.976588
vn -0.214629 0.014521 0.976588
vn -0.214629 0.014521 0.976588
vn 0.359732 0.930773 0.065221
vn 0.359732 0.930773 0.065221
vn 0.359732 0.930773 0.065221
vn 0.359732 0.930773 0.065221
vn 0.214629 -0.014521 -0.976588
vn 0.214629 -0.014521 -0.976588
vn 0.214629 -0.014521 -0.976588
vn 0.214629 -0.014521 -0.976588
vn -0.359732 -0.930773 -0.065221
vn -0.359732 -0.930773 -0.065221
vn -0.359732 -0.930773 -0.065221
vn -0.359732 -0.930773 -0.065221
vn 0.908035 -0.365308 0.204995
vn 0.908035 -0.365308 0.204995
vn 0.908035 -0.365308 0.204995
vn 0.908035 -0.365308 0.204995
vn -0.908035 0.365308 -0.204995
vn -0.908035 0.365308 -0.204995
vn -0.908035 0.365308 -0.204995
vn -0.908035 0.365308 -0.204995
s off
g BODY_ROBOT pCube2
usemtl standardSurface5SG
f 642/1384/1848 643/1385/1849 645/1386/1850 644/1387/1851
f 644/1376/1852 645/1377/1853 647/1378/1854 646/1379/1855
f 646/1388/1856 647/1389/1857 649/1390/1858 648/1391/1859
f 648/1380/1860 649/1381/1861 643/1382/1862 642/1383/1863
f 643/1368/1864 649/1369/1865 647/1370/1866 645/1371/1867
f 648/1372/1868 642/1373/1869 644/1374/1870 646/1375/1871
g default
v 3.042312 5.416523 -0.348133
v 2.987198 5.937229 -0.203043
v 3.056587 6.031809 0.501259
v 3.181091 5.605684 1.060472
v 3.236205 5.084979 0.915382
v 3.166816 4.990399 0.211080
v 8.063464 6.111851 -0.936201
v 8.008349 6.632556 -0.791111
v 8.077738 6.727137 -0.086809
v 8.202242 6.301012 0.472404
v 8.257356 5.780307 0.327314
v 8.187967 5.685726 -0.376988
v 3.111702 5.511104 0.356170
v 8.132853 6.206432 -0.231898
vt 0.772807 0.033487
vt 0.786906 0.033487
vt 0.786906 0.196285
vt 0.772807 0.196285
vt 0.758708 0.033487
vt 0.758708 0.196285
vt 0.697191 0.762339
vt 0.711290 0.762339
vt 0.711290 0.925138
vt 0.697191 0.925138
vt 0.725389 0.762339
vt 0.725389 0.925138
vt 0.774087 0.984574
vt 0.774087 0.968419
vt 0.788078 0.976496
vt 0.788078 0.960342
vt 0.788078 0.992651
vt 0.802068 0.968419
vt 0.802068 0.984574
vt 0.684160 0.970354
vt 0.684160 0.986509
vt 0.670170 0.978431
vt 0.670170 0.994586
vt 0.670170 0.962277
vt 0.656180 0.986509
vt 0.656180 0.970354
vt 0.654017 0.404933
vt 0.640801 0.404933
vt 0.640801 0.272772
vt 0.654017 0.272772
vt 0.681812 0.763783
vt 0.695028 0.763783
vt 0.695028 0.895944
vt 0.681812 0.895944
vn -0.146822 0.251056 -0.956773
vn -0.146822 0.251056 -0.956773
vn -0.146822 0.251056 -0.956773
vn -0.146822 0.251056 -0.956773
vn -0.149670 0.981777 -0.117097
vn -0.149670 0.981777 -0.117097
vn -0.149670 0.981777 -0.117097
vn -0.149670 0.981777 -0.117097
vn -0.037942 0.790729 0.610990
vn -0.037942 0.790729 0.610990
vn -0.037942 0.790729 0.610990
vn -0.037942 0.790729 0.610990
vn 0.146822 -0.251056 0.956773
vn 0.146822 -0.251056 0.956773
vn 0.146822 -0.251056 0.956773
vn 0.146822 -0.251056 0.956773
vn 0.149670 -0.981778 0.117096
vn 0.149670 -0.981778 0.117096
vn 0.149670 -0.981778 0.117096
vn 0.149670 -0.981778 0.117096
vn 0.037942 -0.790729 -0.610990
vn 0.037942 -0.790729 -0.610990
vn 0.037942 -0.790729 -0.610990
vn 0.037942 -0.790729 -0.610990
vn -0.983948 -0.136257 0.115238
vn -0.983948 -0.136257 0.115238
vn -0.983948 -0.136257 0.115238
vn -0.983948 -0.136257 0.115238
vn -0.983948 -0.136257 0.115238
vn -0.983948 -0.136257 0.115238
vn -0.983948 -0.136257 0.115238
vn 0.983948 0.136257 -0.115238
vn 0.983948 0.136257 -0.115238
vn 0.983948 0.136257 -0.115238
vn 0.983948 0.136257 -0.115238
vn 0.983948 0.136257 -0.115238
vn 0.983948 0.136257 -0.115238
vn 0.983948 0.136257 -0.115238
s off
g BODY_ROBOT pCylinder2
usemtl standardSurface5SG
f 650/1418/1872 651/1419/1873 657/1420/1874 656/1421/1875
f 651/1396/1876 652/1392/1877 658/1395/1878 657/1397/1879
f 652/1392/1880 653/1393/1881 659/1394/1882 658/1395/1883
f 653/1422/1884 654/1423/1885 660/1424/1886 659/1425/1887
f 654/1398/1888 655/1399/1889 661/1400/1890 660/1401/1891
f 655/1399/1892 650/1402/1893 656/1403/1894 661/1400/1895
s 1
f 651/1404/1896 650/1405/1897 662/1406/1898
f 652/1408/1899 651/1404/1896 662/1406/1898
f 653/1410/1900 652/1408/1899 662/1406/1898
f 654/1409/1901 653/1410/1900 662/1406/1898
f 655/1407/1902 654/1409/1901 662/1406/1898
f 650/1405/1897 655/1407/1902 662/1406/1898
s 2
f 656/1411/1903 657/1412/1904 663/1413/1905
f 657/1412/1904 658/1414/1906 663/1413/1905
f 658/1414/1906 659/1416/1907 663/1413/1905
f 659/1416/1907 660/1417/1908 663/1413/1905
f 660/1417/1908 661/1415/1909 663/1413/1905
f 661/1415/1909 656/1411/1903 663/1413/1905
g default
v 8.927664 5.989305 -0.347492
v 8.587236 6.123441 -0.309076
v 8.526784 6.463915 -0.271838
v 8.806761 6.670254 -0.273015
v 9.147189 6.536118 -0.311431
v 9.207641 6.195643 -0.348669
v 8.908188 5.964013 -0.768245
v 8.502743 6.123766 -0.722493
v 8.430747 6.529266 -0.678143
v 8.764194 6.775012 -0.679545
v 9.169639 6.615258 -0.725297
v 9.241635 6.209758 -0.769647
v 8.919241 5.818332 -1.042509
v 8.343583 6.045153 -0.977549
v 8.241360 6.620890 -0.914580
v 8.714796 6.969805 -0.916570
v 9.290455 6.742983 -0.981530
v 9.392677 6.167247 -1.044500
v 8.956602 5.607907 -1.065524
v 8.170548 5.917629 -0.976822
v 8.030964 6.703791 -0.890838
v 8.677435 7.180230 -0.893556
v 9.463490 6.870508 -0.982258
v 9.603073 6.084346 -1.068242
v 9.006000 5.413113 -0.828498
v 8.049731 5.789903 -0.720589
v 7.879922 6.746302 -0.615986
v 8.666382 7.325911 -0.619292
v 9.622651 6.949121 -0.727202
v 9.792460 5.992722 -0.831805
v 9.048567 5.308356 -0.421969
v 8.027282 5.710763 -0.306722
v 7.845928 6.732187 -0.195007
v 8.685858 7.351203 -0.198539
v 9.707143 6.948795 -0.313785
v 9.888497 5.927371 -0.425500
v 9.068044 5.333647 -0.001215
v 8.111775 5.710438 0.106695
v 7.941965 6.666837 0.211298
v 8.728425 7.246445 0.207991
v 9.684694 6.869655 0.100082
v 9.854503 5.913256 -0.004521
v 9.056990 5.479328 0.273049
v 8.270935 5.789051 0.361751
v 8.131352 6.575212 0.447735
v 8.777823 7.051652 0.445017
v 9.563878 6.741929 0.356315
v 9.703461 5.955768 0.270331
v 9.019629 5.689753 0.296064
v 8.443971 5.916575 0.361023
v 8.341748 6.492312 0.423993
v 8.815184 6.841227 0.422002
v 9.390843 6.614405 0.357043
v 9.493065 6.038668 0.294073
v 8.970231 5.884547 0.059038
v 8.564787 6.044301 0.104790
v 8.492790 6.449800 0.149140
v 8.826238 6.695546 0.147739
v 9.231682 6.535792 0.101986
v 9.303678 6.130293 0.057636
vt 0.243934 0.976898
vt 0.243934 0.964837
vt 0.252121 0.962533
vt 0.252121 0.976898
vt 0.235748 0.976898
vt 0.235748 0.962533
vt 0.257180 0.956502
vt 0.257180 0.976898
vt 0.243934 0.988960
vt 0.252121 0.991264
vt 0.230688 0.976898
vt 0.230688 0.956502
vt 0.235748 0.991264
vt 0.257180 0.997295
vt 0.230688 0.997295
vt 0.013246 0.966024
vt 0.013246 0.953963
vt 0.021433 0.951659
vt 0.021433 0.966024
vt 0.005060 0.966024
vt 0.005060 0.951659
vt 0.026492 0.945628
vt 0.026492 0.966024
vt 0.013246 0.978086
vt 0.021433 0.980390
vt -0.000000 0.966024
vt -0.000000 0.945628
vt 0.005060 0.980390
vt 0.026492 0.986421
vt -0.000000 0.986421
vt 0.918402 0.909024
vt 0.918402 0.942666
vt 0.910273 0.944953
vt 0.910273 0.909024
vt 0.923426 0.909024
vt 0.923426 0.936677
vt 0.902145 0.942666
vt 0.902145 0.909024
vt 0.918402 0.875382
vt 0.910273 0.873094
vt 0.923426 0.881370
vt 0.897121 0.936677
vt 0.897121 0.909024
vt 0.902145 0.875382
vt 0.897121 0.881370
vt 0.021281 0.911994
vt 0.021281 0.945636
vt 0.013152 0.947923
vt 0.013152 0.911994
vt 0.026305 0.911994
vt 0.026305 0.939647
vt 0.005024 0.945636
vt 0.005024 0.911994
vt 0.021281 0.878352
vt 0.013152 0.876065
vt 0.026305 0.884340
vt -0.000000 0.939647
vt -0.000000 0.911994
vt 0.005024 0.878352
vt -0.000000 0.884340
vt 0.394416 0.881624
vt 0.411819 0.881624
vt 0.414999 0.887132
vt 0.391236 0.887132
vt 0.396989 0.877168
vt 0.409246 0.877168
vt 0.420521 0.866553
vt 0.426881 0.866553
vt 0.417572 0.891589
vt 0.388663 0.891589
vt 0.385715 0.866553
vt 0.379354 0.866553
vt 0.411819 0.851481
vt 0.414999 0.845973
vt 0.394416 0.851481
vt 0.391236 0.845973
vt 0.409246 0.855938
vt 0.396989 0.855938
vt 0.388663 0.841516
vt 0.417572 0.841516
vt 0.329719 0.846119
vt 0.353483 0.846119
vt 0.350302 0.851627
vt 0.332899 0.851627
vt 0.327146 0.841662
vt 0.356055 0.841662
vt 0.365364 0.866699
vt 0.359004 0.866699
vt 0.347729 0.856084
vt 0.335472 0.856084
vt 0.317837 0.866699
vt 0.324198 0.866699
vt 0.353483 0.887278
vt 0.350302 0.881770
vt 0.329719 0.887278
vt 0.332899 0.881770
vt 0.356055 0.891735
vt 0.327146 0.891735
vt 0.335472 0.877314
vt 0.347729 0.877314
vt 0.935448 0.429411
vt 0.935448 0.416534
vt 0.943017 0.415305
vt 0.943017 0.430640
vt 0.927879 0.430640
vt 0.927879 0.415305
vt 0.632990 0.319146
vt 0.632990 0.332022
vt 0.625422 0.333252
vt 0.625422 0.317916
vt 0.640559 0.317916
vt 0.640559 0.333252
vt 0.774087 0.233685
vt 0.774087 0.197515
vt 0.781656 0.196285
vt 0.781656 0.234915
vt 0.789224 0.197515
vt 0.789224 0.233685
vt 0.958396 0.416622
vt 0.958396 0.452792
vt 0.950827 0.454022
vt 0.950827 0.415392
vt 0.943259 0.452792
vt 0.943259 0.416622
vn 0.358528 0.930696 -0.072541
vn 0.358528 0.930696 -0.072541
vn 0.358528 0.930696 -0.072541
vn 0.358528 0.930696 -0.072541
vn 0.961512 0.192193 -0.196358
vn 0.961512 0.192193 -0.196358
vn 0.961512 0.192193 -0.196358
vn 0.961512 0.192193 -0.196358
vn 0.572108 -0.777768 -0.260325
vn 0.572108 -0.777768 -0.260325
vn 0.572108 -0.777768 -0.260325
vn 0.572108 -0.777768 -0.260325
vn -0.378489 -0.905131 -0.193610
vn -0.378489 -0.905131 -0.193610
vn -0.378489 -0.905131 -0.193610
vn -0.378489 -0.905131 -0.193610
vn -0.982604 -0.165178 -0.084885
vn -0.982604 -0.165178 -0.084885
vn -0.982604 -0.165178 -0.084885
vn -0.982604 -0.165178 -0.084885
vn -0.593201 0.804783 -0.020918
vn -0.593201 0.804783 -0.020918
vn -0.593201 0.804783 -0.020918
vn -0.593201 0.804783 -0.020918
vn 0.285627 0.851075 -0.440555
vn 0.285627 0.851075 -0.440555
vn 0.285627 0.851075 -0.440555
vn 0.285627 0.851075 -0.440555
vn 0.801126 0.203788 -0.562732
vn 0.801126 0.203788 -0.562732
vn 0.801126 0.203788 -0.562732
vn 0.801126 0.203788 -0.562732
vn 0.464738 -0.634119 -0.617990
vn 0.464738 -0.634119 -0.617990
vn 0.464738 -0.634119 -0.617990
vn 0.464738 -0.634119 -0.617990
vn -0.359657 -0.756257 -0.546555
vn -0.359657 -0.756257 -0.546555
vn -0.359657 -0.756257 -0.546555
vn -0.359657 -0.756257 -0.546555
vn -0.878310 -0.104930 -0.466435
vn -0.878310 -0.104930 -0.466435
vn -0.878310 -0.104930 -0.466435
vn -0.878310 -0.104930 -0.466435
vn -0.541921 0.732977 -0.411176
vn -0.541921 0.732977 -0.411176
vn -0.541921 0.732977 -0.411176
vn -0.541921 0.732977 -0.411176
vn -0.074445 0.095351 -0.992656
vn -0.074445 0.095351 -0.992656
vn -0.074445 0.095351 -0.992656
vn -0.074445 0.095351 -0.992656
vn -0.074445 0.095351 -0.992656
vn -0.074445 0.095351 -0.992656
vn -0.074445 0.095351 -0.992656
vn -0.074445 0.095351 -0.992656
vn -0.074445 0.095351 -0.992656
vn -0.074445 0.095351 -0.992656
vn -0.074445 0.095351 -0.992656
vn -0.074445 0.095351 -0.992656
vn -0.074446 0.095350 -0.992656
vn -0.074446 0.095350 -0.992656
vn -0.074446 0.095350 -0.992656
vn -0.074446 0.095350 -0.992656
vn -0.074446 0.095351 -0.992656
vn -0.074446 0.095351 -0.992656
vn -0.074446 0.095351 -0.992656
vn -0.074446 0.095351 -0.992656
vn -0.074446 0.095351 -0.992656
vn -0.074446 0.095351 -0.992656
vn -0.074446 0.095351 -0.992656
vn -0.074446 0.095351 -0.992656
vn -0.359657 -0.756257 -0.546556
vn -0.359657 -0.756257 -0.546556
vn -0.359657 -0.756257 -0.546556
vn -0.359657 -0.756257 -0.546556
vn -0.878310 -0.104930 -0.466435
vn -0.878310 -0.104930 -0.466435
vn -0.878310 -0.104930 -0.466435
vn -0.878310 -0.104930 -0.466435
vn -0.541921 0.732977 -0.411177
vn -0.541921 0.732977 -0.411177
vn -0.541921 0.732977 -0.411177
vn -0.541921 0.732977 -0.411177
vn 0.285627 0.851075 -0.440555
vn 0.285627 0.851075 -0.440555
vn 0.285627 0.851075 -0.440555
vn 0.285627 0.851075 -0.440555
vn 0.801126 0.203787 -0.562732
vn 0.801126 0.203787 -0.562732
vn 0.801126 0.203787 -0.562732
vn 0.801126 0.203787 -0.562732
vn 0.464738 -0.634119 -0.617991
vn 0.464738 -0.634119 -0.617991
vn 0.464738 -0.634119 -0.617991
vn 0.464738 -0.634119 -0.617991
vn -0.378489 -0.905131 -0.193610
vn -0.378489 -0.905131 -0.193610
vn -0.378489 -0.905131 -0.193610
vn -0.378489 -0.905131 -0.193610
vn -0.982604 -0.165178 -0.084885
vn -0.982604 -0.165178 -0.084885
vn -0.982604 -0.165178 -0.084885
vn -0.982604 -0.165178 -0.084885
vn -0.593201 0.804783 -0.020917
vn -0.593201 0.804783 -0.020917
vn -0.593201 0.804783 -0.020917
vn -0.593201 0.804783 -0.020917
vn 0.358528 0.930696 -0.072541
vn 0.358528 0.930696 -0.072541
vn 0.358528 0.930696 -0.072541
vn 0.358528 0.930696 -0.072541
vn 0.961512 0.192193 -0.196358
vn 0.961512 0.192193 -0.196358
vn 0.961512 0.192193 -0.196358
vn 0.961512 0.192193 -0.196358
vn 0.572109 -0.777768 -0.260325
vn 0.572109 -0.777768 -0.260325
vn 0.572109 -0.777768 -0.260325
vn 0.572109 -0.777768 -0.260325
vn -0.358528 -0.930696 0.072541
vn -0.358528 -0.930696 0.072541
vn -0.358528 -0.930696 0.072541
vn -0.358528 -0.930696 0.072541
vn -0.961512 -0.192193 0.196358
vn -0.961512 -0.192193 0.196358
vn -0.961512 -0.192193 0.196358
vn -0.961512 -0.192193 0.196358
vn -0.572108 0.777768 0.260325
vn -0.572108 0.777768 0.260325
vn -0.572108 0.777768 0.260325
vn -0.572108 0.777768 0.260325
vn 0.378489 0.905131 0.193610
vn 0.378489 0.905131 0.193610
vn 0.378489 0.905131 0.193610
vn 0.378489 0.905131 0.193610
vn 0.982604 0.165178 0.084884
vn 0.982604 0.165178 0.084884
vn 0.982604 0.165178 0.084884
vn 0.982604 0.165178 0.084884
vn 0.593201 -0.804783 0.020917
vn 0.593201 -0.804783 0.020917
vn 0.593201 -0.804783 0.020917
vn 0.593201 -0.804783 0.020917
vn -0.285627 -0.851075 0.440555
vn -0.285627 -0.851075 0.440555
vn -0.285627 -0.851075 0.440555
vn -0.285627 -0.851075 0.440555
vn -0.801126 -0.203788 0.562732
vn -0.801126 -0.203788 0.562732
vn -0.801126 -0.203788 0.562732
vn -0.801126 -0.203788 0.562732
vn -0.464738 0.634119 0.617990
vn -0.464738 0.634119 0.617990
vn -0.464738 0.634119 0.617990
vn -0.464738 0.634119 0.617990
vn 0.359657 0.756257 0.546555
vn 0.359657 0.756257 0.546555
vn 0.359657 0.756257 0.546555
vn 0.359657 0.756257 0.546555
vn 0.878310 0.104930 0.466435
vn 0.878310 0.104930 0.466435
vn 0.878310 0.104929 0.466435
vn 0.878310 0.104930 0.466435
vn 0.541921 -0.732977 0.411177
vn 0.541921 -0.732977 0.411177
vn 0.541921 -0.732977 0.411177
vn 0.541921 -0.732977 0.411177
vn 0.074445 -0.095351 0.992656
vn 0.074445 -0.095351 0.992656
vn 0.074445 -0.095351 0.992656
vn 0.074445 -0.095351 0.992656
vn 0.074445 -0.095351 0.992656
vn 0.074445 -0.095351 0.992656
vn 0.074445 -0.095351 0.992656
vn 0.074445 -0.095351 0.992656
vn 0.074445 -0.095350 0.992656
vn 0.074445 -0.095350 0.992656
vn 0.074445 -0.095350 0.992656
vn 0.074445 -0.095350 0.992656
vn 0.074446 -0.095350 0.992656
vn 0.074446 -0.095350 0.992656
vn 0.074446 -0.095350 0.992656
vn 0.074446 -0.095350 0.992656
vn 0.074446 -0.095351 0.992656
vn 0.074446 -0.095351 0.992656
vn 0.074446 -0.095351 0.992656
vn 0.074446 -0.095351 0.992656
vn 0.074446 -0.095351 0.992656
vn 0.074446 -0.095351 0.992656
vn 0.074446 -0.095351 0.992656
vn 0.074446 -0.095351 0.992656
vn 0.359657 0.756257 0.546555
vn 0.359657 0.756257 0.546555
vn 0.359657 0.756257 0.546555
vn 0.359657 0.756257 0.546555
vn 0.878310 0.104930 0.466435
vn 0.878310 0.104930 0.466435
vn 0.878310 0.104930 0.466435
vn 0.878310 0.104930 0.466435
vn 0.541921 -0.732977 0.411177
vn 0.541921 -0.732977 0.411177
vn 0.541921 -0.732977 0.411177
vn 0.541921 -0.732977 0.411177
vn -0.285627 -0.851075 0.440555
vn -0.285627 -0.851075 0.440555
vn -0.285627 -0.851075 0.440555
vn -0.285627 -0.851075 0.440555
vn -0.801126 -0.203788 0.562732
vn -0.801126 -0.203788 0.562732
vn -0.801126 -0.203787 0.562732
vn -0.801126 -0.203787 0.562732
vn -0.464738 0.634119 0.617990
vn -0.464738 0.634119 0.617990
vn -0.464738 0.634119 0.617990
vn -0.464738 0.634119 0.617990
vn 0.378489 0.905131 0.193610
vn 0.378489 0.905131 0.193610
vn 0.378489 0.905131 0.193610
vn 0.378489 0.905131 0.193610
vn 0.982604 0.165178 0.084885
vn 0.982604 0.165178 0.084885
vn 0.982604 0.165178 0.084885
vn 0.982604 0.165178 0.084885
vn 0.593201 -0.804783 0.020917
vn 0.593201 -0.804783 0.020917
vn 0.593201 -0.804783 0.020917
vn 0.593201 -0.804783 0.020917
vn -0.358528 -0.930696 0.072541
vn -0.358528 -0.930696 0.072541
vn -0.358528 -0.930696 0.072541
vn -0.358528 -0.930696 0.072541
vn -0.961512 -0.192193 0.196358
vn -0.961512 -0.192193 0.196358
vn -0.961512 -0.192193 0.196358
vn -0.961512 -0.192193 0.196358
vn -0.572108 0.777768 0.260325
vn -0.572108 0.777768 0.260325
vn -0.572109 0.777768 0.260325
vn -0.572109 0.777768 0.260325
s off
g BODY_ROBOT pTorus2
usemtl standardSurface5SG
f 665/1526/1910 664/1527/1911 670/1528/1912 671/1529/1913
f 666/1426/1914 665/1427/1915 671/1428/1916 672/1429/1917
f 667/1434/1918 666/1426/1919 672/1429/1920 673/1435/1921
f 668/1532/1922 667/1533/1923 673/1534/1924 674/1535/1925
f 669/1441/1926 668/1442/1927 674/1443/1928 675/1444/1929
f 664/1449/1930 669/1441/1931 675/1444/1932 670/1450/1933
f 671/1490/1934 670/1491/1935 676/1487/1936 677/1486/1937
f 672/1429/1938 671/1428/1939 677/1432/1940 678/1433/1941
f 673/1435/1942 672/1429/1943 678/1433/1944 679/1439/1945
f 674/1502/1946 673/1503/1947 679/1500/1948 680/1498/1949
f 675/1444/1950 674/1443/1951 680/1447/1952 681/1448/1953
f 670/1450/1954 675/1444/1955 681/1448/1956 676/1454/1957
f 677/1486/1958 676/1487/1959 682/1488/1960 683/1489/1961
f 678/1496/1962 677/1486/1963 683/1489/1964 684/1497/1965
f 679/1500/1966 678/1496/1967 684/1497/1968 685/1501/1969
f 680/1498/1970 679/1500/1971 685/1501/1972 686/1499/1973
f 681/1492/1974 680/1498/1975 686/1499/1976 687/1493/1977
f 676/1487/1978 681/1492/1979 687/1493/1980 682/1488/1981
f 683/1489/1982 682/1488/1983 688/1494/1984 689/1495/1985
f 684/1460/1986 683/1461/1987 689/1457/1988 690/1456/1989
f 685/1466/1990 684/1460/1991 690/1456/1992 691/1464/1993
f 686/1499/1994 685/1501/1995 691/1504/1996 692/1505/1997
f 687/1475/1998 686/1476/1999 692/1472/2000 693/1471/2001
f 682/1481/2002 687/1475/2003 693/1471/2004 688/1479/2005
f 689/1538/2006 688/1539/2007 694/1540/2008 695/1541/2009
f 690/1456/2010 689/1457/2011 695/1458/2012 696/1459/2013
f 691/1464/2014 690/1456/2015 696/1459/2016 697/1465/2017
f 692/1544/2018 691/1545/2019 697/1546/2020 698/1547/2021
f 693/1471/2022 692/1472/2023 698/1473/2024 699/1474/2025
f 688/1479/2026 693/1471/2027 699/1474/2028 694/1480/2029
f 695/1541/2030 694/1540/2031 700/1542/2032 701/1543/2033
f 696/1459/2034 695/1458/2035 701/1462/2036 702/1463/2037
f 697/1465/2038 696/1459/2039 702/1463/2040 703/1469/2041
f 698/1547/2042 697/1546/2043 703/1548/2044 704/1549/2045
f 699/1474/2046 698/1473/2047 704/1477/2048 705/1478/2049
f 694/1480/2050 699/1474/2051 705/1478/2052 700/1484/2053
f 701/1510/2054 700/1511/2055 706/1507/2056 707/1506/2057
f 702/1463/2058 701/1462/2059 707/1467/2060 708/1468/2061
f 703/1469/2062 702/1463/2063 708/1468/2064 709/1470/2065
f 704/1522/2066 703/1523/2067 709/1520/2068 710/1518/2069
f 705/1478/2070 704/1477/2071 710/1482/2072 711/1483/2073
f 700/1484/2074 705/1478/2075 711/1483/2076 706/1485/2077
f 707/1506/2078 706/1507/2079 712/1508/2080 713/1509/2081
f 708/1516/2082 707/1506/2083 713/1509/2084 714/1517/2085
f 709/1520/2086 708/1516/2087 714/1517/2088 715/1521/2089
f 710/1518/2090 709/1520/2091 715/1521/2092 716/1519/2093
f 711/1512/2094 710/1518/2095 716/1519/2096 717/1513/2097
f 706/1507/2098 711/1512/2099 717/1513/2100 712/1508/2101
f 713/1509/2102 712/1508/2103 718/1514/2104 719/1515/2105
f 714/1436/2106 713/1437/2107 719/1431/2108 720/1430/2109
f 715/1440/2110 714/1436/2111 720/1430/2112 721/1438/2113
f 716/1519/2114 715/1521/2115 721/1524/2116 722/1525/2117
f 717/1451/2118 716/1452/2119 722/1446/2120 723/1445/2121
f 712/1455/2122 717/1451/2123 723/1445/2124 718/1453/2125
f 719/1530/2126 718/1531/2127 664/1527/2128 665/1526/2129
f 720/1430/2130 719/1431/2131 665/1427/2132 666/1426/2133
f 721/1438/2134 720/1430/2135 666/1426/2136 667/1434/2137
f 722/1536/2138 721/1537/2139 667/1533/2140 668/1532/2141
f 723/1445/2142 722/1446/2143 668/1442/2144 669/1441/2145
f 718/1453/2146 723/1445/2147 669/1441/2148 664/1449/2149
g default
v 11.018353 12.031150 -0.905018
v 11.733325 12.743800 -0.610878
v 10.736036 13.035262 -0.772241
v 10.111805 12.263396 -0.425638
v 10.723299 11.494896 -0.050064
v 11.725453 11.791802 -0.164549
v 11.880147 12.647988 0.425865
v 11.268654 13.416488 0.050290
v 10.266500 13.119583 0.164775
v 10.258628 12.167584 0.611105
v 11.255917 11.876123 0.772467
v 10.973599 12.880234 0.905245
v 10.856340 12.546815 -0.985888
v 11.276590 12.965700 -0.812997
v 11.442532 12.375498 -0.891042
v 11.205621 12.641574 -0.959833
v 10.489427 12.093124 -0.782160
v 10.323485 12.683326 -0.704115
v 10.525443 12.440059 -0.882130
v 10.848853 11.641411 -0.561403
v 10.315998 11.777922 -0.279630
v 10.520100 11.793923 -0.579199
v 11.437905 11.815928 -0.628696
v 11.264476 11.500725 -0.126166
v 11.196976 11.596103 -0.469680
v 11.858155 12.234813 -0.455804
v 11.620651 12.119980 -0.704925
v 11.003463 13.361096 -0.424371
v 11.589655 13.189779 -0.329525
v 11.310615 13.222681 -0.559110
v 10.047498 12.732888 -0.153351
v 10.414412 13.186579 -0.357079
v 10.210063 12.896623 -0.433384
v 10.402298 11.721605 0.329752
v 10.042871 12.173318 0.108995
v 10.201418 11.851153 0.056768
v 11.577541 11.724805 0.357306
v 10.988489 11.550288 0.424598
v 11.296627 11.531074 0.233974
v 11.949082 12.738066 -0.108768
v 11.944454 12.178496 0.153578
v 11.982148 12.378725 -0.146660
v 11.675955 13.133462 0.279857
v 11.790534 13.060231 -0.056542
v 10.727477 13.410659 0.126393
v 10.695326 13.380310 -0.233747
v 10.133798 12.676571 0.456031
v 10.009805 12.532659 0.146887
v 10.715363 11.945684 0.813223
v 10.681338 11.688703 0.559337
v 11.668468 12.228058 0.704342
v 11.781889 12.014761 0.433611
v 11.143099 13.269973 0.561630
v 11.502526 12.818260 0.782387
v 11.471853 13.117461 0.579426
v 10.554048 13.095457 0.628922
v 10.794977 13.315281 0.469907
v 10.549421 12.535886 0.891268
v 10.371301 12.791404 0.705152
v 11.135613 12.364569 0.986115
v 10.786332 12.269810 0.960060
v 11.466510 12.471325 0.882357
vt 0.009413 0.865917
vt 0.011688 0.851431
vt 0.024645 0.860384
vt 0.019210 0.868158
vt -0.000000 0.851431
vt 0.001622 0.861769
vt 0.024645 0.842479
vt 0.030079 0.851431
vt 0.037601 0.866662
vt 0.024645 0.874870
vt 0.011688 0.876076
vt 0.009413 0.836946
vt 0.001622 0.841094
vt 0.019210 0.834705
vt 0.037601 0.836200
vt 0.039876 0.851431
vt 0.039876 0.874870
vt 0.030079 0.878495
vt 0.011688 0.826787
vt 0.024645 0.827993
vt 0.049289 0.842479
vt 0.047667 0.851431
vt 0.049289 0.860384
vt 0.039876 0.827993
vt 0.030079 0.824367
vt 0.075909 0.842479
vt 0.088865 0.836200
vt 0.091140 0.851431
vt 0.081343 0.851431
vt 0.075909 0.827993
vt 0.070474 0.834705
vt 0.100553 0.842479
vt 0.098931 0.851431
vt 0.088865 0.866662
vt 0.075909 0.860384
vt 0.062952 0.851431
vt 0.091140 0.827993
vt 0.081343 0.824367
vt 0.060677 0.836946
vt 0.062952 0.826787
vt 0.100553 0.860384
vt 0.075909 0.874870
vt 0.070474 0.868158
vt 0.060677 0.865917
vt 0.051264 0.851431
vt 0.052886 0.841094
vt 0.091140 0.874870
vt 0.081343 0.878495
vt 0.062952 0.876076
vt 0.052886 0.861769
vt 0.915059 0.315509
vt 0.899648 0.313265
vt 0.907547 0.300485
vt 0.916221 0.305846
vt 0.902904 0.324794
vt 0.912908 0.323194
vt 0.890750 0.300485
vt 0.898873 0.295124
vt 0.915445 0.287705
vt 0.924344 0.300485
vt 0.887880 0.315509
vt 0.893512 0.323194
vt 0.928225 0.313265
vt 0.919701 0.324794
vt 0.900035 0.285461
vt 0.912189 0.276176
vt 0.902186 0.277776
vt 0.927213 0.285461
vt 0.921582 0.277776
vt 0.886868 0.287705
vt 0.895392 0.276176
vt 0.907547 0.445289
vt 0.899648 0.432509
vt 0.915059 0.430265
vt 0.916221 0.439928
vt 0.890750 0.445289
vt 0.898873 0.450649
vt 0.902904 0.420980
vt 0.912908 0.422580
vt 0.924344 0.445289
vt 0.915445 0.458069
vt 0.900035 0.460312
vt 0.887880 0.430265
vt 0.893512 0.422580
vt 0.919701 0.420980
vt 0.928225 0.432509
vt 0.912189 0.469598
vt 0.902186 0.467998
vt 0.927213 0.460312
vt 0.921582 0.467998
vt 0.895392 0.469598
vt 0.886868 0.458069
vt 0.055286 0.972505
vt 0.044317 0.980474
vt 0.040127 0.967579
vt 0.049155 0.965584
vt 0.055286 0.988444
vt 0.059973 0.980474
vt 0.030758 0.980474
vt 0.031651 0.971272
vt 0.040127 0.993369
vt 0.049155 0.995364
vt 0.031651 0.989676
vt 0.706784 0.993838
vt 0.702594 0.980943
vt 0.716153 0.980943
vt 0.715260 0.990146
vt 0.691625 0.988913
vt 0.697756 0.995833
vt 0.706784 0.968049
vt 0.715260 0.971741
vt 0.691625 0.972974
vt 0.686938 0.980943
vt 0.697756 0.966054
vn 0.236228 -0.268433 -0.933884
vn 0.022377 -0.424542 -0.905132
vn -0.058081 -0.182420 -0.981504
vn 0.122468 -0.125972 -0.984445
vn -0.209812 0.357239 -0.910143
vn -0.259940 0.579569 -0.772354
vn 0.001183 0.567549 -0.823339
vn -0.026547 0.404028 -0.914361
vn 0.537175 0.410903 -0.736615
vn 0.737349 0.288108 -0.610992
vn 0.620489 0.114580 -0.775799
vn 0.499852 0.250186 -0.829189
vn -0.242297 -0.410204 -0.879218
vn -0.236550 -0.232338 -0.943431
vn -0.729520 -0.285384 -0.621576
vn -0.884171 -0.192296 -0.425751
vn -0.812835 0.010939 -0.582392
vn -0.715054 -0.109751 -0.690400
vn -0.477343 0.425777 -0.768673
vn -0.385567 0.297663 -0.873347
vn -0.061840 -0.636996 -0.768383
vn -0.239371 -0.573388 -0.783535
vn -0.220417 -0.925205 -0.308888
vn -0.272678 -0.960796 -0.050177
vn -0.487947 -0.856667 -0.167419
vn -0.395110 -0.856440 -0.332264
vn -0.816594 -0.443637 -0.369271
vn -0.717874 -0.450802 -0.530504
vn 0.233905 -0.549376 -0.802168
vn 0.117905 -0.677804 -0.725728
vn 0.613935 -0.678014 -0.404204
vn 0.729477 -0.663890 -0.164662
vn 0.526862 -0.836268 -0.151898
vn 0.491134 -0.804139 -0.334885
vn -0.011745 -0.995839 -0.090369
vn -0.037834 -0.960855 -0.274457
vn 0.341533 -0.401285 -0.849897
vn 0.829161 0.043946 -0.557280
vn 0.718918 -0.025127 -0.694641
vn 0.824930 -0.467704 -0.317400
vn 0.714763 -0.527621 -0.459054
vn 0.694356 0.523407 -0.493879
vn 0.555271 0.556912 -0.617675
vn -0.135946 0.766065 -0.628222
vn 0.028871 0.710755 -0.702847
vn 0.150309 0.970955 -0.186153
vn 0.272678 0.960796 0.050177
vn 0.444619 0.884942 -0.138534
vn 0.310003 0.911978 -0.268690
vn -0.431691 0.678446 -0.594436
vn -0.552034 0.538651 -0.636485
vn -0.951399 0.035823 -0.305869
vn -0.881521 0.131237 -0.453538
vn -0.868259 0.495979 0.011447
vn -0.729477 0.663890 0.164662
vn -0.684043 0.723764 -0.090838
vn -0.799869 0.583159 -0.141900
vn -0.953722 -0.245121 -0.174153
vn -0.886085 -0.420594 -0.194820
vn -0.444618 -0.884942 0.138534
vn -0.563320 -0.826232 0.003419
vn -0.694356 -0.523407 0.493879
vn -0.737349 -0.288108 0.610992
vn -0.874813 -0.296615 0.383043
vn -0.808587 -0.471166 0.352404
vn -0.150309 -0.970955 0.186154
vn 0.014765 -0.995179 0.096954
vn 0.684043 -0.723764 0.090838
vn 0.543733 -0.838463 0.036525
vn 0.431691 -0.678446 0.594436
vn 0.259940 -0.579569 0.772354
vn 0.135946 -0.766065 0.628222
vn 0.295897 -0.793956 0.531111
vn 0.868259 -0.495979 -0.011448
vn 0.905571 -0.391048 -0.164385
vn 0.874813 0.296615 -0.383043
vn 0.909727 0.111447 -0.399972
vn 0.953722 0.245121 0.174153
vn 0.884171 0.192296 0.425751
vn 0.951399 -0.035823 0.305869
vn 0.987224 0.060874 0.147253
vn 0.808587 0.471167 -0.352404
vn 0.487947 0.856667 0.167419
vn 0.563320 0.826232 -0.003419
vn 0.816594 0.443637 0.369271
vn 0.886085 0.420594 0.194820
vn -0.295897 0.793956 -0.531111
vn -0.526862 0.836268 0.151898
vn -0.543733 0.838463 -0.036525
vn 0.011745 0.995839 0.090369
vn -0.014765 0.995179 -0.096954
vn -0.987224 -0.060874 -0.147253
vn -0.829161 -0.043946 0.557280
vn -0.909727 -0.111447 0.399972
vn -0.824930 0.467704 0.317400
vn -0.905571 0.391047 0.164385
vn -0.310003 -0.911978 0.268690
vn -0.001183 -0.567549 0.823339
vn -0.028871 -0.710755 0.702847
vn -0.537175 -0.410903 0.736615
vn -0.555271 -0.556912 0.617675
vn 0.799869 -0.583159 0.141900
vn 0.812835 -0.010939 0.582392
vn 0.881522 -0.131238 0.453538
vn 0.477343 -0.425777 0.768673
vn 0.552033 -0.538652 0.636485
vn 0.729520 0.285384 0.621576
vn 0.717874 0.450802 0.530504
vn 0.220416 0.925205 0.308888
vn 0.395110 0.856440 0.332264
vn 0.061840 0.636996 0.768383
vn -0.022377 0.424542 0.905132
vn 0.242297 0.410204 0.879218
vn 0.239371 0.573388 0.783535
vn 0.037834 0.960855 0.274456
vn -0.613935 0.678014 0.404204
vn -0.491134 0.804139 0.334885
vn -0.233905 0.549376 0.802168
vn -0.117905 0.677804 0.725728
vn -0.714763 0.527620 0.459055
vn -0.620489 -0.114580 0.775799
vn -0.718918 0.025127 0.694641
vn -0.236228 0.268433 0.933884
vn -0.341533 0.401285 0.849897
vn -0.499852 -0.250186 0.829189
vn 0.209812 -0.357239 0.910142
vn 0.026548 -0.404029 0.914361
vn 0.058081 0.182420 0.981504
vn -0.122468 0.125972 0.984445
vn 0.385567 -0.297663 0.873347
vn 0.715054 0.109751 0.690400
vn 0.236551 0.232338 0.943431
s 1
g BODY_ROBOT pPlatonic1
usemtl standardSurface5SG
f 738/1642/2150 724/1643/2151 736/1644/2152 739/1645/2153
s 2
f 736/1604/2154 726/1601/2155 737/1600/2156 739/1605/2157
s 3
f 737/1600/2158 725/1612/2159 738/1613/2160 739/1605/2161
s 1
f 736/1644/2152 724/1643/2151 740/1648/2162 742/1649/2163
s 4
f 740/1554/2164 727/1551/2165 741/1550/2166 742/1555/2167
s 2
f 741/1610/2168 726/1601/2155 736/1604/2154 742/1611/2169
s 1
f 740/1648/2162 724/1643/2151 743/1650/2170 745/1652/2171
s 5
f 743/1627/2172 728/1622/2173 744/1632/2174 745/1633/2175
s 4
f 744/1561/2176 727/1551/2165 740/1554/2164 745/1562/2177
s 1
f 743/1650/2170 724/1643/2151 746/1646/2178 748/1651/2179
s 6
f 746/1634/2180 729/1635/2181 747/1623/2182 748/1628/2183
s 5
f 747/1623/2184 728/1622/2173 743/1627/2172 748/1628/2185
s 1
f 746/1646/2178 724/1643/2151 738/1642/2150 750/1647/2186
s 3
f 738/1590/2160 725/1583/2159 749/1577/2187 750/1582/2188
s 6
f 749/1577/2189 729/1576/2181 746/1581/2180 750/1582/2190
s 3
f 752/1591/2191 725/1583/2159 737/1596/2158 753/1597/2192
s 2
f 737/1600/2156 726/1601/2155 751/1602/2193 753/1603/2194
s 7
f 751/1602/2195 731/1608/2196 752/1609/2197 753/1603/2198
s 2
f 755/1559/2199 726/1560/2155 741/1550/2168 756/1553/2200
s 4
f 741/1550/2166 727/1551/2165 754/1552/2201 756/1553/2202
s 8
f 754/1552/2203 732/1558/2204 755/1559/2205 756/1553/2206
s 4
f 758/1556/2207 727/1551/2165 744/1561/2176 759/1563/2208
s 5
f 744/1561/2174 728/1568/2173 757/1569/2209 759/1563/2210
s 9
f 757/1569/2211 733/1564/2212 758/1556/2213 759/1563/2214
s 5
f 761/1621/2215 728/1622/2173 747/1623/2184 762/1624/2216
s 6
f 747/1586/2182 729/1576/2181 760/1579/2217 762/1587/2218
s 10
f 760/1629/2219 734/1630/2220 761/1621/2221 762/1624/2222
s 6
f 764/1575/2223 729/1576/2181 749/1577/2189 765/1578/2224
s 3
f 749/1577/2187 725/1583/2159 763/1584/2225 765/1578/2226
s 11
f 763/1584/2227 730/1585/2228 764/1575/2229 765/1578/2230
s 3
f 763/1584/2225 725/1583/2159 752/1591/2191 767/1592/2231
s 7
f 752/1591/2197 731/1598/2196 766/1593/2232 767/1592/2233
s 11
f 766/1593/2234 730/1585/2228 763/1584/2227 767/1592/2235
s 2
f 751/1602/2193 726/1601/2155 755/1606/2199 769/1607/2236
s 8
f 755/1559/2205 732/1558/2204 768/1566/2237 769/1567/2238
s 7
f 768/1614/2239 731/1608/2196 751/1602/2195 769/1607/2240
s 4
f 754/1552/2201 727/1551/2165 758/1556/2207 771/1557/2241
s 9
f 758/1556/2213 733/1564/2212 770/1565/2242 771/1557/2243
s 8
f 770/1565/2244 732/1558/2204 754/1552/2203 771/1557/2245
s 5
f 757/1625/2209 728/1622/2173 761/1621/2215 773/1626/2246
s 10
f 761/1621/2221 734/1630/2220 772/1631/2247 773/1626/2248
s 9
f 772/1573/2249 733/1564/2212 757/1569/2211 773/1574/2250
s 6
f 760/1579/2217 729/1576/2181 764/1575/2223 775/1580/2251
s 11
f 764/1575/2229 730/1585/2228 774/1588/2252 775/1580/2253
s 10
f 774/1588/2254 734/1589/2220 760/1579/2219 775/1580/2255
s 11
f 777/1594/2256 730/1585/2228 766/1593/2234 778/1599/2257
s 7
f 766/1617/2232 731/1608/2196 776/1615/2258 778/1618/2259
s 12
f 776/1653/2260 735/1654/2261 777/1655/2262 778/1656/2263
s 7
f 776/1615/2258 731/1608/2196 768/1614/2239 780/1616/2264
s 8
f 768/1614/2237 732/1619/2204 779/1620/2265 780/1616/2266
s 12
f 779/1657/2267 735/1654/2261 776/1653/2260 780/1658/2268
s 8
f 779/1572/2265 732/1558/2204 770/1565/2244 782/1571/2269
s 9
f 770/1565/2242 733/1564/2212 781/1570/2270 782/1571/2271
s 12
f 781/1661/2272 735/1654/2261 779/1657/2267 782/1662/2273
s 9
f 781/1640/2270 733/1641/2212 772/1631/2249 784/1637/2274
s 10
f 772/1631/2247 734/1630/2220 783/1636/2275 784/1637/2276
s 12
f 783/1659/2277 735/1654/2261 781/1661/2272 784/1663/2278
s 10
f 783/1636/2275 734/1630/2220 774/1638/2254 785/1639/2279
s 11
f 774/1588/2252 730/1585/2228 777/1594/2256 785/1595/2280
s 12
f 777/1655/2262 735/1654/2261 783/1659/2277 785/1660/2281
g default
v -5.613466 2.638520 -8.515372
v -5.659827 2.825273 -8.696263
v -5.840738 2.638520 -8.649916
v -4.084259 2.825273 -9.100073
v -4.037896 2.638520 -8.919171
v -6.083436 2.638519 -9.596890
v -5.902528 2.825273 -9.643254
v -5.948897 2.638519 -9.824162
v -4.373322 2.638520 -10.227960
v -4.326958 2.825273 -10.047054
v -4.146051 2.638520 -10.093418
v -5.623531 2.187592 -8.512793
v -5.842336 2.324205 -8.656161
v -5.948897 2.055537 -9.824162
v -6.083436 2.055537 -9.596890
v -6.083436 2.319647 -9.596890
v -5.948897 2.319647 -9.824162
v -4.379569 2.324205 -10.226357
v -4.148630 2.187592 -10.103482
v -4.379569 2.050978 -10.226357
v -6.040965 0.560645 -9.803379
v -4.284335 0.561485 -10.253033
v -5.948897 1.643277 -9.824162
v -6.016157 1.549910 -9.710541
v -4.374481 1.643277 -10.227655
v -4.259698 1.549910 -10.160695
v -3.649008 1.388313 -0.080814
v -3.615227 1.435637 -0.136993
v -1.768140 1.436520 -0.609801
v -6.055335 1.567986 -9.669367
v -6.105485 1.521550 -9.677135
v -4.208246 1.568870 -10.142175
v -5.850014 1.597921 -8.686112
v -5.802056 1.549910 -8.678932
v -5.809286 1.598114 -8.631807
v -5.614197 1.596319 -8.515177
v -5.549883 1.549910 -8.531666
v -6.049807 1.549910 -9.653697
v -6.083436 1.596589 -9.596890
v -5.851120 2.051144 -8.690431
v -5.812898 2.069359 -8.636872
v -5.842336 2.083985 -8.656161
v -3.606565 0.426131 -0.105039
v -3.651651 0.472783 -0.092850
v -6.108129 0.606020 -9.689170
v -6.074617 0.559995 -9.746574
v -6.007746 1.568905 -9.749695
v -6.038186 1.522849 -9.790730
v -4.288577 1.569727 -10.189749
v -4.281553 1.523689 -10.240373
v -3.922064 1.597899 -9.114838
v -3.951136 1.549910 -9.153265
v -3.912473 1.597899 -9.182022
v -4.101841 1.549910 -8.902783
v -4.037896 1.596588 -8.919171
v -4.202857 1.549910 -10.127047
v -4.146240 1.596588 -10.094153
v -3.912222 2.638520 -9.181050
v -3.925961 2.661858 -9.140648
v -3.921553 2.638520 -9.115702
v -1.759476 0.427014 -0.577847
v -4.227527 0.560879 -10.219383
v -1.711573 1.356240 -0.577208
v -1.739805 1.412877 -0.593285
v -1.741016 1.389225 -0.569213
v -4.205463 1.536398 -10.179193
v -4.159350 1.486898 -10.139543
v -4.199060 0.583915 -10.202254
v -4.162321 0.639502 -10.152726
v -1.714025 0.506709 -0.588375
v -1.736795 0.450364 -0.583329
vt 0.113220 0.497705
vt 0.113344 0.471445
vt 0.121897 0.471270
vt 0.121897 0.497705
vt 0.105914 0.472401
vt 0.106808 0.471445
vt 0.106034 0.497705
vt 0.121897 0.465655
vt 0.109627 0.465686
vt 0.126978 0.470704
vt 0.126978 0.497140
vt 0.121897 0.502190
vt 0.113220 0.502190
vt 0.106410 0.470670
vt 0.106034 0.502190
vt 0.093545 0.497705
vt 0.093582 0.472281
vt 0.093587 0.470506
vt 0.093538 0.465657
vt 0.094816 0.502190
vt 0.092275 0.499948
vt 0.092275 0.498826
vt 0.092275 0.471635
vt 0.092275 0.465456
vt 0.387010 0.839365
vt 0.363473 0.839679
vt 0.360048 0.586605
vt 0.383585 0.586292
vt 0.362307 0.841812
vt 0.362290 0.840753
vt 0.387044 0.841483
vt 0.358848 0.586487
vt 0.384802 0.587334
vt 0.388204 0.838722
vt 0.734381 0.552154
vt 0.734381 0.550538
vt 0.762686 0.550565
vt 0.762686 0.552137
vt 0.733076 0.550896
vt 0.734346 0.525085
vt 0.750421 0.524824
vt 0.762686 0.525105
vt 0.763321 0.551460
vt 0.762686 0.556013
vt 0.734346 0.556013
vt 0.733076 0.523702
vt 0.746705 0.519472
vt 0.733076 0.522298
vt 0.735616 0.519489
vt 0.762686 0.519492
vt 0.754137 0.519472
vt 0.767766 0.550965
vt 0.767766 0.524540
vt 0.865919 0.287305
vt 0.864472 0.287945
vt 0.867810 0.037329
vt 0.869075 0.035965
vt 0.842767 0.287656
vt 0.846160 0.036988
vt 0.844739 0.035472
vt 0.866523 0.286654
vt 0.869904 0.036824
vt 0.841327 0.287570
vt 0.844151 0.034805
vt 0.844166 0.033486
vt 0.868750 0.033814
vt 0.869926 0.034960
vt 0.840731 0.287496
vt 0.476216 0.963973
vt 0.471420 0.921144
vt 0.497163 0.918262
vt 0.501958 0.961091
vt 0.471299 0.964524
vt 0.466503 0.921695
vt 0.506876 0.960540
vt 0.502080 0.917711
vt 0.194803 0.833669
vt 0.222672 0.585425
vt 0.223967 0.584391
vt 0.269195 0.589469
vt 0.270229 0.590764
vt 0.242361 0.839009
vt 0.447293 0.592801
vt 0.494943 0.587452
vt 0.522550 0.833365
vt 0.521085 0.835199
vt 0.476734 0.840179
vt 0.474899 0.838714
vt 0.445997 0.591781
vt 0.495219 0.586255
vt 0.495462 0.586811
vt 0.476384 0.841415
vt 0.521701 0.836327
vt 0.473789 0.839344
vt 0.915449 0.570191
vt 0.890015 0.567292
vt 0.888965 0.565978
vt 0.894101 0.520114
vt 0.895415 0.519065
vt 0.920861 0.521861
vt 0.925462 0.527708
vt 0.921229 0.565519
vt 0.886868 0.563352
vt 0.891472 0.522242
vt 0.922038 0.521516
vt 0.925649 0.526038
vt 0.629846 0.761848
vt 0.623197 0.761848
vt 0.623082 0.721313
vt 0.629961 0.721313
vt 0.615169 0.761848
vt 0.615169 0.721152
vt 0.640226 0.721182
vt 0.640226 0.761848
vt 0.902923 0.611144
vt 0.888037 0.610903
vt 0.886868 0.609242
vt 0.886868 0.571840
vt 0.888043 0.570188
vt 0.914276 0.570188
vt 0.914276 0.610884
vt 0.926495 0.990289
vt 0.902269 0.990337
vt 0.902247 0.944966
vt 0.926474 0.944919
vt 0.749630 0.985853
vt 0.748455 0.984683
vt 0.748477 0.936974
vt 0.749065 0.936391
vt 0.750484 0.935809
vt 0.771875 0.935852
vt 0.772706 0.936616
vt 0.772683 0.985898
vt 0.773301 0.936373
vn -0.527907 0.003977 0.849293
vn -0.527907 0.003977 0.849293
vn -0.531093 0.003353 0.847307
vn -0.531245 -0.000467 0.847218
vn 0.175556 0.707087 0.684988
vn 0.175556 0.707087 0.684988
vn 0.175556 0.707087 0.684988
vn 0.175556 0.707087 0.684988
vn -0.684969 0.707107 0.175549
vn -0.684969 0.707107 0.175549
vn -0.684969 0.707107 0.175549
vn -0.684969 0.707107 0.175549
vn 0.684968 0.707108 -0.175549
vn 0.684968 0.707108 -0.175549
vn 0.684968 0.707108 -0.175549
vn 0.684968 0.707108 -0.175549
vn 0.684968 0.707108 -0.175549
vn -0.860524 0.000000 -0.509410
vn -0.860524 0.000000 -0.509410
vn -0.860524 0.000000 -0.509409
vn -0.860524 0.000000 -0.509409
vn -0.175549 0.707107 -0.684969
vn -0.175549 0.707107 -0.684969
vn -0.175549 0.707107 -0.684969
vn -0.175549 0.707107 -0.684969
vn 0.490683 0.003976 -0.871329
vn 0.490683 0.003976 -0.871329
vn 0.487628 -0.000134 -0.873051
vn 0.487365 0.003343 -0.873192
vn -0.248260 -0.000004 -0.968693
vn -0.248262 -0.000001 -0.968693
vn -0.248262 -0.000001 -0.968693
vn -0.248260 -0.000004 -0.968693
vn -0.860525 -0.000000 -0.509408
vn -0.860525 -0.000000 -0.509408
vn -0.860525 -0.000000 -0.509408
vn -0.860525 -0.000000 -0.509408
vn -0.860525 -0.000000 -0.509408
vn -0.860525 -0.000000 -0.509408
vn 0.487049 -0.002725 -0.873371
vn 0.489355 -0.003090 -0.872079
vn 0.489355 -0.003090 -0.872079
vn 0.489355 -0.003090 -0.872079
vn 0.489355 -0.003090 -0.872079
vn 0.248265 0.000000 0.968692
vn 0.248265 0.000000 0.968692
vn 0.248265 0.000000 0.968692
vn 0.248265 0.000000 0.968692
vn 0.248265 0.000000 0.968692
vn 0.248265 0.000000 0.968692
vn 0.248265 0.000000 0.968692
vn -0.000000 1.000000 -0.000000
vn -0.000000 1.000000 -0.000000
vn -0.000000 1.000000 -0.000000
vn -0.000000 1.000000 -0.000000
vn -0.248259 -0.000007 -0.968694
vn -0.248259 -0.000007 -0.968694
vn -0.968692 -0.000001 0.248266
vn -0.968692 -0.000001 0.248266
vn -0.968692 -0.000004 0.248265
vn -0.968692 -0.000004 0.248265
vn -0.248261 -0.000002 -0.968693
vn -0.248261 -0.000002 -0.968693
vn -0.415953 0.577316 0.702630
vn -0.415953 0.577316 0.702630
vn -0.415953 0.577316 0.702630
vn 0.702621 0.577336 0.415941
vn 0.702621 0.577336 0.415941
vn 0.896179 0.070319 0.438086
vn 0.709916 0.572530 0.410156
vn -0.702615 0.577354 -0.415926
vn -0.702615 0.577354 -0.415925
vn -0.702615 0.577354 -0.415925
vn 0.415939 0.577350 -0.702611
vn 0.415939 0.577350 -0.702611
vn 0.415939 0.577350 -0.702611
vn -0.002886 -0.999910 -0.013144
vn -0.002886 -0.999910 -0.013144
vn -0.002886 -0.999910 -0.013144
vn -0.002886 -0.999910 -0.013144
vn -0.002886 -0.999909 -0.013144
vn -0.002886 -0.999910 -0.013144
vn -0.175550 -0.707090 -0.684986
vn -0.175550 -0.707090 -0.684986
vn -0.175550 -0.707090 -0.684986
vn -0.175550 -0.707090 -0.684986
vn -0.964668 -0.000098 0.263469
vn -0.968692 0.000003 0.248267
vn -0.968692 0.000001 0.248266
vn -0.548060 0.000000 0.836439
vn -0.568654 -0.003576 0.822569
vn -0.682974 0.706720 0.184641
vn -0.682974 0.706720 0.184641
vn -0.682974 0.706720 0.184641
vn -0.682974 0.706720 0.184641
vn 0.177377 0.697536 0.694249
vn 0.177377 0.697536 0.694249
vn 0.177377 0.697536 0.694248
vn 0.177377 0.697536 0.694249
vn 0.177377 0.697536 0.694248
vn -0.606325 0.713535 -0.351052
vn -0.606325 0.713535 -0.351052
vn -0.606325 0.713535 -0.351052
vn -0.606325 0.713535 -0.351052
vn -0.962075 0.000129 0.272786
vn -0.592256 -0.003108 0.805744
vn -0.644293 -0.710257 0.283588
vn -0.697134 -0.692924 0.184013
vn -0.697246 -0.694272 0.178422
vn -0.697246 -0.694272 0.178422
vn -0.387079 -0.689070 0.612660
vn -0.367851 -0.694166 0.618724
vn -0.367851 -0.694166 0.618724
vn -0.687063 -0.707368 0.166054
vn -0.687063 -0.707368 0.166054
vn -0.687063 -0.707368 0.166054
vn -0.687063 -0.707368 0.166054
vn -0.173292 0.716551 -0.675666
vn -0.173292 0.716551 -0.675666
vn -0.173292 0.716551 -0.675666
vn -0.173292 0.716551 -0.675666
vn 0.002886 0.999910 0.013144
vn 0.002886 0.999910 0.013144
vn 0.002886 0.999909 0.013144
vn 0.002886 0.999909 0.013144
vn 0.002886 0.999909 0.013144
vn 0.002886 0.999910 0.013144
vn -0.247960 0.013456 -0.968677
vn -0.247960 0.013456 -0.968677
vn -0.247960 0.013456 -0.968677
vn -0.247960 0.013456 -0.968677
vn -0.968765 -0.000463 0.247979
vn -0.968765 -0.000463 0.247979
vn -0.968765 -0.000463 0.247979
vn -0.968765 -0.000463 0.247979
vn -0.529727 -0.004314 0.848157
vn -0.968692 0.000001 0.248265
vn -0.860358 0.009183 -0.509607
vn -0.860358 0.009183 -0.509607
vn -0.860358 0.009183 -0.509607
vn -0.860358 0.009183 -0.509607
vn -0.860358 0.009183 -0.509607
vn 0.247963 -0.013450 0.968676
vn 0.247963 -0.013450 0.968676
vn 0.247963 -0.013450 0.968676
vn 0.247963 -0.013450 0.968676
vn 0.247963 -0.013450 0.968676
vn 0.247963 -0.013450 0.968676
vn 0.247963 -0.013450 0.968676
vn 0.247963 -0.013450 0.968676
vn -0.635153 -0.469828 0.613060
vn 0.901879 -0.000085 0.431988
vn 0.974669 -0.000025 -0.223652
vn 0.974706 0.000059 -0.223489
vn 0.701354 -0.710130 -0.061790
vn 0.632846 -0.689065 0.353122
vn 0.619051 -0.693906 0.367791
vn 0.619051 -0.693906 0.367791
vn 0.699900 -0.692708 -0.174057
vn 0.697330 -0.694031 -0.179030
vn 0.697330 -0.694031 -0.179030
vn 0.860521 0.000000 0.509414
vn 0.860521 0.000000 0.509414
vn 0.968693 -0.000000 -0.248263
vn 0.968693 -0.000000 -0.248263
vn 0.968693 -0.000000 -0.248263
vn 0.000000 -1.000000 0.000000
vn 0.000000 -1.000000 0.000000
vn 0.000000 -1.000000 0.000000
vn 0.000000 -1.000000 0.000000
vn 0.000000 -1.000000 0.000000
vn 0.000000 -1.000000 0.000000
vn 0.000000 -1.000000 0.000000
vn 0.000000 -1.000000 0.000000
vn 0.843758 0.493963 -0.209938
vn 0.968522 0.025571 -0.247611
vn 0.966879 0.045604 -0.251130
vn 0.840654 0.499595 -0.209060
vn 0.613879 0.016115 -0.789235
vn 0.966963 -0.036192 -0.252336
vn 0.598677 0.016207 -0.800827
vn 0.783986 -0.584609 -0.208802
vn 0.968367 -0.025387 -0.248236
vn 0.834257 -0.505335 -0.220570
vn 0.822643 0.530704 -0.203988
vn 0.822643 0.530704 -0.203988
vn 0.362400 0.714009 -0.599047
vn 0.362400 0.714009 -0.599047
vn 0.362400 0.714009 -0.599047
vn 0.362400 0.714009 -0.599047
vn 0.567102 0.016377 -0.823484
vn 0.567102 0.016377 -0.823484
vn 0.567102 0.016377 -0.823485
vn 0.682983 -0.706712 -0.184643
vn 0.682983 -0.706712 -0.184643
vn 0.695630 0.494642 0.520988
vn 0.695630 0.494642 0.520988
vn 0.695630 0.494642 0.520988
s 1
g BODY_ROBOT pasted__pasted__pCube9
usemtl standardSurface5SG
f 786/1671/2282 788/1666/2283 798/1665/2284 797/1672/2285
s off
f 787/1732/2286 786/1736/2287 790/1737/2288 789/1733/2289
f 788/1666/2290 787/1673/2291 792/1674/2292 791/1667/2293
f 789/1715/2294 844/1706/2295 843/1700/2296 796/1705/2297 795/1716/2298
s 2
f 791/1667/2299 793/1675/2300 802/1676/2301 801/1664/2302
s off
f 793/1738/2303 792/1735/2304 795/1734/2305 794/1739/2306
s 3
f 794/1713/2307 796/1705/2308 804/1704/2309 803/1714/2310
s 4
f 799/1770/2311 802/1771/2312 803/1772/2313 805/1773/2314
s 2
f 800/1670/2315 799/1678/2316 808/1683/2317 809/1684/2318 823/1685/2319 824/1679/2320
s 3
f 805/1710/2321 804/1704/2309 842/1703/2322 841/1709/2323 811/1711/2324 810/1712/2325
s off
f 797/1778/2326 821/1779/2327 822/1780/2328 839/1781/2329 840/1782/2330 790/1783/2331 786/1784/2332
f 787/1732/2333 789/1733/2334 795/1734/2335 792/1735/2336
s 4
f 799/1770/2311 805/1773/2314 810/1776/2337 808/1777/2338
s 1
f 801/1664/2339 798/1665/2340 788/1666/2341 791/1667/2342
s 4
f 793/1774/2343 794/1775/2344 803/1772/2313 802/1771/2312
s off
f 786/1671/2345 787/1673/2346 788/1666/2347
s 6
f 789/1715/2348 790/1707/2349 845/1701/2350 844/1706/2351
s off
f 791/1667/2352 792/1674/2353 793/1675/2354
f 794/1713/2355 795/1716/2356 796/1705/2357
s 2
f 799/1678/2316 800/1670/2315 801/1664/2302 802/1676/2301
s 3
f 803/1714/2310 804/1704/2309 805/1710/2321
s off
f 828/1740/2358 831/1741/2359 806/1742/2360 807/1743/2361 847/1744/2362 846/1745/2363
f 809/1760/2364 808/1766/2365 810/1767/2366 811/1761/2367
s 1
f 825/1668/2368 827/1669/2369 798/1665/2340 801/1664/2339 800/1670/2370
f 827/1669/2371 826/1677/2372 797/1672/2285 798/1665/2284
s off
f 812/1691/2373 813/1696/2374 815/1697/2375 816/1688/2376
f 813/1746/2377 812/1752/2378 850/1753/2379 849/1754/2380 814/1747/2381
f 816/1757/2382 815/1751/2383 832/1750/2384 833/1755/2385
s 1
f 818/1680/2386 820/1681/2387 826/1677/2372 825/1668/2368
s 7
f 819/1686/2388 818/1680/2389 824/1679/2390 823/1685/2391
f 820/1681/2392 819/1686/2388 822/1687/2393 821/1682/2394
s off
f 828/1695/2395 829/1690/2396 830/1689/2397 831/1693/2398
f 833/1755/2399 832/1750/2400 834/1749/2401 835/1756/2402
f 813/1746/2403 814/1747/2404 817/1748/2405 834/1749/2406 832/1750/2407 815/1751/2408
f 806/1785/2409 833/1786/2410 835/1787/2411 807/1788/2412
f 816/1688/2413 830/1689/2414 829/1690/2415 812/1691/2416
s 1
f 820/1681/2387 821/1682/2417 797/1672/2285 826/1677/2372
f 800/1670/2370 824/1679/2418 818/1680/2386 825/1668/2368
s off
f 806/1692/2419 831/1693/2420 830/1689/2421 816/1688/2422 833/1694/2423
f 829/1789/2424 828/1790/2425 846/1791/2426 856/1792/2427 855/1793/2428 848/1794/2429 850/1795/2430 812/1796/2431
s 7
f 818/1680/2389 819/1686/2388 820/1681/2392
s 1
f 825/1668/2368 826/1677/2372 827/1669/2432
s 6
f 836/1698/2433 838/1699/2434 843/1700/2435 845/1701/2350
s 9
f 837/1763/2436 836/1768/2437 840/1769/2438 839/1764/2439
f 838/1699/2440 837/1702/2436 841/1709/2441 842/1703/2442
s 6
f 836/1698/2433 845/1701/2350 790/1707/2443 840/1708/2444
f 843/1700/2435 838/1699/2434 842/1703/2445 804/1704/2446 796/1705/2447
s off
f 819/1758/2448 823/1759/2449 809/1760/2450 811/1761/2451 841/1762/2452 837/1763/2453 839/1764/2454 822/1765/2455
s 9
f 836/1698/2437 837/1702/2436 838/1699/2440
s 6
f 843/1700/2435 844/1706/2351 845/1701/2350
s 10
f 849/1717/2456 848/1718/2457 852/1719/2458 851/1720/2459
f 851/1720/2460 852/1719/2458 854/1722/2461 853/1723/2462
f 853/1723/2463 854/1722/2461 855/1721/2464 856/1726/2465
f 814/1724/2466 849/1717/2456 851/1720/2459 817/1725/2467
s off
f 817/1725/2468 851/1720/2469 835/1729/2470 834/1730/2471
s 10
f 855/1721/2464 854/1722/2461 852/1719/2458 848/1718/2457
f 853/1723/2462 847/1727/2472 807/1728/2473 835/1729/2474 851/1720/2460
f 853/1723/2463 856/1726/2465 846/1731/2475 847/1727/2476
s off
f 848/1794/2477 849/1797/2478 850/1795/2479
g default
v -1.557358 14.515712 0.646680
v -1.620313 14.517068 0.609565
v -1.689141 14.517509 0.634169
v -1.723521 14.516775 0.706079
v -1.703316 14.515298 0.783170
v -1.640360 14.513941 0.820284
v -1.571533 14.513501 0.795681
v -1.537152 14.514234 0.723771
v -1.484379 14.515919 0.578434
v -1.610290 14.518632 0.504206
v -1.747944 14.519513 0.553414
v -1.816706 14.518046 0.697233
v -1.776294 14.515091 0.851415
v -1.650383 14.512378 0.925644
v -1.512729 14.511497 0.876436
v -1.443968 14.512963 0.732617
v -1.472932 15.460563 0.593541
v -1.598843 15.463275 0.519312
v -1.736497 15.464157 0.568520
v -1.805258 15.462690 0.712339
v -1.764847 15.459734 0.866522
v -1.638936 15.457022 0.940751
v -1.501282 15.456140 0.891543
v -1.432520 15.457607 0.747724
v -1.461484 16.405207 0.608648
v -1.587395 16.407919 0.534419
v -1.725049 16.408800 0.583627
v -1.793811 16.407333 0.727446
v -1.753399 16.404379 0.881629
v -1.627488 16.401665 0.955858
v -1.489834 16.400784 0.906650
v -1.421073 16.402250 0.762831
v -1.450037 17.349850 0.623755
v -1.575948 17.352564 0.549526
v -1.713602 17.353443 0.598734
v -1.782363 17.351978 0.742553
v -1.741952 17.349022 0.896736
v -1.616041 17.346310 0.970964
v -1.478387 17.345428 0.921757
v -1.409625 17.346895 0.777938
v -1.523015 17.349644 0.692000
v -1.585971 17.351000 0.654886
v -1.654798 17.351440 0.679490
v -1.689179 17.350706 0.751399
v -1.668973 17.349230 0.828491
v -1.606018 17.347874 0.865605
v -1.537190 17.347431 0.841001
v -1.502810 17.348166 0.769091
v -1.630337 14.515505 0.714925
v -1.595994 17.349436 0.760245
vt 0.505174 0.217323
vt 0.501467 0.226272
vt 0.488812 0.226272
vt 0.496225 0.208375
vt 0.505174 0.235221
vt 0.496225 0.244169
vt 0.514122 0.238927
vt 0.514122 0.251582
vt 0.523071 0.235221
vt 0.532019 0.244169
vt 0.526777 0.226272
vt 0.539433 0.226272
vt 0.523071 0.217323
vt 0.532019 0.208375
vt 0.514122 0.213617
vt 0.514122 0.200961
vt 0.912009 0.879786
vt 0.863348 0.879786
vt 0.863348 0.833908
vt 0.912009 0.833908
vt 0.814686 0.879786
vt 0.814686 0.833908
vt 0.789227 0.000012
vt 0.840043 0.000012
vt 0.840043 0.047922
vt 0.789227 0.047922
vt 0.890859 0.000012
vt 0.890859 0.047922
vt 0.570280 0.768237
vt 0.618942 0.768237
vt 0.618942 0.814116
vt 0.570280 0.814116
vt 0.667604 0.768237
vt 0.667604 0.814116
vt 0.468444 0.730179
vt 0.519261 0.730179
vt 0.519261 0.778089
vt 0.468444 0.778089
vt 0.570077 0.730179
vt 0.570077 0.778089
vt 0.863348 0.788029
vt 0.912009 0.788029
vt 0.814686 0.788029
vt 0.840043 0.095832
vt 0.789227 0.095832
vt 0.890859 0.095832
vt 0.618942 0.859995
vt 0.570280 0.859995
vt 0.667604 0.859995
vt 0.519261 0.825999
vt 0.468444 0.825999
vt 0.570077 0.825999
vt 0.863348 0.742150
vt 0.912009 0.742150
vt 0.814686 0.742150
vt 0.840043 0.143742
vt 0.789227 0.143742
vt 0.890859 0.143742
vt 0.618942 0.905874
vt 0.570280 0.905874
vt 0.667604 0.905874
vt 0.519261 0.873909
vt 0.468444 0.873909
vt 0.570077 0.873909
vt 0.516744 0.007413
vt 0.524157 0.025311
vt 0.511502 0.025311
vt 0.507795 0.016362
vt 0.516744 0.043208
vt 0.507795 0.034259
vt 0.498847 0.050621
vt 0.498847 0.037966
vt 0.480949 0.043208
vt 0.489898 0.034259
vt 0.473536 0.025311
vt 0.486191 0.025311
vt 0.480949 0.007413
vt 0.489898 0.016362
vt 0.498847 0.000000
vt 0.498847 0.012655
vt 0.514122 0.226272
vt 0.498847 0.025311
vn -0.012114 -0.999799 -0.015982
vn -0.012114 -0.999799 -0.015982
vn -0.012114 -0.999799 -0.015982
vn -0.012114 -0.999799 -0.015982
vn -0.012116 -0.999799 -0.015989
vn -0.012116 -0.999799 -0.015988
vn -0.012116 -0.999799 -0.015988
vn -0.012116 -0.999799 -0.015989
vn -0.012116 -0.999799 -0.015988
vn -0.012116 -0.999799 -0.015988
vn -0.012116 -0.999799 -0.015988
vn -0.012116 -0.999799 -0.015988
vn -0.012116 -0.999799 -0.015988
vn -0.012116 -0.999799 -0.015989
vn -0.012116 -0.999799 -0.015989
vn -0.012116 -0.999799 -0.015988
vn -0.012116 -0.999799 -0.015989
vn -0.012116 -0.999799 -0.015989
vn -0.012116 -0.999799 -0.015989
vn -0.012116 -0.999799 -0.015989
vn -0.012116 -0.999799 -0.015989
vn -0.012116 -0.999799 -0.015989
vn -0.012116 -0.999799 -0.015989
vn -0.012116 -0.999799 -0.015989
vn -0.012116 -0.999799 -0.015989
vn -0.012116 -0.999799 -0.015989
vn -0.012116 -0.999799 -0.015989
vn -0.012116 -0.999799 -0.015989
vn -0.012116 -0.999799 -0.015989
vn -0.012116 -0.999799 -0.015989
vn -0.012116 -0.999799 -0.015989
vn -0.012116 -0.999799 -0.015989
vn 0.507957 0.007619 -0.861349
vn 0.507957 0.007619 -0.861349
vn 0.507957 0.007619 -0.861349
vn 0.507957 0.007619 -0.861349
vn -0.336443 0.019134 -0.941509
vn -0.336443 0.019134 -0.941509
vn -0.336443 0.019134 -0.941509
vn -0.336443 0.019134 -0.941509
vn -0.902115 0.017827 -0.431128
vn -0.902115 0.017827 -0.431128
vn -0.902115 0.017827 -0.431128
vn -0.902115 0.017827 -0.431128
vn -0.967262 0.007665 0.253665
vn -0.967262 0.007665 0.253665
vn -0.967262 0.007665 0.253665
vn -0.967262 0.007665 0.253665
vn -0.507957 -0.007619 0.861349
vn -0.507957 -0.007619 0.861349
vn -0.507957 -0.007619 0.861349
vn -0.507957 -0.007619 0.861349
vn 0.336443 -0.019134 0.941509
vn 0.336443 -0.019134 0.941509
vn 0.336443 -0.019134 0.941509
vn 0.336443 -0.019134 0.941509
vn 0.902115 -0.017827 0.431128
vn 0.902115 -0.017827 0.431128
vn 0.902115 -0.017827 0.431128
vn 0.902115 -0.017827 0.431128
vn 0.967262 -0.007665 -0.253665
vn 0.967262 -0.007665 -0.253665
vn 0.967262 -0.007665 -0.253665
vn 0.967262 -0.007665 -0.253665
vn 0.507957 0.007619 -0.861349
vn 0.507957 0.007619 -0.861349
vn 0.507957 0.007619 -0.861349
vn 0.507957 0.007619 -0.861349
vn -0.336443 0.019134 -0.941509
vn -0.336443 0.019134 -0.941509
vn -0.336443 0.019134 -0.941509
vn -0.336443 0.019134 -0.941509
vn -0.902115 0.017827 -0.431128
vn -0.902115 0.017827 -0.431128
vn -0.902115 0.017827 -0.431128
vn -0.902115 0.017827 -0.431128
vn -0.967262 0.007665 0.253665
vn -0.967262 0.007665 0.253665
vn -0.967262 0.007665 0.253665
vn -0.967262 0.007665 0.253665
vn -0.507957 -0.007619 0.861349
vn -0.507957 -0.007619 0.861349
vn -0.507957 -0.007619 0.861349
vn -0.507957 -0.007619 0.861349
vn 0.336443 -0.019134 0.941509
vn 0.336443 -0.019134 0.941509
vn 0.336443 -0.019134 0.941509
vn 0.336443 -0.019134 0.941509
vn 0.902115 -0.017827 0.431128
vn 0.902115 -0.017827 0.431128
vn 0.902115 -0.017827 0.431128
vn 0.902115 -0.017827 0.431128
vn 0.967262 -0.007665 -0.253665
vn 0.967262 -0.007665 -0.253665
vn 0.967262 -0.007665 -0.253665
vn 0.967262 -0.007665 -0.253665
vn 0.507957 0.007619 -0.861349
vn 0.507957 0.007619 -0.861349
vn 0.507957 0.007619 -0.861349
vn 0.507957 0.007619 -0.861349
vn -0.336443 0.019134 -0.941509
vn -0.336443 0.019134 -0.941509
vn -0.336443 0.019134 -0.941509
vn -0.336443 0.019134 -0.941509
vn -0.902115 0.017827 -0.431128
vn -0.902115 0.017827 -0.431128
vn -0.902115 0.017827 -0.431128
vn -0.902115 0.017827 -0.431128
vn -0.967262 0.007665 0.253665
vn -0.967262 0.007665 0.253665
vn -0.967262 0.007665 0.253665
vn -0.967262 0.007665 0.253665
vn -0.507957 -0.007619 0.861349
vn -0.507957 -0.007619 0.861349
vn -0.507957 -0.007619 0.861349
vn -0.507957 -0.007619 0.861349
vn 0.336443 -0.019134 0.941509
vn 0.336443 -0.019134 0.941509
vn 0.336443 -0.019134 0.941509
vn 0.336443 -0.019134 0.941509
vn 0.902115 -0.017827 0.431128
vn 0.902115 -0.017827 0.431128
vn 0.902115 -0.017827 0.431128
vn 0.902115 -0.017827 0.431128
vn 0.967262 -0.007665 -0.253665
vn 0.967262 -0.007665 -0.253665
vn 0.967262 -0.007665 -0.253665
vn 0.967262 -0.007665 -0.253665
vn 0.012116 0.999799 0.015989
vn 0.012116 0.999799 0.015989
vn 0.012116 0.999799 0.015989
vn 0.012116 0.999799 0.015989
vn 0.012116 0.999799 0.015989
vn 0.012116 0.999799 0.015989
vn 0.012116 0.999799 0.015989
vn 0.012116 0.999799 0.015989
vn 0.012116 0.999799 0.015989
vn 0.012116 0.999799 0.015989
vn 0.012116 0.999799 0.015989
vn 0.012116 0.999799 0.015989
vn 0.012116 0.999799 0.015989
vn 0.012116 0.999799 0.015989
vn 0.012116 0.999799 0.015989
vn 0.012116 0.999799 0.015989
vn 0.012116 0.999799 0.015989
vn 0.012116 0.999799 0.015989
vn 0.012116 0.999799 0.015989
vn 0.012116 0.999799 0.015989
vn 0.012116 0.999799 0.015989
vn 0.012116 0.999799 0.015989
vn 0.012116 0.999799 0.015989
vn 0.012116 0.999799 0.015989
vn 0.012116 0.999799 0.015989
vn 0.012116 0.999799 0.015989
vn 0.012116 0.999799 0.015989
vn 0.012116 0.999799 0.015989
vn 0.012116 0.999799 0.015989
vn 0.012116 0.999799 0.015989
vn 0.012116 0.999799 0.015989
vn 0.012116 0.999799 0.015989
vn -0.012116 -0.999799 -0.015989
vn -0.012116 -0.999799 -0.015989
vn -0.012116 -0.999799 -0.015989
vn -0.012116 -0.999799 -0.015988
vn -0.012116 -0.999799 -0.015989
vn -0.012116 -0.999799 -0.015989
vn -0.012116 -0.999799 -0.015988
vn -0.012116 -0.999799 -0.015988
vn -0.012116 -0.999799 -0.015989
vn -0.012116 -0.999799 -0.015989
vn -0.012116 -0.999799 -0.015988
vn -0.012116 -0.999799 -0.015989
vn -0.012116 -0.999799 -0.015989
vn -0.012116 -0.999799 -0.015989
vn -0.012116 -0.999799 -0.015989
vn -0.012116 -0.999799 -0.015989
vn -0.012116 -0.999799 -0.015989
vn -0.012116 -0.999799 -0.015989
vn -0.012116 -0.999799 -0.015989
vn -0.012116 -0.999799 -0.015989
vn -0.012116 -0.999799 -0.015989
vn -0.012116 -0.999799 -0.015989
vn -0.012116 -0.999799 -0.015989
vn -0.012116 -0.999799 -0.015989
vn 0.012116 0.999799 0.015989
vn 0.012116 0.999799 0.015989
vn 0.012116 0.999799 0.015989
vn 0.012116 0.999799 0.015989
vn 0.012116 0.999799 0.015989
vn 0.012116 0.999799 0.015989
vn 0.012116 0.999799 0.015989
vn 0.012116 0.999799 0.015989
vn 0.012116 0.999799 0.015989
vn 0.012116 0.999799 0.015989
vn 0.012116 0.999799 0.015989
vn 0.012116 0.999799 0.015989
vn 0.012116 0.999799 0.015989
vn 0.012116 0.999799 0.015989
vn 0.012116 0.999799 0.015989
vn 0.012116 0.999799 0.015989
vn 0.012116 0.999799 0.015989
vn 0.012116 0.999799 0.015989
vn 0.012116 0.999799 0.015989
vn 0.012116 0.999799 0.015989
vn 0.012116 0.999799 0.015989
vn 0.012116 0.999799 0.015989
vn 0.012116 0.999799 0.015989
vn 0.012116 0.999799 0.015989
s off
g fl:flowerpCylinder3
usemtl standardSurface2SG
f 857/1798/2480 858/1799/2481 866/1800/2482 865/1801/2483
f 858/1799/2484 859/1802/2485 867/1803/2486 866/1800/2487
f 859/1802/2488 860/1804/2489 868/1805/2490 867/1803/2491
f 860/1804/2492 861/1806/2493 869/1807/2494 868/1805/2495
f 861/1806/2496 862/1808/2497 870/1809/2498 869/1807/2499
f 862/1808/2500 863/1810/2501 871/1811/2502 870/1809/2503
f 863/1810/2504 864/1812/2505 872/1813/2506 871/1811/2507
f 864/1812/2508 857/1798/2509 865/1801/2510 872/1813/2511
f 865/1814/2512 866/1815/2513 874/1816/2514 873/1817/2515
f 866/1815/2516 867/1818/2517 875/1819/2518 874/1816/2519
f 867/1820/2520 868/1821/2521 876/1822/2522 875/1823/2523
f 868/1821/2524 869/1824/2525 877/1825/2526 876/1822/2527
f 869/1826/2528 870/1827/2529 878/1828/2530 877/1829/2531
f 870/1827/2532 871/1830/2533 879/1831/2534 878/1828/2535
f 871/1832/2536 872/1833/2537 880/1834/2538 879/1835/2539
f 872/1833/2540 865/1836/2541 873/1837/2542 880/1834/2543
f 873/1817/2544 874/1816/2545 882/1838/2546 881/1839/2547
f 874/1816/2548 875/1819/2549 883/1840/2550 882/1838/2551
f 875/1823/2552 876/1822/2553 884/1841/2554 883/1842/2555
f 876/1822/2556 877/1825/2557 885/1843/2558 884/1841/2559
f 877/1829/2560 878/1828/2561 886/1844/2562 885/1845/2563
f 878/1828/2564 879/1831/2565 887/1846/2566 886/1844/2567
f 879/1835/2568 880/1834/2569 888/1847/2570 887/1848/2571
f 880/1834/2572 873/1837/2573 881/1849/2574 888/1847/2575
f 881/1839/2576 882/1838/2577 890/1850/2578 889/1851/2579
f 882/1838/2580 883/1840/2581 891/1852/2582 890/1850/2583
f 883/1842/2584 884/1841/2585 892/1853/2586 891/1854/2587
f 884/1841/2588 885/1843/2589 893/1855/2590 892/1853/2591
f 885/1845/2592 886/1844/2593 894/1856/2594 893/1857/2595
f 886/1844/2596 887/1846/2597 895/1858/2598 894/1856/2599
f 887/1848/2600 888/1847/2601 896/1859/2602 895/1860/2603
f 888/1847/2604 881/1849/2605 889/1861/2606 896/1859/2607
f 889/1862/2608 890/1863/2609 898/1864/2610 897/1865/2611
f 890/1863/2612 891/1866/2613 899/1867/2614 898/1864/2615
f 891/1866/2616 892/1868/2617 900/1869/2618 899/1867/2619
f 892/1868/2620 893/1870/2621 901/1871/2622 900/1869/2623
f 893/1870/2624 894/1872/2625 902/1873/2626 901/1871/2627
f 894/1872/2628 895/1874/2629 903/1875/2630 902/1873/2631
f 895/1874/2632 896/1876/2633 904/1877/2634 903/1875/2635
f 896/1876/2636 889/1862/2637 897/1865/2638 904/1877/2639
f 858/1799/2640 857/1798/2641 905/1878/2642
f 859/1802/2643 858/1799/2644 905/1878/2645
f 860/1804/2646 859/1802/2647 905/1878/2648
f 861/1806/2649 860/1804/2650 905/1878/2651
f 862/1808/2652 861/1806/2653 905/1878/2654
f 863/1810/2655 862/1808/2656 905/1878/2657
f 864/1812/2658 863/1810/2659 905/1878/2660
f 857/1798/2661 864/1812/2662 905/1878/2663
f 897/1865/2664 898/1864/2665 906/1879/2666
f 898/1864/2667 899/1867/2668 906/1879/2669
f 899/1867/2670 900/1869/2671 906/1879/2672
f 900/1869/2673 901/1871/2674 906/1879/2675
f 901/1871/2676 902/1873/2677 906/1879/2678
f 902/1873/2679 903/1875/2680 906/1879/2681
f 903/1875/2682 904/1877/2683 906/1879/2684
f 904/1877/2685 897/1865/2686 906/1879/2687
g default
v 3.530391 8.630917 -0.434702
v 3.037044 8.712195 -0.436229
v 2.788996 8.752629 -0.003982
v 3.034295 8.711786 0.429792
v 3.527643 8.630508 0.431319
v 3.775690 8.590074 -0.000927
v 4.343156 13.564414 -0.429792
v 3.849809 13.645692 -0.431319
v 3.601761 13.686126 0.000927
v 3.847060 13.645283 0.434702
v 4.340408 13.564005 0.436229
v 4.588455 13.523571 0.003982
v 3.282343 8.671352 -0.002455
v 4.095108 13.604848 0.002455
vt 0.837030 0.660908
vt 0.848708 0.660908
vt 0.848708 0.795759
vt 0.837030 0.795759
vt 0.825351 0.660908
vt 0.825351 0.795759
vt 0.825351 0.795759
vt 0.837030 0.795759
vt 0.837030 0.930611
vt 0.825351 0.930611
vt 0.848708 0.795759
vt 0.848708 0.930611
vt 0.943259 0.529474
vt 0.943259 0.516924
vt 0.954127 0.523199
vt 0.954127 0.510650
vt 0.954127 0.535748
vt 0.964995 0.516924
vt 0.964995 0.529474
vt 0.964995 0.144489
vt 0.964995 0.157038
vt 0.954127 0.150763
vt 0.954127 0.163313
vt 0.954127 0.138214
vt 0.943259 0.157038
vt 0.943259 0.144489
vt 0.596960 0.528669
vt 0.584410 0.528669
vt 0.584410 0.403176
vt 0.596960 0.403176
vt 0.389607 0.715976
vt 0.402156 0.715976
vt 0.402156 0.841469
vt 0.389607 0.841469
vn 0.003174 0.000472 -0.999995
vn 0.003174 0.000472 -0.999995
vn 0.003174 0.000472 -0.999995
vn 0.003174 0.000472 -0.999995
vn -0.852916 0.141013 -0.502643
vn -0.852916 0.141013 -0.502643
vn -0.852916 0.141013 -0.502643
vn -0.852916 0.141013 -0.502643
vn -0.856089 0.140541 0.497352
vn -0.856089 0.140541 0.497352
vn -0.856089 0.140541 0.497352
vn -0.856089 0.140541 0.497352
vn -0.003173 -0.000472 0.999995
vn -0.003173 -0.000472 0.999995
vn -0.003173 -0.000472 0.999995
vn -0.003173 -0.000472 0.999995
vn 0.852916 -0.141013 0.502643
vn 0.852916 -0.141013 0.502643
vn 0.852916 -0.141013 0.502643
vn 0.852916 -0.141013 0.502643
vn 0.856089 -0.140541 -0.497352
vn 0.856089 -0.140541 -0.497352
vn 0.856089 -0.140541 -0.497352
vn 0.856089 -0.140541 -0.497352
vn -0.162553 -0.986699 -0.000982
vn -0.162553 -0.986699 -0.000982
vn -0.162553 -0.986699 -0.000982
vn -0.162553 -0.986699 -0.000982
vn -0.162553 -0.986699 -0.000982
vn -0.162553 -0.986699 -0.000982
vn -0.162553 -0.986699 -0.000982
vn 0.162553 0.986699 0.000982
vn 0.162553 0.986699 0.000982
vn 0.162553 0.986699 0.000982
vn 0.162553 0.986699 0.000982
vn 0.162553 0.986699 0.000982
vn 0.162553 0.986699 0.000982
vn 0.162553 0.986699 0.000982
s off
g BODY_ROBOT pCylinder1
f 907/1906/2688 908/1907/2689 914/1908/2690 913/1909/2691
f 908/1884/2692 909/1880/2693 915/1883/2694 914/1885/2695
f 909/1880/2696 910/1881/2697 916/1882/2698 915/1883/2699
f 910/1910/2700 911/1911/2701 917/1912/2702 916/1913/2703
f 911/1886/2704 912/1887/2705 918/1888/2706 917/1889/2707
f 912/1887/2708 907/1890/2709 913/1891/2710 918/1888/2711
s 1
f 908/1892/2712 907/1893/2713 919/1894/2714
f 909/1896/2715 908/1892/2712 919/1894/2714
f 910/1898/2716 909/1896/2715 919/1894/2714
f 911/1897/2717 910/1898/2716 919/1894/2714
f 912/1895/2718 911/1897/2717 919/1894/2714
f 907/1893/2713 912/1895/2718 919/1894/2714
s 2
f 913/1899/2719 914/1900/2720 920/1901/2721
f 914/1900/2720 915/1902/2722 920/1901/2721
f 915/1902/2722 916/1904/2723 920/1901/2721
f 916/1904/2723 917/1905/2724 920/1901/2721
f 917/1905/2724 918/1903/2725 920/1901/2721
f 918/1903/2725 913/1899/2719 920/1901/2721
g default
v -1.299338 16.733406 0.609564
v -1.453847 16.733406 0.502082
v -1.644830 16.733406 0.502082
v -1.799338 16.733406 0.609564
v -1.858355 16.733406 0.783473
v -1.799338 16.733406 0.957382
v -1.644830 16.733406 1.064864
v -1.453847 16.733406 1.064864
v -1.299338 16.733406 0.957382
v -1.240321 16.733406 0.783473
v -1.073810 16.892805 0.452678
v -1.367702 16.892805 0.248235
v -1.730974 16.892805 0.248235
v -2.024866 16.892805 0.452678
v -2.137123 16.892805 0.783473
v -2.024866 16.892805 1.114268
v -1.730974 16.892805 1.318711
v -1.367702 16.892805 1.318711
v -1.073810 16.892805 1.114268
v -0.961553 16.892805 0.783473
v -0.894830 17.141073 0.328172
v -1.299338 17.141073 0.046781
v -1.799338 17.141073 0.046781
v -2.203847 17.141073 0.328173
v -2.358355 17.141073 0.783473
v -2.203847 17.141073 1.238774
v -1.799338 17.141073 1.520165
v -1.299338 17.141073 1.520165
v -0.894830 17.141073 1.238773
v -0.740321 17.141073 0.783473
v -0.779917 17.453911 0.248235
v -1.255446 17.453911 -0.082560
v -1.843231 17.453911 -0.082560
v -2.318759 17.453911 0.248235
v -2.500395 17.453911 0.783473
v -2.318759 17.453911 1.318711
v -1.843231 17.453911 1.649506
v -1.255445 17.453911 1.649506
v -0.779917 17.453911 1.318711
v -0.598282 17.453911 0.783473
v -0.740321 17.800692 0.220691
v -1.240321 17.800692 -0.127128
v -1.858355 17.800692 -0.127128
v -2.358355 17.800692 0.220691
v -2.549338 17.800692 0.783473
v -2.358355 17.800692 1.346255
v -1.858355 17.800692 1.694074
v -1.240321 17.800692 1.694074
v -0.740321 17.800692 1.346255
v -0.549338 17.800692 0.783473
v -0.779917 18.147472 0.248235
v -1.255446 18.147472 -0.082560
v -1.843231 18.147472 -0.082560
v -2.318759 18.147472 0.248235
v -2.500395 18.147472 0.783473
v -2.318759 18.147472 1.318711
v -1.843231 18.147472 1.649506
v -1.255445 18.147472 1.649506
v -0.779917 18.147472 1.318711
v -0.598282 18.147472 0.783473
v -0.894830 18.460310 0.328172
v -1.299338 18.460310 0.046781
v -1.799338 18.460310 0.046781
v -2.203847 18.460310 0.328173
v -2.358355 18.460310 0.783473
v -2.203847 18.460310 1.238774
v -1.799338 18.460310 1.520165
v -1.299338 18.460310 1.520165
v -0.894830 18.460310 1.238773
v -0.740321 18.460310 0.783473
v -1.073810 18.708578 0.452678
v -1.367702 18.708578 0.248235
v -1.730974 18.708578 0.248235
v -2.024866 18.708578 0.452678
v -2.137123 18.708578 0.783473
v -2.024866 18.708578 1.114268
v -1.730974 18.708578 1.318711
v -1.367702 18.708578 1.318711
v -1.073810 18.708578 1.114268
v -0.961553 18.708578 0.783473
v -1.299338 18.867975 0.609564
v -1.453847 18.867975 0.502082
v -1.644830 18.867975 0.502082
v -1.799338 18.867975 0.609564
v -1.858355 18.867975 0.783473
v -1.799338 18.867975 0.957382
v -1.644830 18.867975 1.064864
v -1.453847 18.867975 1.064864
v -1.299338 18.867975 0.957382
v -1.240321 18.867975 0.783473
v -1.549338 16.678482 0.783473
v -1.549338 18.922901 0.783473
vt 0.377146 0.554788
vt 0.355341 0.538945
vt 0.367498 0.501530
vt 0.408973 0.531664
vt 0.328388 0.538945
vt 0.316231 0.501530
vt 0.306584 0.554788
vt 0.274756 0.531664
vt 0.298255 0.580421
vt 0.258914 0.580421
vt 0.306584 0.606054
vt 0.274756 0.629178
vt 0.328388 0.621896
vt 0.316231 0.659312
vt 0.355341 0.621896
vt 0.367498 0.659312
vt 0.377146 0.606054
vt 0.408973 0.629178
vt 0.385474 0.580421
vt 0.424815 0.580421
vt 0.377146 0.471837
vt 0.434232 0.513312
vt 0.306583 0.471837
vt 0.249498 0.513312
vt 0.000000 0.200691
vt 0.000000 0.147215
vt 0.034243 0.147215
vt 0.034243 0.220819
vt 0.000000 0.093738
vt 0.034243 0.073611
vt 0.306584 0.689005
vt 0.249498 0.647529
vt 0.377146 0.689005
vt 0.434232 0.647529
vt 0.254589 0.200691
vt 0.254589 0.147215
vt 0.288832 0.147215
vt 0.288832 0.220819
vt 0.254589 0.093738
vt 0.288832 0.073611
vt 0.288832 0.028121
vt 0.331981 0.007211
vt 0.331981 0.060688
vt 0.866057 0.305310
vt 0.797338 0.305310
vt 0.791306 0.266996
vt 0.872090 0.266996
vt 0.034243 0.266309
vt 0.077392 0.233741
vt 0.077392 0.287218
vt 0.077392 0.147215
vt 0.077392 0.060688
vt 0.034243 0.028121
vt 0.077392 0.007211
vt 0.797338 0.305310
vt 0.866057 0.305310
vt 0.872090 0.343623
vt 0.791306 0.343623
vt 0.288832 0.266309
vt 0.331981 0.233741
vt 0.331981 0.287218
vt 0.331981 0.147215
vt 0.379812 0.000007
vt 0.379812 0.056235
vt 0.789227 0.224526
vt 0.874168 0.224526
vt 0.125223 0.238194
vt 0.125223 0.294423
vt 0.125223 0.147215
vt 0.125223 0.056235
vt 0.125223 0.000007
vt 0.874168 0.386093
vt 0.789227 0.386093
vt 0.379812 0.238194
vt 0.379812 0.294423
vt 0.379812 0.147215
vt 0.427643 0.007211
vt 0.427643 0.060688
vt 0.791306 0.182055
vt 0.872090 0.182055
vt 0.173054 0.233741
vt 0.173054 0.287218
vt 0.173054 0.147215
vt 0.173054 0.060688
vt 0.173054 0.007211
vt 0.872090 0.428564
vt 0.791306 0.428564
vt 0.427643 0.233741
vt 0.427643 0.287218
vt 0.427643 0.147215
vt 0.470792 0.028121
vt 0.470792 0.073611
vt 0.797338 0.143742
vt 0.866057 0.143742
vt 0.216202 0.220819
vt 0.216202 0.266309
vt 0.216202 0.147215
vt 0.216202 0.073611
vt 0.216202 0.028121
vt 0.866057 0.466877
vt 0.797338 0.466877
vt 0.470792 0.220819
vt 0.470792 0.266309
vt 0.470792 0.147215
vt 0.184734 0.597239
vt 0.127648 0.638714
vt 0.118000 0.609021
vt 0.159476 0.578887
vt 0.057086 0.638714
vt 0.066734 0.609021
vt 0.000000 0.597239
vt 0.025258 0.578887
vt 0.250445 0.147215
vt 0.250445 0.200691
vt 0.250445 0.093738
vt 0.000000 0.463021
vt 0.057086 0.421546
vt 0.066734 0.451239
vt 0.025258 0.481373
vt 0.127648 0.421546
vt 0.118000 0.451239
vt 0.184734 0.463021
vt 0.159476 0.481373
vt 0.505035 0.147215
vt 0.505035 0.200691
vt 0.505035 0.093738
vt 0.105843 0.571605
vt 0.127648 0.555763
vt 0.078891 0.571605
vt 0.057086 0.555763
vt 0.009416 0.530130
vt 0.048757 0.530130
vt 0.057086 0.504497
vt 0.078891 0.488655
vt 0.105843 0.488655
vt 0.127648 0.504497
vt 0.175318 0.530130
vt 0.135977 0.530130
vt 0.341865 0.580421
vt 0.092367 0.530130
vn 0.300503 -0.850347 -0.431982
vn 0.300503 -0.850347 -0.431982
vn 0.300503 -0.850347 -0.431982
vn 0.300503 -0.850347 -0.431982
vn 0.000000 -0.846881 -0.531783
vn 0.000000 -0.846881 -0.531783
vn 0.000000 -0.846881 -0.531783
vn 0.000000 -0.846881 -0.531783
vn -0.300503 -0.850347 -0.431982
vn -0.300503 -0.850347 -0.431982
vn -0.300503 -0.850347 -0.431982
vn -0.300503 -0.850347 -0.431982
vn -0.489482 -0.856046 -0.166108
vn -0.489482 -0.856046 -0.166108
vn -0.489482 -0.856046 -0.166108
vn -0.489482 -0.856046 -0.166108
vn -0.489482 -0.856046 0.166108
vn -0.489482 -0.856046 0.166108
vn -0.489482 -0.856046 0.166108
vn -0.489482 -0.856046 0.166108
vn -0.300503 -0.850347 0.431982
vn -0.300503 -0.850347 0.431982
vn -0.300503 -0.850347 0.431982
vn -0.300503 -0.850347 0.431982
vn 0.000000 -0.846881 0.531783
vn 0.000000 -0.846881 0.531783
vn 0.000000 -0.846881 0.531783
vn 0.000000 -0.846881 0.531783
vn 0.300503 -0.850347 0.431982
vn 0.300503 -0.850347 0.431982
vn 0.300503 -0.850347 0.431982
vn 0.300503 -0.850347 0.431982
vn 0.489482 -0.856046 0.166108
vn 0.489482 -0.856046 0.166108
vn 0.489482 -0.856046 0.166108
vn 0.489482 -0.856046 0.166108
vn 0.489482 -0.856046 -0.166108
vn 0.489482 -0.856046 -0.166108
vn 0.489482 -0.856046 -0.166108
vn 0.489482 -0.856046 -0.166108
vn 0.440851 -0.635632 -0.633737
vn 0.440851 -0.635632 -0.633737
vn 0.440851 -0.635632 -0.633737
vn 0.440851 -0.635632 -0.633737
vn 0.000000 -0.630095 -0.776518
vn 0.000000 -0.630095 -0.776518
vn 0.000000 -0.630095 -0.776518
vn 0.000000 -0.630095 -0.776518
vn -0.440851 -0.635632 -0.633737
vn -0.440851 -0.635632 -0.633737
vn -0.440851 -0.635632 -0.633737
vn -0.440851 -0.635632 -0.633737
vn -0.723722 -0.644909 -0.245599
vn -0.723722 -0.644909 -0.245599
vn -0.723722 -0.644909 -0.245599
vn -0.723722 -0.644909 -0.245599
vn -0.723722 -0.644909 0.245599
vn -0.723722 -0.644909 0.245599
vn -0.723722 -0.644909 0.245599
vn -0.723722 -0.644909 0.245599
vn -0.440851 -0.635632 0.633737
vn -0.440851 -0.635632 0.633737
vn -0.440851 -0.635632 0.633737
vn -0.440851 -0.635632 0.633737
vn 0.000000 -0.630095 0.776518
vn 0.000000 -0.630095 0.776518
vn 0.000000 -0.630095 0.776518
vn 0.000000 -0.630095 0.776518
vn 0.440851 -0.635632 0.633737
vn 0.440851 -0.635632 0.633737
vn 0.440851 -0.635632 0.633737
vn 0.440851 -0.635632 0.633737
vn 0.723722 -0.644909 0.245599
vn 0.723722 -0.644909 0.245599
vn 0.723722 -0.644909 0.245599
vn 0.723722 -0.644909 0.245599
vn 0.723722 -0.644909 -0.245599
vn 0.723722 -0.644909 -0.245599
vn 0.723722 -0.644909 -0.245599
vn 0.723722 -0.644909 -0.245599
vn 0.526593 -0.386861 -0.756993
vn 0.526593 -0.386861 -0.756993
vn 0.526593 -0.386861 -0.756993
vn 0.526593 -0.386861 -0.756993
vn 0.000000 -0.382079 -0.924130
vn 0.000000 -0.382079 -0.924130
vn 0.000000 -0.382079 -0.924130
vn 0.000000 -0.382079 -0.924130
vn -0.526593 -0.386861 -0.756993
vn -0.526593 -0.386861 -0.756993
vn -0.526593 -0.386861 -0.756993
vn -0.526593 -0.386861 -0.756993
vn -0.869956 -0.394993 -0.295224
vn -0.869956 -0.394993 -0.295224
vn -0.869956 -0.394993 -0.295224
vn -0.869956 -0.394993 -0.295224
vn -0.869956 -0.394993 0.295224
vn -0.869956 -0.394993 0.295224
vn -0.869956 -0.394993 0.295224
vn -0.869956 -0.394993 0.295224
vn -0.526593 -0.386861 0.756993
vn -0.526593 -0.386861 0.756993
vn -0.526593 -0.386861 0.756993
vn -0.526593 -0.386861 0.756993
vn 0.000000 -0.382079 0.924130
vn 0.000000 -0.382079 0.924130
vn 0.000000 -0.382079 0.924130
vn 0.000000 -0.382079 0.924130
vn 0.526593 -0.386861 0.756993
vn 0.526593 -0.386861 0.756993
vn 0.526593 -0.386861 0.756993
vn 0.526593 -0.386861 0.756993
vn 0.869956 -0.394993 0.295224
vn 0.869956 -0.394993 0.295224
vn 0.869956 -0.394993 0.295224
vn 0.869956 -0.394993 0.295224
vn 0.869956 -0.394993 -0.295224
vn 0.869956 -0.394993 -0.295224
vn 0.869956 -0.394993 -0.295224
vn 0.869956 -0.394993 -0.295224
vn 0.566261 -0.129313 -0.814019
vn 0.566261 -0.129313 -0.814019
vn 0.566261 -0.129313 -0.814019
vn 0.566261 -0.129313 -0.814019
vn 0.000000 -0.127470 -0.991842
vn 0.000000 -0.127470 -0.991842
vn 0.000000 -0.127470 -0.991842
vn 0.000000 -0.127470 -0.991842
vn -0.566262 -0.129313 -0.814018
vn -0.566262 -0.129313 -0.814018
vn -0.566262 -0.129313 -0.814018
vn -0.566262 -0.129313 -0.814018
vn -0.938613 -0.132472 -0.318523
vn -0.938613 -0.132472 -0.318523
vn -0.938613 -0.132472 -0.318523
vn -0.938613 -0.132472 -0.318523
vn -0.938613 -0.132472 0.318523
vn -0.938613 -0.132472 0.318523
vn -0.938613 -0.132472 0.318523
vn -0.938613 -0.132472 0.318523
vn -0.566261 -0.129313 0.814019
vn -0.566261 -0.129313 0.814019
vn -0.566261 -0.129313 0.814019
vn -0.566261 -0.129313 0.814019
vn 0.000000 -0.127470 0.991842
vn 0.000000 -0.127470 0.991842
vn 0.000000 -0.127470 0.991842
vn 0.000000 -0.127470 0.991842
vn 0.566261 -0.129313 0.814019
vn 0.566262 -0.129313 0.814018
vn 0.566261 -0.129313 0.814019
vn 0.566262 -0.129313 0.814018
vn 0.938613 -0.132472 0.318523
vn 0.938613 -0.132472 0.318523
vn 0.938613 -0.132472 0.318523
vn 0.938613 -0.132472 0.318523
vn 0.938613 -0.132472 -0.318523
vn 0.938613 -0.132472 -0.318523
vn 0.938613 -0.132472 -0.318523
vn 0.938613 -0.132472 -0.318523
vn 0.566261 0.129313 -0.814019
vn 0.566261 0.129313 -0.814019
vn 0.566261 0.129313 -0.814019
vn 0.566261 0.129313 -0.814019
vn -0.000000 0.127470 -0.991842
vn -0.000000 0.127470 -0.991842
vn -0.000000 0.127470 -0.991842
vn -0.000000 0.127470 -0.991842
vn -0.566262 0.129313 -0.814018
vn -0.566262 0.129313 -0.814018
vn -0.566262 0.129313 -0.814018
vn -0.566262 0.129313 -0.814018
vn -0.938613 0.132472 -0.318523
vn -0.938613 0.132472 -0.318523
vn -0.938613 0.132472 -0.318523
vn -0.938613 0.132472 -0.318523
vn -0.938613 0.132473 0.318523
vn -0.938613 0.132473 0.318523
vn -0.938613 0.132473 0.318523
vn -0.938613 0.132473 0.318523
vn -0.566261 0.129313 0.814019
vn -0.566261 0.129313 0.814019
vn -0.566261 0.129313 0.814019
vn -0.566261 0.129313 0.814019
vn 0.000000 0.127470 0.991842
vn 0.000000 0.127470 0.991842
vn 0.000000 0.127470 0.991842
vn 0.000000 0.127470 0.991842
vn 0.566262 0.129313 0.814018
vn 0.566261 0.129313 0.814019
vn 0.566261 0.129313 0.814019
vn 0.566261 0.129313 0.814019
vn 0.938613 0.132472 0.318523
vn 0.938613 0.132472 0.318523
vn 0.938613 0.132472 0.318523
vn 0.938613 0.132472 0.318523
vn 0.938613 0.132472 -0.318523
vn 0.938613 0.132472 -0.318523
vn 0.938613 0.132472 -0.318523
vn 0.938613 0.132472 -0.318523
vn 0.526593 0.386861 -0.756993
vn 0.526593 0.386861 -0.756993
vn 0.526593 0.386861 -0.756993
vn 0.526593 0.386861 -0.756993
vn -0.000000 0.382079 -0.924130
vn -0.000000 0.382079 -0.924130
vn -0.000000 0.382079 -0.924130
vn -0.000000 0.382079 -0.924130
vn -0.526593 0.386861 -0.756993
vn -0.526593 0.386861 -0.756993
vn -0.526593 0.386861 -0.756993
vn -0.526593 0.386861 -0.756993
vn -0.869956 0.394993 -0.295224
vn -0.869956 0.394993 -0.295224
vn -0.869956 0.394993 -0.295224
vn -0.869956 0.394993 -0.295224
vn -0.869956 0.394993 0.295224
vn -0.869956 0.394993 0.295224
vn -0.869956 0.394993 0.295224
vn -0.869956 0.394993 0.295224
vn -0.526593 0.386861 0.756993
vn -0.526593 0.386861 0.756993
vn -0.526593 0.386861 0.756993
vn -0.526593 0.386861 0.756993
vn 0.000000 0.382079 0.924130
vn 0.000000 0.382079 0.924130
vn 0.000000 0.382079 0.924130
vn 0.000000 0.382079 0.924130
vn 0.526593 0.386861 0.756993
vn 0.526593 0.386861 0.756993
vn 0.526593 0.386861 0.756993
vn 0.526593 0.386861 0.756993
vn 0.869956 0.394993 0.295224
vn 0.869956 0.394993 0.295224
vn 0.869956 0.394993 0.295224
vn 0.869956 0.394993 0.295224
vn 0.869956 0.394993 -0.295224
vn 0.869956 0.394993 -0.295224
vn 0.869956 0.394993 -0.295224
vn 0.869956 0.394993 -0.295224
vn 0.440851 0.635632 -0.633737
vn 0.440851 0.635632 -0.633737
vn 0.440851 0.635632 -0.633737
vn 0.440851 0.635632 -0.633737
vn -0.000000 0.630095 -0.776518
vn -0.000000 0.630095 -0.776518
vn -0.000000 0.630095 -0.776518
vn -0.000000 0.630095 -0.776518
vn -0.440851 0.635632 -0.633737
vn -0.440851 0.635632 -0.633737
vn -0.440851 0.635632 -0.633737
vn -0.440851 0.635632 -0.633737
vn -0.723722 0.644909 -0.245599
vn -0.723722 0.644909 -0.245599
vn -0.723722 0.644909 -0.245599
vn -0.723722 0.644909 -0.245599
vn -0.723722 0.644909 0.245599
vn -0.723722 0.644909 0.245599
vn -0.723722 0.644909 0.245599
vn -0.723722 0.644909 0.245599
vn -0.440851 0.635632 0.633737
vn -0.440851 0.635632 0.633737
vn -0.440851 0.635632 0.633737
vn -0.440851 0.635632 0.633737
vn 0.000000 0.630095 0.776518
vn 0.000000 0.630095 0.776518
vn 0.000000 0.630095 0.776518
vn 0.000000 0.630095 0.776518
vn 0.440851 0.635632 0.633737
vn 0.440851 0.635632 0.633737
vn 0.440851 0.635632 0.633737
vn 0.440851 0.635632 0.633737
vn 0.723722 0.644909 0.245599
vn 0.723722 0.644909 0.245599
vn 0.723722 0.644909 0.245599
vn 0.723722 0.644909 0.245599
vn 0.723722 0.644909 -0.245599
vn 0.723722 0.644909 -0.245599
vn 0.723722 0.644909 -0.245599
vn 0.723722 0.644909 -0.245599
vn 0.300503 0.850347 -0.431982
vn 0.300503 0.850347 -0.431982
vn 0.300503 0.850347 -0.431982
vn 0.300503 0.850347 -0.431982
vn -0.000000 0.846881 -0.531783
vn -0.000000 0.846881 -0.531783
vn -0.000000 0.846881 -0.531783
vn -0.000000 0.846881 -0.531783
vn -0.300503 0.850347 -0.431982
vn -0.300503 0.850347 -0.431982
vn -0.300503 0.850347 -0.431982
vn -0.300503 0.850347 -0.431982
vn -0.489482 0.856046 -0.166108
vn -0.489482 0.856046 -0.166108
vn -0.489482 0.856046 -0.166108
vn -0.489482 0.856046 -0.166108
vn -0.489482 0.856046 0.166108
vn -0.489482 0.856046 0.166108
vn -0.489482 0.856046 0.166108
vn -0.489482 0.856046 0.166108
vn -0.300502 0.850347 0.431982
vn -0.300502 0.850347 0.431982
vn -0.300502 0.850347 0.431982
vn -0.300503 0.850347 0.431982
vn 0.000000 0.846881 0.531783
vn 0.000000 0.846881 0.531783
vn 0.000000 0.846881 0.531783
vn 0.000000 0.846881 0.531783
vn 0.300503 0.850347 0.431982
vn 0.300503 0.850347 0.431982
vn 0.300503 0.850347 0.431982
vn 0.300503 0.850347 0.431982
vn 0.489482 0.856046 0.166108
vn 0.489482 0.856046 0.166108
vn 0.489482 0.856046 0.166108
vn 0.489482 0.856046 0.166108
vn 0.489482 0.856046 -0.166108
vn 0.489482 0.856046 -0.166108
vn 0.489482 0.856046 -0.166108
vn 0.489482 0.856046 -0.166108
vn 0.107872 -0.981997 -0.155069
vn 0.107872 -0.981997 -0.155069
vn 0.107872 -0.981997 -0.155069
vn 0.000000 -0.981478 -0.191574
vn 0.000000 -0.981478 -0.191574
vn 0.000000 -0.981478 -0.191574
vn -0.107872 -0.981997 -0.155069
vn -0.107872 -0.981997 -0.155069
vn -0.107872 -0.981997 -0.155069
vn -0.174690 -0.982837 -0.059282
vn -0.174690 -0.982837 -0.059282
vn -0.174690 -0.982837 -0.059282
vn -0.174690 -0.982837 0.059282
vn -0.174690 -0.982837 0.059282
vn -0.174690 -0.982837 0.059282
vn -0.107872 -0.981997 0.155069
vn -0.107872 -0.981997 0.155069
vn -0.107872 -0.981997 0.155069
vn 0.000000 -0.981478 0.191575
vn 0.000000 -0.981478 0.191575
vn 0.000000 -0.981478 0.191575
vn 0.107872 -0.981997 0.155069
vn 0.107872 -0.981997 0.155069
vn 0.107872 -0.981997 0.155069
vn 0.174690 -0.982837 0.059282
vn 0.174690 -0.982837 0.059282
vn 0.174690 -0.982837 0.059282
vn 0.174690 -0.982837 -0.059282
vn 0.174690 -0.982837 -0.059282
vn 0.174690 -0.982837 -0.059282
vn 0.107872 0.981997 -0.155069
vn 0.107872 0.981997 -0.155069
vn 0.107872 0.981997 -0.155069
vn -0.000000 0.981478 -0.191574
vn -0.000000 0.981478 -0.191574
vn -0.000000 0.981478 -0.191574
vn -0.107872 0.981997 -0.155069
vn -0.107872 0.981997 -0.155069
vn -0.107872 0.981997 -0.155069
vn -0.174690 0.982837 -0.059282
vn -0.174690 0.982837 -0.059282
vn -0.174690 0.982837 -0.059282
vn -0.174690 0.982837 0.059282
vn -0.174690 0.982837 0.059282
vn -0.174690 0.982837 0.059282
vn -0.107872 0.981997 0.155069
vn -0.107872 0.981997 0.155069
vn -0.107872 0.981997 0.155069
vn 0.000000 0.981478 0.191575
vn 0.000000 0.981478 0.191575
vn 0.000000 0.981478 0.191575
vn 0.107872 0.981997 0.155069
vn 0.107872 0.981997 0.155069
vn 0.107872 0.981997 0.155069
vn 0.174690 0.982837 0.059282
vn 0.174690 0.982837 0.059282
vn 0.174690 0.982837 0.059282
vn 0.174690 0.982837 -0.059282
vn 0.174690 0.982837 -0.059282
vn 0.174690 0.982837 -0.059282
s off
g fl:pSphere1flower
usemtl standardSurface2SG
f 921/1914/2726 922/1915/2727 932/1916/2728 931/1917/2729
f 922/1915/2730 923/1918/2731 933/1919/2732 932/1916/2733
f 923/1918/2734 924/1920/2735 934/1921/2736 933/1919/2737
f 924/1920/2738 925/1922/2739 935/1923/2740 934/1921/2741
f 925/1922/2742 926/1924/2743 936/1925/2744 935/1923/2745
f 926/1924/2746 927/1926/2747 937/1927/2748 936/1925/2749
f 927/1926/2750 928/1928/2751 938/1929/2752 937/1927/2753
f 928/1928/2754 929/1930/2755 939/1931/2756 938/1929/2757
f 929/1930/2758 930/1932/2759 940/1933/2760 939/1931/2761
f 930/1932/2762 921/1914/2763 931/1917/2764 940/1933/2765
f 931/1917/2766 932/1916/2767 942/1934/2768 941/1935/2769
f 932/1916/2770 933/1919/2771 943/1936/2772 942/1934/2773
f 933/1919/2774 934/1921/2775 944/1937/2776 943/1936/2777
f 934/1938/2778 935/1939/2779 945/1940/2780 944/1941/2781
f 935/1939/2782 936/1942/2783 946/1943/2784 945/1940/2785
f 936/1925/2786 937/1927/2787 947/1944/2788 946/1945/2789
f 937/1927/2790 938/1929/2791 948/1946/2792 947/1944/2793
f 938/1929/2794 939/1931/2795 949/1947/2796 948/1946/2797
f 939/1948/2798 940/1949/2799 950/1950/2800 949/1951/2801
f 940/1949/2802 931/1952/2803 941/1953/2804 950/1950/2805
f 941/1953/2806 942/1954/2807 952/1955/2808 951/1956/2809
f 942/1957/2810 943/1958/2811 953/1959/2812 952/1960/2813
f 943/1961/2814 944/1941/2815 954/1962/2816 953/1963/2817
f 944/1941/2818 945/1940/2819 955/1964/2820 954/1962/2821
f 945/1940/2822 946/1943/2823 956/1965/2824 955/1964/2825
f 946/1943/2826 947/1966/2827 957/1967/2828 956/1965/2829
f 947/1968/2830 948/1969/2831 958/1970/2832 957/1971/2833
f 948/1972/2834 949/1951/2835 959/1973/2836 958/1974/2837
f 949/1951/2838 950/1950/2839 960/1975/2840 959/1973/2841
f 950/1950/2842 941/1953/2843 951/1956/2844 960/1975/2845
f 951/1956/2846 952/1955/2847 962/1976/2848 961/1977/2849
f 952/1960/2850 953/1959/2851 963/1978/2852 962/1979/2853
f 953/1963/2854 954/1962/2855 964/1980/2856 963/1981/2857
f 954/1962/2858 955/1964/2859 965/1982/2860 964/1980/2861
f 955/1964/2862 956/1965/2863 966/1983/2864 965/1982/2865
f 956/1965/2866 957/1967/2867 967/1984/2868 966/1983/2869
f 957/1971/2870 958/1970/2871 968/1985/2872 967/1986/2873
f 958/1974/2874 959/1973/2875 969/1987/2876 968/1988/2877
f 959/1973/2878 960/1975/2879 970/1989/2880 969/1987/2881
f 960/1975/2882 951/1956/2883 961/1977/2884 970/1989/2885
f 961/1977/2886 962/1976/2887 972/1990/2888 971/1991/2889
f 962/1979/2890 963/1978/2891 973/1992/2892 972/1993/2893
f 963/1981/2894 964/1980/2895 974/1994/2896 973/1995/2897
f 964/1980/2898 965/1982/2899 975/1996/2900 974/1994/2901
f 965/1982/2902 966/1983/2903 976/1997/2904 975/1996/2905
f 966/1983/2906 967/1984/2907 977/1998/2908 976/1997/2909
f 967/1986/2910 968/1985/2911 978/1999/2912 977/2000/2913
f 968/1988/2914 969/1987/2915 979/2001/2916 978/2002/2917
f 969/1987/2918 970/1989/2919 980/2003/2920 979/2001/2921
f 970/1989/2922 961/1977/2923 971/1991/2924 980/2003/2925
f 971/1991/2926 972/1990/2927 982/2004/2928 981/2005/2929
f 972/1993/2930 973/1992/2931 983/2006/2932 982/2007/2933
f 973/1995/2934 974/1994/2935 984/2008/2936 983/2009/2937
f 974/1994/2938 975/1996/2939 985/2010/2940 984/2008/2941
f 975/1996/2942 976/1997/2943 986/2011/2944 985/2010/2945
f 976/1997/2946 977/1998/2947 987/2012/2948 986/2011/2949
f 977/2000/2950 978/1999/2951 988/2013/2952 987/2014/2953
f 978/2002/2954 979/2001/2955 989/2015/2956 988/2016/2957
f 979/2001/2958 980/2003/2959 990/2017/2960 989/2015/2961
f 980/2003/2962 971/1991/2963 981/2005/2964 990/2017/2965
f 981/2018/2966 982/2019/2967 992/2020/2968 991/2021/2969
f 982/2019/2970 983/2022/2971 993/2023/2972 992/2020/2973
f 983/2022/2974 984/2024/2975 994/2025/2976 993/2023/2977
f 984/2008/2978 985/2010/2979 995/2026/2980 994/2027/2981
f 985/2010/2982 986/2011/2983 996/2028/2984 995/2026/2985
f 986/2029/2986 987/2030/2987 997/2031/2988 996/2032/2989
f 987/2030/2990 988/2033/2991 998/2034/2992 997/2031/2993
f 988/2033/2994 989/2035/2995 999/2036/2996 998/2034/2997
f 989/2015/2998 990/2017/2999 1000/2037/3000 999/2038/3001
f 990/2017/3002 981/2005/3003 991/2039/3004 1000/2037/3005
f 991/2021/3006 992/2020/3007 1002/2040/3008 1001/2041/3009
f 992/2020/3010 993/2023/3011 1003/2042/3012 1002/2040/3013
f 993/2023/3014 994/2025/3015 1004/2043/3016 1003/2042/3017
f 994/2025/3018 995/2044/3019 1005/2045/3020 1004/2043/3021
f 995/2044/3022 996/2032/3023 1006/2046/3024 1005/2045/3025
f 996/2032/3026 997/2031/3027 1007/2047/3028 1006/2046/3029
f 997/2031/3030 998/2034/3031 1008/2048/3032 1007/2047/3033
f 998/2034/3034 999/2036/3035 1009/2049/3036 1008/2048/3037
f 999/2036/3038 1000/2050/3039 1010/2051/3040 1009/2049/3041
f 1000/2050/3042 991/2021/3043 1001/2041/3044 1010/2051/3045
f 922/1915/3046 921/1914/3047 1011/2052/3048
f 923/1918/3049 922/1915/3050 1011/2052/3051
f 924/1920/3052 923/1918/3053 1011/2052/3054
f 925/1922/3055 924/1920/3056 1011/2052/3057
f 926/1924/3058 925/1922/3059 1011/2052/3060
f 927/1926/3061 926/1924/3062 1011/2052/3063
f 928/1928/3064 927/1926/3065 1011/2052/3066
f 929/1930/3067 928/1928/3068 1011/2052/3069
f 930/1932/3070 929/1930/3071 1011/2052/3072
f 921/1914/3073 930/1932/3074 1011/2052/3075
f 1001/2041/3076 1002/2040/3077 1012/2053/3078
f 1002/2040/3079 1003/2042/3080 1012/2053/3081
f 1003/2042/3082 1004/2043/3083 1012/2053/3084
f 1004/2043/3085 1005/2045/3086 1012/2053/3087
f 1005/2045/3088 1006/2046/3089 1012/2053/3090
f 1006/2046/3091 1007/2047/3092 1012/2053/3093
f 1007/2047/3094 1008/2048/3095 1012/2053/3096
f 1008/2048/3097 1009/2049/3098 1012/2053/3099
f 1009/2049/3100 1010/2051/3101 1012/2053/3102
f 1010/2051/3103 1001/2041/3104 1012/2053/3105
g default
v -2.762170 8.718367 -0.414355
v -3.254407 8.630672 -0.417761
v -3.503945 8.589196 0.013528
v -3.261245 8.635413 0.448224
v -2.769008 8.723108 0.451631
v -2.519470 8.764585 0.020341
v -3.638888 13.640787 -0.448224
v -4.131126 13.553092 -0.451631
v -4.380664 13.511615 -0.020341
v -4.137964 13.557833 0.414355
v -3.645726 13.645528 0.417761
v -3.396188 13.687004 -0.013528
v -3.011708 8.676890 0.016935
v -3.888426 13.599310 -0.016935
vt 0.626847 0.586301
vt 0.638526 0.586301
vt 0.638526 0.721153
vt 0.626847 0.721153
vt 0.615169 0.586301
vt 0.615169 0.721153
vt 0.881742 0.613542
vt 0.893420 0.613542
vt 0.893420 0.748393
vt 0.881742 0.748393
vt 0.905099 0.613542
vt 0.905099 0.748393
vt 0.092275 0.521006
vt 0.092275 0.508456
vt 0.103143 0.514731
vt 0.103143 0.502182
vt 0.103143 0.527280
vt 0.114011 0.508456
vt 0.114011 0.521006
vt 0.964995 0.491843
vt 0.964995 0.504392
vt 0.954127 0.498117
vt 0.954127 0.510667
vt 0.954127 0.485568
vt 0.943259 0.504392
vt 0.943259 0.491843
vt 0.940429 0.557991
vt 0.927879 0.557991
vt 0.927879 0.432497
vt 0.940429 0.432497
vt 0.927879 0.832721
vt 0.940429 0.832721
vt 0.940429 0.958214
vt 0.927879 0.958214
vn 0.007896 -0.005474 -0.999954
vn 0.007896 -0.005474 -0.999954
vn 0.007896 -0.005474 -0.999954
vn 0.007896 -0.005474 -0.999954
vn -0.848633 -0.154628 -0.505878
vn -0.848633 -0.154628 -0.505878
vn -0.848633 -0.154628 -0.505878
vn -0.848633 -0.154628 -0.505878
vn -0.856529 -0.149154 0.494076
vn -0.856529 -0.149154 0.494076
vn -0.856529 -0.149154 0.494076
vn -0.856529 -0.149154 0.494076
vn -0.007896 0.005474 0.999954
vn -0.007896 0.005474 0.999954
vn -0.007896 0.005474 0.999954
vn -0.007896 0.005474 0.999954
vn 0.848633 0.154628 0.505877
vn 0.848633 0.154628 0.505877
vn 0.848633 0.154628 0.505877
vn 0.848633 0.154628 0.505877
vn 0.856529 0.149154 -0.494076
vn 0.856529 0.149154 -0.494076
vn 0.856529 0.149154 -0.494076
vn 0.856529 0.149154 -0.494076
vn 0.175344 -0.984484 0.006774
vn 0.175344 -0.984484 0.006774
vn 0.175344 -0.984484 0.006774
vn 0.175344 -0.984484 0.006774
vn 0.175344 -0.984484 0.006774
vn 0.175344 -0.984484 0.006774
vn 0.175344 -0.984484 0.006774
vn -0.175344 0.984484 -0.006774
vn -0.175344 0.984484 -0.006774
vn -0.175344 0.984484 -0.006774
vn -0.175344 0.984484 -0.006774
vn -0.175344 0.984484 -0.006774
vn -0.175344 0.984484 -0.006774
vn -0.175344 0.984484 -0.006774
s off
g pasted__pasted__pCylinder1 BODY_ROBOT
f 1013/2080/3106 1014/2081/3107 1020/2082/3108 1019/2083/3109
f 1014/2058/3110 1015/2054/3111 1021/2057/3112 1020/2059/3113
f 1015/2054/3114 1016/2055/3115 1022/2056/3116 1021/2057/3117
f 1016/2084/3118 1017/2085/3119 1023/2086/3120 1022/2087/3121
f 1017/2060/3122 1018/2061/3123 1024/2062/3124 1023/2063/3125
f 1018/2061/3126 1013/2064/3127 1019/2065/3128 1024/2062/3129
s 1
f 1014/2066/3130 1013/2067/3131 1025/2068/3132
f 1015/2070/3133 1014/2066/3130 1025/2068/3132
f 1016/2072/3134 1015/2070/3133 1025/2068/3132
f 1017/2071/3135 1016/2072/3134 1025/2068/3132
f 1018/2069/3136 1017/2071/3135 1025/2068/3132
f 1013/2067/3131 1018/2069/3136 1025/2068/3132
s 2
f 1019/2073/3137 1020/2074/3138 1026/2075/3139
f 1020/2074/3138 1021/2076/3140 1026/2075/3139
f 1021/2076/3140 1022/2078/3141 1026/2075/3139
f 1022/2078/3141 1023/2079/3142 1026/2075/3139
f 1023/2079/3142 1024/2077/3143 1026/2075/3139
f 1024/2077/3143 1019/2073/3137 1026/2075/3139
g default
v 2.957210 13.133042 0.757537
v 4.429412 12.540766 1.089896
v 3.540446 14.642111 0.863279
v 5.012648 14.049834 1.195639
v 3.969705 14.613070 -1.089896
v 5.441907 14.020793 -0.757537
v 3.386469 13.104001 -1.195639
v 4.858671 12.511724 -0.863279
vt 0.569031 0.914099
vt 0.614227 0.914099
vt 0.614227 0.959294
vt 0.569031 0.959294
vt 0.850983 0.903144
vt 0.896179 0.903144
vt 0.896179 0.948340
vt 0.850983 0.948340
vt 0.774087 0.960349
vt 0.774087 0.915153
vt 0.819283 0.915153
vt 0.819283 0.960349
vt 0.522893 0.914099
vt 0.568089 0.914099
vt 0.568089 0.959294
vt 0.522893 0.959294
vt 0.261447 0.931730
vt 0.302139 0.931730
vt 0.302139 0.972422
vt 0.261447 0.972422
vt 0.404986 0.932400
vt 0.445679 0.932400
vt 0.445679 0.973092
vt 0.404986 0.973092
vn -0.214629 0.014521 0.976588
vn -0.214629 0.014521 0.976588
vn -0.214629 0.014521 0.976588
vn -0.214629 0.014521 0.976588
vn 0.359732 0.930773 0.065221
vn 0.359732 0.930773 0.065221
vn 0.359732 0.930773 0.065221
vn 0.359732 0.930773 0.065221
vn 0.214629 -0.014521 -0.976588
vn 0.214629 -0.014521 -0.976588
vn 0.214629 -0.014521 -0.976588
vn 0.214629 -0.014521 -0.976588
vn -0.359732 -0.930773 -0.065221
vn -0.359732 -0.930773 -0.065221
vn -0.359732 -0.930773 -0.065221
vn -0.359732 -0.930773 -0.065221
vn 0.908035 -0.365308 0.204995
vn 0.908035 -0.365308 0.204995
vn 0.908035 -0.365308 0.204995
vn 0.908035 -0.365308 0.204995
vn -0.908035 0.365308 -0.204995
vn -0.908035 0.365308 -0.204995
vn -0.908035 0.365308 -0.204995
vn -0.908035 0.365308 -0.204995
s off
g BODY_ROBOT pCube2
f 1027/2104/3144 1028/2105/3145 1030/2106/3146 1029/2107/3147
f 1029/2096/3148 1030/2097/3149 1032/2098/3150 1031/2099/3151
f 1031/2108/3152 1032/2109/3153 1034/2110/3154 1033/2111/3155
f 1033/2100/3156 1034/2101/3157 1028/2102/3158 1027/2103/3159
f 1028/2088/3160 1034/2089/3161 1032/2090/3162 1030/2091/3163
f 1033/2092/3164 1027/2093/3165 1029/2094/3166 1031/2095/3167
g default
v -2.120377 15.317543 0.637578
v -2.215896 15.246362 0.600779
v -2.319171 15.184054 0.631400
v -2.390755 15.154419 0.717745
v -2.403305 15.168777 0.826833
v -2.352027 15.221642 0.916997
v -2.256508 15.292823 0.953796
v -2.153233 15.355131 0.923175
v -2.081649 15.384766 0.836830
v -2.069099 15.370409 0.727742
v -2.065301 15.424631 0.500915
v -2.246989 15.289237 0.430919
v -2.443430 15.170721 0.489163
v -2.579590 15.114352 0.653401
v -2.603461 15.141661 0.860899
v -2.505925 15.242217 1.032400
v -2.324237 15.377611 1.102396
v -2.127796 15.496127 1.044151
v -1.991636 15.552497 0.879913
v -1.967765 15.525188 0.672415
v -2.059339 15.558380 0.384337
v -2.309411 15.372026 0.287996
v -2.579789 15.208902 0.368163
v -2.767198 15.131317 0.594217
v -2.800053 15.168905 0.879813
v -2.665806 15.307308 1.115864
v -2.415734 15.493662 1.212205
v -2.145356 15.656786 1.132038
v -1.957947 15.734372 0.905984
v -1.925092 15.696784 0.620387
v -2.103074 15.705697 0.299257
v -2.397052 15.486625 0.186001
v -2.714900 15.294861 0.280243
v -2.935212 15.203654 0.545985
v -2.973836 15.247841 0.881724
v -2.816019 15.410544 1.159218
v -2.522042 15.629617 1.272474
v -2.204193 15.821380 1.178232
v -1.983881 15.912588 0.912489
v -1.945257 15.868401 0.576751
v -2.192226 15.852162 0.254002
v -2.501333 15.621816 0.134918
v -2.835538 15.420184 0.234009
v -3.067188 15.324283 0.513428
v -3.107800 15.370744 0.866444
v -2.941861 15.541820 1.158219
v -2.632755 15.772167 1.277303
v -2.298549 15.973799 1.178211
v -2.066899 16.069698 0.898793
v -2.026288 16.023237 0.545776
v -2.318068 15.983438 0.253003
v -2.612046 15.764365 0.139747
v -2.929894 15.572602 0.233989
v -3.150206 15.481394 0.499731
v -3.188830 15.525582 0.835470
v -3.031013 15.688285 1.112964
v -2.737035 15.907357 1.226220
v -2.419187 16.099121 1.131978
v -2.198875 16.190329 0.866235
v -2.160251 16.146141 0.530497
v -2.468281 16.086674 0.296357
v -2.718353 15.900320 0.200016
v -2.988731 15.737196 0.280183
v -3.176140 15.659610 0.506237
v -3.208996 15.697198 0.791833
v -3.074748 15.835602 1.027884
v -2.824676 16.021955 1.124225
v -2.554298 16.185080 1.044058
v -2.366890 16.262665 0.818004
v -2.334034 16.225079 0.532408
v -2.628162 16.151766 0.379821
v -2.809850 16.016371 0.309825
v -3.006291 15.897855 0.368069
v -3.142452 15.841485 0.532307
v -3.166322 15.868795 0.739805
v -3.068786 15.969351 0.911306
v -2.887098 16.104746 0.981302
v -2.690657 16.223261 0.923057
v -2.554497 16.279631 0.758819
v -2.530626 16.252321 0.551321
v -2.782060 16.172340 0.495224
v -2.877579 16.101158 0.458425
v -2.980854 16.038851 0.489046
v -3.052438 16.009216 0.575391
v -3.064988 16.023575 0.684479
v -3.013710 16.076439 0.774642
v -2.918191 16.147619 0.811441
v -2.814916 16.209929 0.780820
v -2.743332 16.239563 0.694475
v -2.730782 16.225206 0.585387
v -2.219176 15.247598 0.780951
v -2.914911 16.146385 0.631270
vt 0.327463 0.739670
vt 0.314144 0.729994
vt 0.321570 0.707141
vt 0.346902 0.725546
vt 0.297683 0.729994
vt 0.290257 0.707141
vt 0.284365 0.739670
vt 0.264925 0.725546
vt 0.279278 0.755326
vt 0.255249 0.755326
vt 0.284365 0.770982
vt 0.264925 0.785106
vt 0.297683 0.780658
vt 0.290257 0.803511
vt 0.314144 0.780658
vt 0.321570 0.803511
vt 0.327463 0.770982
vt 0.346902 0.785106
vt 0.332550 0.755326
vt 0.356578 0.755326
vt 0.327463 0.689005
vt 0.362329 0.714337
vt 0.284365 0.689005
vt 0.249498 0.714337
vt 0.539729 0.281234
vt 0.539729 0.250445
vt 0.559445 0.250445
vt 0.559445 0.292823
vt 0.539729 0.219655
vt 0.559445 0.208066
vt 0.284365 0.821647
vt 0.249498 0.796314
vt 0.327463 0.821647
vt 0.362329 0.796314
vt 0.437894 0.676215
vt 0.437894 0.645425
vt 0.457610 0.645425
vt 0.457610 0.687804
vt 0.437894 0.614636
vt 0.457610 0.603047
vt 0.457610 0.576856
vt 0.482453 0.564817
vt 0.482453 0.595606
vt 0.553807 0.967758
vt 0.513890 0.967758
vt 0.510386 0.945503
vt 0.557311 0.945503
vt 0.559445 0.319014
vt 0.584289 0.300264
vt 0.584289 0.331053
vt 0.584289 0.250445
vt 0.584289 0.200626
vt 0.559445 0.181875
vt 0.584289 0.169836
vt 0.819397 0.879786
vt 0.859314 0.879786
vt 0.862818 0.902041
vt 0.815893 0.902041
vt 0.457610 0.713995
vt 0.482453 0.695244
vt 0.482453 0.726034
vt 0.482453 0.645425
vt 0.509992 0.560668
vt 0.509992 0.593043
vt 0.509179 0.920833
vt 0.558518 0.920833
vt 0.611828 0.302827
vt 0.611828 0.335202
vt 0.611828 0.250445
vt 0.611828 0.198062
vt 0.611828 0.165688
vt 0.864025 0.926711
vt 0.814686 0.926711
vt 0.509992 0.697808
vt 0.509992 0.730182
vt 0.509992 0.645425
vt 0.537531 0.564817
vt 0.537531 0.595606
vt 0.510386 0.896163
vt 0.557311 0.896163
vt 0.639367 0.300264
vt 0.639367 0.331053
vt 0.639367 0.250445
vt 0.639367 0.200626
vt 0.639367 0.169836
vt 0.862818 0.951380
vt 0.815893 0.951380
vt 0.537531 0.695244
vt 0.537531 0.726034
vt 0.537531 0.645425
vt 0.562375 0.576856
vt 0.562375 0.603047
vt 0.513890 0.873909
vt 0.553807 0.873909
vt 0.664211 0.292823
vt 0.664211 0.319014
vt 0.664211 0.250445
vt 0.664211 0.208066
vt 0.664211 0.181875
vt 0.859314 0.973635
vt 0.819397 0.973635
vt 0.562375 0.687804
vt 0.562375 0.713995
vt 0.562375 0.645425
vt 0.800223 0.569948
vt 0.765356 0.595281
vt 0.759463 0.577145
vt 0.784796 0.558740
vt 0.722258 0.595281
vt 0.728151 0.577145
vt 0.687391 0.569948
vt 0.702819 0.558740
vt 0.683927 0.250445
vt 0.683927 0.281234
vt 0.683927 0.219655
vt 0.687391 0.487971
vt 0.722258 0.462639
vt 0.728151 0.480775
vt 0.702819 0.499180
vt 0.765356 0.462639
vt 0.759463 0.480775
vt 0.800223 0.487971
vt 0.784796 0.499180
vt 0.582091 0.645425
vt 0.582091 0.676215
vt 0.582091 0.614636
vt 0.752038 0.554292
vt 0.765356 0.544616
vt 0.735576 0.554292
vt 0.722258 0.544616
vt 0.693143 0.528960
vt 0.717171 0.528960
vt 0.722258 0.513303
vt 0.735576 0.503627
vt 0.752038 0.503627
vt 0.765356 0.513303
vt 0.794472 0.528960
vt 0.770443 0.528960
vt 0.305914 0.755326
vt 0.743807 0.528960
vn 0.641460 -0.707729 -0.296056
vn 0.641460 -0.707729 -0.296056
vn 0.641460 -0.707729 -0.296056
vn 0.641460 -0.707729 -0.296056
vn 0.428307 -0.854443 -0.294074
vn 0.428307 -0.854443 -0.294074
vn 0.428307 -0.854443 -0.294074
vn 0.428307 -0.854443 -0.294074
vn 0.246618 -0.960970 -0.125364
vn 0.246618 -0.960970 -0.125364
vn 0.246618 -0.960970 -0.125364
vn 0.246618 -0.960970 -0.125364
vn 0.157259 -0.976612 0.146625
vn 0.157259 -0.976612 0.146625
vn 0.157259 -0.976612 0.146625
vn 0.157259 -0.976612 0.146625
vn 0.190970 -0.890298 0.413400
vn 0.190970 -0.890298 0.413400
vn 0.190970 -0.890298 0.413400
vn 0.190970 -0.890298 0.413400
vn 0.333179 -0.745516 0.577233
vn 0.333179 -0.745516 0.577233
vn 0.333179 -0.745516 0.577233
vn 0.333179 -0.745516 0.577233
vn 0.538261 -0.602621 0.589172
vn 0.538261 -0.602621 0.589172
vn 0.538261 -0.602621 0.589172
vn 0.538261 -0.602621 0.589172
vn 0.740085 -0.509824 0.438582
vn 0.740085 -0.509824 0.438582
vn 0.740085 -0.509824 0.438582
vn 0.740085 -0.509824 0.438582
vn 0.851151 -0.498787 0.163564
vn 0.851151 -0.498787 0.163564
vn 0.851151 -0.498787 0.163564
vn 0.851151 -0.498787 0.163564
vn 0.809377 -0.574116 -0.123689
vn 0.809377 -0.574116 -0.123689
vn 0.809377 -0.574116 -0.123689
vn 0.809377 -0.574116 -0.123689
vn 0.618911 -0.531591 -0.578238
vn 0.618911 -0.531591 -0.578238
vn 0.618911 -0.531591 -0.578238
vn 0.618911 -0.531591 -0.578238
vn 0.292816 -0.766355 -0.571803
vn 0.292816 -0.766355 -0.571803
vn 0.292816 -0.766355 -0.571803
vn 0.292816 -0.766355 -0.571803
vn 0.013426 -0.949122 -0.314623
vn 0.013426 -0.949122 -0.314623
vn 0.013426 -0.949122 -0.314623
vn 0.013426 -0.949122 -0.314623
vn -0.125466 -0.985381 0.115253
vn -0.125466 -0.985381 0.115253
vn -0.125466 -0.985381 0.115253
vn -0.125466 -0.985381 0.115253
vn -0.065755 -0.844017 0.532270
vn -0.065755 -0.844017 0.532270
vn -0.065755 -0.844017 0.532270
vn -0.065755 -0.844017 0.532270
vn 0.156358 -0.611010 0.776028
vn 0.156358 -0.611010 0.776028
vn 0.156358 -0.611010 0.776028
vn 0.156358 -0.611010 0.776028
vn 0.467823 -0.384265 0.795916
vn 0.467823 -0.384265 0.795916
vn 0.467823 -0.384265 0.795916
vn 0.467823 -0.384265 0.795916
vn 0.786580 -0.227958 0.573870
vn 0.786580 -0.227958 0.573870
vn 0.786580 -0.227958 0.573870
vn 0.786580 -0.227958 0.573870
vn 0.970159 -0.199463 0.137860
vn 0.970159 -0.199463 0.137860
vn 0.970159 -0.199463 0.137860
vn 0.970159 -0.199463 0.137860
vn 0.892011 -0.318943 -0.320300
vn 0.892011 -0.318943 -0.320300
vn 0.892011 -0.318943 -0.320300
vn 0.892011 -0.318943 -0.320300
vn 0.529677 -0.300778 -0.793079
vn 0.529677 -0.300778 -0.793079
vn 0.529677 -0.300778 -0.793079
vn 0.529677 -0.300778 -0.793079
vn 0.129637 -0.602063 -0.787854
vn 0.129637 -0.602063 -0.787854
vn 0.129637 -0.602063 -0.787854
vn 0.129637 -0.602063 -0.787854
vn -0.227329 -0.847647 -0.479392
vn -0.227329 -0.847647 -0.479392
vn -0.227329 -0.847647 -0.479392
vn -0.227329 -0.847647 -0.479392
vn -0.411824 -0.908400 0.072179
vn -0.411824 -0.908400 0.072179
vn -0.411824 -0.908400 0.072179
vn -0.411824 -0.908400 0.072179
vn -0.322611 -0.724974 0.608551
vn -0.322611 -0.724974 0.608551
vn -0.322611 -0.724974 0.608551
vn -0.322611 -0.724974 0.608551
vn -0.031375 -0.425469 0.904429
vn -0.031375 -0.425468 0.904429
vn -0.031375 -0.425468 0.904429
vn -0.031375 -0.425469 0.904429
vn 0.354636 -0.132973 0.925501
vn 0.354636 -0.132973 0.925501
vn 0.354636 -0.132973 0.925501
vn 0.354636 -0.132973 0.925501
vn 0.752374 0.085644 0.653145
vn 0.752374 0.085644 0.653145
vn 0.752374 0.085644 0.653145
vn 0.752374 0.085644 0.653145
vn 0.985593 0.139958 0.094964
vn 0.985593 0.139958 0.094964
vn 0.985593 0.139958 0.094964
vn 0.985593 0.139958 0.094964
vn 0.874218 -0.020621 -0.485096
vn 0.874218 -0.020621 -0.485096
vn 0.874218 -0.020621 -0.485096
vn 0.874218 -0.020621 -0.485096
vn 0.389487 -0.047129 -0.919825
vn 0.389487 -0.047129 -0.919825
vn 0.389487 -0.047129 -0.919825
vn 0.389487 -0.047129 -0.919825
vn -0.043171 -0.382105 -0.923110
vn -0.043171 -0.382105 -0.923110
vn -0.043171 -0.382105 -0.923110
vn -0.043171 -0.382105 -0.923110
vn -0.453066 -0.658016 -0.601453
vn -0.453066 -0.658016 -0.601453
vn -0.453066 -0.658016 -0.601453
vn -0.453066 -0.658016 -0.601453
vn -0.677082 -0.735664 0.018929
vn -0.677082 -0.735664 0.018929
vn -0.677082 -0.735664 0.018929
vn -0.677082 -0.735664 0.018929
vn -0.561664 -0.533603 0.632299
vn -0.561664 -0.533603 0.632299
vn -0.561664 -0.533603 0.632299
vn -0.561664 -0.533603 0.632299
vn -0.217764 -0.201482 0.954978
vn -0.217764 -0.201482 0.954978
vn -0.217765 -0.201482 0.954978
vn -0.217765 -0.201482 0.954978
vn 0.209177 0.129624 0.969248
vn 0.209177 0.129624 0.969248
vn 0.209177 0.129624 0.969248
vn 0.209177 0.129624 0.969248
vn 0.636509 0.394126 0.662964
vn 0.636509 0.394126 0.662964
vn 0.636509 0.394126 0.662964
vn 0.636509 0.394126 0.662964
vn 0.882028 0.469523 0.039676
vn 0.882028 0.469523 0.039676
vn 0.882028 0.469524 0.039676
vn 0.882028 0.469524 0.039676
vn 0.756259 0.277216 -0.592641
vn 0.756259 0.277215 -0.592641
vn 0.756259 0.277215 -0.592641
vn 0.756259 0.277215 -0.592641
vn 0.217764 0.201482 -0.954978
vn 0.217764 0.201482 -0.954978
vn 0.217764 0.201482 -0.954978
vn 0.217764 0.201482 -0.954978
vn -0.209177 -0.129624 -0.969248
vn -0.209177 -0.129624 -0.969248
vn -0.209177 -0.129624 -0.969248
vn -0.209177 -0.129624 -0.969248
vn -0.636509 -0.394126 -0.662964
vn -0.636509 -0.394126 -0.662964
vn -0.636509 -0.394126 -0.662964
vn -0.636509 -0.394126 -0.662964
vn -0.882028 -0.469523 -0.039675
vn -0.882028 -0.469523 -0.039675
vn -0.882028 -0.469523 -0.039675
vn -0.882028 -0.469523 -0.039675
vn -0.756259 -0.277215 0.592641
vn -0.756259 -0.277215 0.592641
vn -0.756259 -0.277215 0.592641
vn -0.756259 -0.277215 0.592641
vn -0.389487 0.047129 0.919825
vn -0.389487 0.047129 0.919825
vn -0.389487 0.047129 0.919825
vn -0.389487 0.047129 0.919825
vn 0.043171 0.382105 0.923110
vn 0.043171 0.382105 0.923110
vn 0.043171 0.382105 0.923110
vn 0.043171 0.382105 0.923110
vn 0.453066 0.658016 0.601453
vn 0.453066 0.658016 0.601453
vn 0.453066 0.658016 0.601453
vn 0.453066 0.658016 0.601453
vn 0.677082 0.735664 -0.018929
vn 0.677082 0.735664 -0.018929
vn 0.677082 0.735664 -0.018929
vn 0.677082 0.735664 -0.018929
vn 0.561664 0.533603 -0.632299
vn 0.561664 0.533603 -0.632299
vn 0.561664 0.533603 -0.632299
vn 0.561664 0.533603 -0.632299
vn 0.031375 0.425468 -0.904429
vn 0.031375 0.425468 -0.904429
vn 0.031375 0.425468 -0.904429
vn 0.031375 0.425468 -0.904429
vn -0.354636 0.132973 -0.925501
vn -0.354636 0.132973 -0.925501
vn -0.354636 0.132973 -0.925501
vn -0.354636 0.132973 -0.925501
vn -0.752374 -0.085644 -0.653145
vn -0.752374 -0.085644 -0.653145
vn -0.752374 -0.085644 -0.653145
vn -0.752374 -0.085644 -0.653145
vn -0.985593 -0.139957 -0.094964
vn -0.985593 -0.139957 -0.094964
vn -0.985593 -0.139957 -0.094964
vn -0.985593 -0.139957 -0.094964
vn -0.874217 0.020621 0.485097
vn -0.874217 0.020621 0.485097
vn -0.874217 0.020621 0.485097
vn -0.874217 0.020621 0.485097
vn -0.529677 0.300778 0.793079
vn -0.529677 0.300778 0.793079
vn -0.529677 0.300778 0.793079
vn -0.529677 0.300778 0.793079
vn -0.129637 0.602063 0.787854
vn -0.129637 0.602063 0.787854
vn -0.129637 0.602063 0.787854
vn -0.129637 0.602063 0.787854
vn 0.227329 0.847647 0.479392
vn 0.227329 0.847647 0.479392
vn 0.227329 0.847647 0.479392
vn 0.227329 0.847647 0.479392
vn 0.411824 0.908400 -0.072179
vn 0.411824 0.908400 -0.072179
vn 0.411825 0.908400 -0.072179
vn 0.411825 0.908400 -0.072179
vn 0.322611 0.724975 -0.608551
vn 0.322611 0.724975 -0.608551
vn 0.322610 0.724975 -0.608551
vn 0.322611 0.724975 -0.608551
vn -0.156358 0.611010 -0.776028
vn -0.156358 0.611010 -0.776028
vn -0.156358 0.611010 -0.776028
vn -0.156358 0.611010 -0.776028
vn -0.467823 0.384265 -0.795916
vn -0.467823 0.384265 -0.795916
vn -0.467823 0.384265 -0.795916
vn -0.467823 0.384265 -0.795916
vn -0.786580 0.227958 -0.573870
vn -0.786580 0.227958 -0.573870
vn -0.786580 0.227958 -0.573870
vn -0.786580 0.227958 -0.573870
vn -0.970159 0.199463 -0.137861
vn -0.970159 0.199463 -0.137861
vn -0.970159 0.199463 -0.137861
vn -0.970159 0.199463 -0.137861
vn -0.892011 0.318943 0.320300
vn -0.892011 0.318943 0.320300
vn -0.892011 0.318943 0.320301
vn -0.892011 0.318943 0.320301
vn -0.618911 0.531591 0.578238
vn -0.618911 0.531591 0.578238
vn -0.618911 0.531591 0.578238
vn -0.618911 0.531591 0.578238
vn -0.292816 0.766355 0.571803
vn -0.292816 0.766355 0.571803
vn -0.292816 0.766355 0.571803
vn -0.292816 0.766355 0.571803
vn -0.013426 0.949122 0.314623
vn -0.013426 0.949122 0.314623
vn -0.013426 0.949122 0.314623
vn -0.013426 0.949122 0.314623
vn 0.125466 0.985381 -0.115254
vn 0.125466 0.985380 -0.115254
vn 0.125466 0.985381 -0.115254
vn 0.125466 0.985381 -0.115254
vn 0.065755 0.844017 -0.532270
vn 0.065755 0.844017 -0.532270
vn 0.065755 0.844017 -0.532270
vn 0.065755 0.844017 -0.532270
vn -0.333179 0.745516 -0.577233
vn -0.333179 0.745516 -0.577233
vn -0.333179 0.745516 -0.577233
vn -0.333179 0.745516 -0.577233
vn -0.538261 0.602621 -0.589172
vn -0.538261 0.602621 -0.589172
vn -0.538261 0.602621 -0.589172
vn -0.538261 0.602621 -0.589172
vn -0.740085 0.509824 -0.438582
vn -0.740085 0.509824 -0.438582
vn -0.740085 0.509824 -0.438582
vn -0.740085 0.509824 -0.438582
vn -0.851151 0.498787 -0.163564
vn -0.851151 0.498787 -0.163564
vn -0.851151 0.498787 -0.163564
vn -0.851151 0.498787 -0.163564
vn -0.809377 0.574117 0.123689
vn -0.809377 0.574117 0.123689
vn -0.809377 0.574116 0.123689
vn -0.809377 0.574116 0.123689
vn -0.641459 0.707729 0.296058
vn -0.641459 0.707729 0.296058
vn -0.641458 0.707729 0.296058
vn -0.641459 0.707729 0.296058
vn -0.428307 0.854443 0.294074
vn -0.428307 0.854443 0.294074
vn -0.428307 0.854443 0.294074
vn -0.428307 0.854443 0.294074
vn -0.246618 0.960970 0.125364
vn -0.246618 0.960970 0.125364
vn -0.246618 0.960970 0.125364
vn -0.246618 0.960970 0.125364
vn -0.157259 0.976612 -0.146625
vn -0.157259 0.976612 -0.146625
vn -0.157259 0.976612 -0.146625
vn -0.157259 0.976612 -0.146625
vn -0.190970 0.890298 -0.413400
vn -0.190970 0.890298 -0.413400
vn -0.190970 0.890298 -0.413400
vn -0.190970 0.890298 -0.413400
vn 0.593405 -0.804739 0.016322
vn 0.593405 -0.804739 0.016322
vn 0.593405 -0.804739 0.016322
vn 0.519849 -0.854121 0.015322
vn 0.519849 -0.854121 0.015322
vn 0.519849 -0.854121 0.015322
vn 0.455141 -0.887443 0.072747
vn 0.455141 -0.887443 0.072747
vn 0.455141 -0.887443 0.072747
vn 0.422730 -0.890943 0.165890
vn 0.422730 -0.890943 0.165890
vn 0.422730 -0.890943 0.165890
vn 0.433946 -0.862868 0.259131
vn 0.433946 -0.862868 0.259131
vn 0.433946 -0.862868 0.259131
vn 0.484746 -0.814838 0.317901
vn 0.484746 -0.814838 0.317901
vn 0.484746 -0.814838 0.317901
vn 0.557200 -0.765928 0.320752
vn 0.557200 -0.765928 0.320752
vn 0.557200 -0.765928 0.320752
vn 0.624534 -0.734411 0.265703
vn 0.624534 -0.734411 0.265703
vn 0.624534 -0.734411 0.265703
vn 0.659687 -0.731553 0.172172
vn 0.659687 -0.731553 0.172172
vn 0.659687 -0.731553 0.172172
vn 0.647519 -0.758219 0.076308
vn 0.647519 -0.758219 0.076308
vn 0.647519 -0.758219 0.076308
vn -0.484746 0.814838 -0.317901
vn -0.484746 0.814838 -0.317901
vn -0.484746 0.814838 -0.317901
vn -0.557200 0.765928 -0.320752
vn -0.557200 0.765928 -0.320752
vn -0.557200 0.765928 -0.320752
vn -0.624534 0.734411 -0.265703
vn -0.624534 0.734411 -0.265703
vn -0.624534 0.734411 -0.265703
vn -0.659687 0.731553 -0.172172
vn -0.659687 0.731553 -0.172172
vn -0.659687 0.731553 -0.172172
vn -0.647519 0.758219 -0.076308
vn -0.647519 0.758219 -0.076308
vn -0.647519 0.758219 -0.076308
vn -0.593405 0.804739 -0.016322
vn -0.593405 0.804739 -0.016322
vn -0.593405 0.804739 -0.016322
vn -0.519849 0.854121 -0.015322
vn -0.519849 0.854121 -0.015322
vn -0.519849 0.854121 -0.015322
vn -0.455141 0.887443 -0.072747
vn -0.455141 0.887443 -0.072747
vn -0.455141 0.887443 -0.072747
vn -0.422730 0.890943 -0.165890
vn -0.422730 0.890943 -0.165890
vn -0.422730 0.890943 -0.165890
vn -0.433946 0.862868 -0.259131
vn -0.433946 0.862868 -0.259131
vn -0.433946 0.862868 -0.259131
s off
g fl:flowerpasted__pasted__pSphere3
usemtl standardSurface2SG
f 1035/2112/3168 1036/2113/3169 1046/2114/3170 1045/2115/3171
f 1036/2113/3172 1037/2116/3173 1047/2117/3174 1046/2114/3175
f 1037/2116/3176 1038/2118/3177 1048/2119/3178 1047/2117/3179
f 1038/2118/3180 1039/2120/3181 1049/2121/3182 1048/2119/3183
f 1039/2120/3184 1040/2122/3185 1050/2123/3186 1049/2121/3187
f 1040/2122/3188 1041/2124/3189 1051/2125/3190 1050/2123/3191
f 1041/2124/3192 1042/2126/3193 1052/2127/3194 1051/2125/3195
f 1042/2126/3196 1043/2128/3197 1053/2129/3198 1052/2127/3199
f 1043/2128/3200 1044/2130/3201 1054/2131/3202 1053/2129/3203
f 1044/2130/3204 1035/2112/3205 1045/2115/3206 1054/2131/3207
f 1045/2115/3208 1046/2114/3209 1056/2132/3210 1055/2133/3211
f 1046/2114/3212 1047/2117/3213 1057/2134/3214 1056/2132/3215
f 1047/2117/3216 1048/2119/3217 1058/2135/3218 1057/2134/3219
f 1048/2136/3220 1049/2137/3221 1059/2138/3222 1058/2139/3223
f 1049/2137/3224 1050/2140/3225 1060/2141/3226 1059/2138/3227
f 1050/2123/3228 1051/2125/3229 1061/2142/3230 1060/2143/3231
f 1051/2125/3232 1052/2127/3233 1062/2144/3234 1061/2142/3235
f 1052/2127/3236 1053/2129/3237 1063/2145/3238 1062/2144/3239
f 1053/2146/3240 1054/2147/3241 1064/2148/3242 1063/2149/3243
f 1054/2147/3244 1045/2150/3245 1055/2151/3246 1064/2148/3247
f 1055/2151/3248 1056/2152/3249 1066/2153/3250 1065/2154/3251
f 1056/2155/3252 1057/2156/3253 1067/2157/3254 1066/2158/3255
f 1057/2159/3256 1058/2139/3257 1068/2160/3258 1067/2161/3259
f 1058/2139/3260 1059/2138/3261 1069/2162/3262 1068/2160/3263
f 1059/2138/3264 1060/2141/3265 1070/2163/3266 1069/2162/3267
f 1060/2141/3268 1061/2164/3269 1071/2165/3270 1070/2163/3271
f 1061/2166/3272 1062/2167/3273 1072/2168/3274 1071/2169/3275
f 1062/2170/3276 1063/2149/3277 1073/2171/3278 1072/2172/3279
f 1063/2149/3280 1064/2148/3281 1074/2173/3282 1073/2171/3283
f 1064/2148/3284 1055/2151/3285 1065/2154/3286 1074/2173/3287
f 1065/2154/3288 1066/2153/3289 1076/2174/3290 1075/2175/3291
f 1066/2158/3292 1067/2157/3293 1077/2176/3294 1076/2177/3295
f 1067/2161/3296 1068/2160/3297 1078/2178/3298 1077/2179/3299
f 1068/2160/3300 1069/2162/3301 1079/2180/3302 1078/2178/3303
f 1069/2162/3304 1070/2163/3305 1080/2181/3306 1079/2180/3307
f 1070/2163/3308 1071/2165/3309 1081/2182/3310 1080/2181/3311
f 1071/2169/3312 1072/2168/3313 1082/2183/3314 1081/2184/3315
f 1072/2172/3316 1073/2171/3317 1083/2185/3318 1082/2186/3319
f 1073/2171/3320 1074/2173/3321 1084/2187/3322 1083/2185/3323
f 1074/2173/3324 1065/2154/3325 1075/2175/3326 1084/2187/3327
f 1075/2175/3328 1076/2174/3329 1086/2188/3330 1085/2189/3331
f 1076/2177/3332 1077/2176/3333 1087/2190/3334 1086/2191/3335
f 1077/2179/3336 1078/2178/3337 1088/2192/3338 1087/2193/3339
f 1078/2178/3340 1079/2180/3341 1089/2194/3342 1088/2192/3343
f 1079/2180/3344 1080/2181/3345 1090/2195/3346 1089/2194/3347
f 1080/2181/3348 1081/2182/3349 1091/2196/3350 1090/2195/3351
f 1081/2184/3352 1082/2183/3353 1092/2197/3354 1091/2198/3355
f 1082/2186/3356 1083/2185/3357 1093/2199/3358 1092/2200/3359
f 1083/2185/3360 1084/2187/3361 1094/2201/3362 1093/2199/3363
f 1084/2187/3364 1075/2175/3365 1085/2189/3366 1094/2201/3367
f 1085/2189/3368 1086/2188/3369 1096/2202/3370 1095/2203/3371
f 1086/2191/3372 1087/2190/3373 1097/2204/3374 1096/2205/3375
f 1087/2193/3376 1088/2192/3377 1098/2206/3378 1097/2207/3379
f 1088/2192/3380 1089/2194/3381 1099/2208/3382 1098/2206/3383
f 1089/2194/3384 1090/2195/3385 1100/2209/3386 1099/2208/3387
f 1090/2195/3388 1091/2196/3389 1101/2210/3390 1100/2209/3391
f 1091/2198/3392 1092/2197/3393 1102/2211/3394 1101/2212/3395
f 1092/2200/3396 1093/2199/3397 1103/2213/3398 1102/2214/3399
f 1093/2199/3400 1094/2201/3401 1104/2215/3402 1103/2213/3403
f 1094/2201/3404 1085/2189/3405 1095/2203/3406 1104/2215/3407
f 1095/2216/3408 1096/2217/3409 1106/2218/3410 1105/2219/3411
f 1096/2217/3412 1097/2220/3413 1107/2221/3414 1106/2218/3415
f 1097/2220/3416 1098/2222/3417 1108/2223/3418 1107/2221/3419
f 1098/2206/3420 1099/2208/3421 1109/2224/3422 1108/2225/3423
f 1099/2208/3424 1100/2209/3425 1110/2226/3426 1109/2224/3427
f 1100/2227/3428 1101/2228/3429 1111/2229/3430 1110/2230/3431
f 1101/2228/3432 1102/2231/3433 1112/2232/3434 1111/2229/3435
f 1102/2231/3436 1103/2233/3437 1113/2234/3438 1112/2232/3439
f 1103/2213/3440 1104/2215/3441 1114/2235/3442 1113/2236/3443
f 1104/2215/3444 1095/2203/3445 1105/2237/3446 1114/2235/3447
f 1105/2219/3448 1106/2218/3449 1116/2238/3450 1115/2239/3451
f 1106/2218/3452 1107/2221/3453 1117/2240/3454 1116/2238/3455
f 1107/2221/3456 1108/2223/3457 1118/2241/3458 1117/2240/3459
f 1108/2223/3460 1109/2242/3461 1119/2243/3462 1118/2241/3463
f 1109/2242/3464 1110/2230/3465 1120/2244/3466 1119/2243/3467
f 1110/2230/3468 1111/2229/3469 1121/2245/3470 1120/2244/3471
f 1111/2229/3472 1112/2232/3473 1122/2246/3474 1121/2245/3475
f 1112/2232/3476 1113/2234/3477 1123/2247/3478 1122/2246/3479
f 1113/2234/3480 1114/2248/3481 1124/2249/3482 1123/2247/3483
f 1114/2248/3484 1105/2219/3485 1115/2239/3486 1124/2249/3487
f 1036/2113/3488 1035/2112/3489 1125/2250/3490
f 1037/2116/3491 1036/2113/3492 1125/2250/3493
f 1038/2118/3494 1037/2116/3495 1125/2250/3496
f 1039/2120/3497 1038/2118/3498 1125/2250/3499
f 1040/2122/3500 1039/2120/3501 1125/2250/3502
f 1041/2124/3503 1040/2122/3504 1125/2250/3505
f 1042/2126/3506 1041/2124/3507 1125/2250/3508
f 1043/2128/3509 1042/2126/3510 1125/2250/3511
f 1044/2130/3512 1043/2128/3513 1125/2250/3514
f 1035/2112/3515 1044/2130/3516 1125/2250/3517
f 1115/2239/3518 1116/2238/3519 1126/2251/3520
f 1116/2238/3521 1117/2240/3522 1126/2251/3523
f 1117/2240/3524 1118/2241/3525 1126/2251/3526
f 1118/2241/3527 1119/2243/3528 1126/2251/3529
f 1119/2243/3530 1120/2244/3531 1126/2251/3532
f 1120/2244/3533 1121/2245/3534 1126/2251/3535
f 1121/2245/3536 1122/2246/3537 1126/2251/3538
f 1122/2246/3539 1123/2247/3540 1126/2251/3541
f 1123/2247/3542 1124/2249/3543 1126/2251/3544
f 1124/2249/3545 1115/2239/3546 1126/2251/3547
g default
v 2.933298 13.122377 0.752440
v 4.439754 12.516320 1.092533
v 3.530104 14.666557 0.860643
v 5.036560 14.060500 1.200735
v 3.959363 14.637516 -1.092533
v 5.465819 14.031458 -0.752440
v 3.362557 13.093335 -1.200735
v 4.869013 12.487278 -0.860643
vt 0.030758 0.878229
vt 0.076477 0.878229
vt 0.076477 0.923948
vt 0.030758 0.923948
vt 0.266573 0.886011
vt 0.312292 0.886011
vt 0.312292 0.931730
vt 0.266573 0.931730
vt 0.082022 0.923948
vt 0.082022 0.878229
vt 0.127741 0.878229
vt 0.127741 0.923948
vt 0.138413 0.876584
vt 0.184132 0.876584
vt 0.184132 0.922303
vt 0.138413 0.922303
vt 0.076896 0.923948
vt 0.118536 0.923948
vt 0.118536 0.965587
vt 0.076896 0.965587
vt 0.030758 0.923948
vt 0.072398 0.923948
vt 0.072398 0.965587
vt 0.030758 0.965587
vn -0.214629 0.014521 0.976588
vn -0.214629 0.014521 0.976588
vn -0.214629 0.014521 0.976588
vn -0.214629 0.014521 0.976588
vn 0.359732 0.930773 0.065221
vn 0.359732 0.930773 0.065221
vn 0.359732 0.930773 0.065221
vn 0.359732 0.930773 0.065221
vn 0.214629 -0.014521 -0.976588
vn 0.214629 -0.014521 -0.976588
vn 0.214629 -0.014521 -0.976588
vn 0.214629 -0.014521 -0.976588
vn -0.359732 -0.930773 -0.065221
vn -0.359732 -0.930773 -0.065221
vn -0.359732 -0.930773 -0.065221
vn -0.359732 -0.930773 -0.065221
vn 0.908035 -0.365308 0.204995
vn 0.908035 -0.365308 0.204995
vn 0.908035 -0.365308 0.204995
vn 0.908035 -0.365308 0.204995
vn -0.908035 0.365308 -0.204995
vn -0.908035 0.365308 -0.204995
vn -0.908035 0.365308 -0.204995
vn -0.908035 0.365308 -0.204995
s off
g BODY_ROBOT pasted__pCube8
f 1127/2268/3548 1128/2269/3549 1130/2270/3550 1129/2271/3551
f 1129/2260/3552 1130/2261/3553 1132/2262/3554 1131/2263/3555
f 1131/2272/3556 1132/2273/3557 1134/2274/3558 1133/2275/3559
f 1133/2264/3560 1134/2265/3561 1128/2266/3562 1127/2267/3563
f 1128/2252/3564 1134/2253/3565 1132/2254/3566 1130/2255/3567
f 1133/2256/3568 1127/2257/3569 1129/2258/3570 1131/2259/3571
g default
v -1.670868 14.330942 0.620049
v -1.723185 14.351192 0.595651
v -1.769977 14.362955 0.632419
v -1.783835 14.359340 0.708815
v -1.756641 14.342464 0.780087
v -1.704324 14.322214 0.804485
v -1.657532 14.310451 0.767717
v -1.643674 14.314066 0.691321
v -1.627982 14.325180 0.540030
v -1.732615 14.365681 0.491234
v -1.826199 14.389207 0.564770
v -1.853915 14.381977 0.717562
v -1.799527 14.348226 0.860106
v -1.694894 14.307725 0.908902
v -1.601310 14.284199 0.835366
v -1.573594 14.291429 0.682574
v -1.019839 14.770593 0.539700
v -1.124472 14.811094 0.490904
v -1.218057 14.834619 0.564440
v -1.245773 14.827389 0.717232
v -1.191384 14.793638 0.859776
v -1.086752 14.753137 0.908573
v -0.993167 14.729612 0.835037
v -0.965451 14.736842 0.682245
v -0.411697 15.216006 0.539370
v -0.516329 15.256506 0.490574
v -0.609914 15.280032 0.564110
v -0.637630 15.272802 0.716902
v -0.583242 15.239051 0.859447
v -0.478609 15.198550 0.908243
v -0.385024 15.175024 0.834707
v -0.357308 15.182255 0.681915
v 0.196446 15.661418 0.539041
v 0.091813 15.701919 0.490244
v -0.001771 15.725445 0.563780
v -0.029487 15.718214 0.716572
v 0.024901 15.684463 0.859117
v 0.129534 15.643963 0.907913
v 0.223118 15.620437 0.834377
v 0.250834 15.627667 0.681585
v 0.153560 15.667179 0.619060
v 0.101243 15.687430 0.594662
v 0.054451 15.699193 0.631430
v 0.040593 15.695578 0.707826
v 0.067787 15.678702 0.779098
v 0.120104 15.658452 0.803496
v 0.166896 15.646689 0.766728
v 0.180754 15.650304 0.690332
v -1.713755 14.336703 0.700068
v 0.110674 15.672941 0.699079
vt 0.523741 0.172653
vt 0.520442 0.180618
vt 0.509179 0.180618
vt 0.515777 0.164689
vt 0.523741 0.188582
vt 0.515777 0.196547
vt 0.531706 0.191881
vt 0.531706 0.203145
vt 0.539670 0.188582
vt 0.547635 0.196547
vt 0.542969 0.180618
vt 0.554233 0.180618
vt 0.539670 0.172653
vt 0.547635 0.164689
vt 0.531706 0.169354
vt 0.531706 0.158091
vt 0.761217 0.283502
vt 0.724304 0.283502
vt 0.724304 0.248701
vt 0.761217 0.248701
vt 0.687391 0.283502
vt 0.687391 0.248701
vt 0.417527 0.873909
vt 0.462107 0.873909
vt 0.462107 0.915939
vt 0.417527 0.915939
vt 0.506687 0.873909
vt 0.506687 0.915939
vt 0.921613 0.413124
vt 0.958526 0.413124
vt 0.958526 0.447926
vt 0.921613 0.447926
vt 0.995439 0.413124
vt 0.995439 0.447926
vt 0.325874 0.862995
vt 0.370454 0.862995
vt 0.370454 0.905025
vt 0.325874 0.905025
vt 0.415034 0.862995
vt 0.415034 0.905025
vt 0.724304 0.213899
vt 0.761217 0.213899
vt 0.687391 0.213899
vt 0.462107 0.957970
vt 0.417527 0.957970
vt 0.506687 0.957970
vt 0.958526 0.482728
vt 0.921613 0.482728
vt 0.995439 0.482728
vt 0.370454 0.947055
vt 0.325874 0.947055
vt 0.415034 0.947055
vt 0.724304 0.179097
vt 0.761217 0.179097
vt 0.687391 0.179097
vt 0.462107 1.000000
vt 0.417527 1.000000
vt 0.506687 1.000000
vt 0.958526 0.517529
vt 0.921613 0.517529
vt 0.995439 0.517529
vt 0.370454 0.989086
vt 0.325874 0.989086
vt 0.415034 0.989086
vt 0.980437 0.371456
vt 0.987035 0.387385
vt 0.975771 0.387385
vt 0.972472 0.379420
vt 0.980437 0.403314
vt 0.972472 0.395349
vt 0.964508 0.409912
vt 0.964508 0.398648
vt 0.948579 0.403314
vt 0.956543 0.395349
vt 0.941981 0.387385
vt 0.953244 0.387385
vt 0.948579 0.371456
vt 0.956543 0.379420
vt 0.964508 0.364858
vt 0.964508 0.376121
vt 0.531706 0.180618
vt 0.964508 0.387385
vn -0.317291 -0.942809 -0.102160
vn -0.317291 -0.942810 -0.102160
vn -0.317291 -0.942809 -0.102160
vn -0.317291 -0.942809 -0.102160
vn -0.317290 -0.942809 -0.102170
vn -0.317290 -0.942809 -0.102170
vn -0.317290 -0.942809 -0.102170
vn -0.317290 -0.942809 -0.102170
vn -0.317290 -0.942809 -0.102170
vn -0.317290 -0.942809 -0.102170
vn -0.317290 -0.942809 -0.102170
vn -0.317290 -0.942809 -0.102170
vn -0.317290 -0.942809 -0.102170
vn -0.317290 -0.942809 -0.102170
vn -0.317290 -0.942809 -0.102170
vn -0.317290 -0.942809 -0.102170
vn -0.317290 -0.942809 -0.102170
vn -0.317290 -0.942809 -0.102170
vn -0.317290 -0.942809 -0.102170
vn -0.317290 -0.942809 -0.102170
vn -0.317290 -0.942809 -0.102170
vn -0.317290 -0.942809 -0.102170
vn -0.317290 -0.942809 -0.102170
vn -0.317290 -0.942809 -0.102170
vn -0.317290 -0.942809 -0.102170
vn -0.317290 -0.942809 -0.102170
vn -0.317290 -0.942809 -0.102170
vn -0.317290 -0.942809 -0.102170
vn -0.317290 -0.942809 -0.102170
vn -0.317290 -0.942809 -0.102170
vn -0.317290 -0.942809 -0.102170
vn -0.317290 -0.942809 -0.102170
vn 0.270904 -0.370535 -0.888434
vn 0.270904 -0.370535 -0.888434
vn 0.270904 -0.370535 -0.888434
vn 0.270904 -0.370535 -0.888434
vn -0.415891 0.567309 -0.710771
vn -0.415891 0.567309 -0.710771
vn -0.415891 0.567309 -0.710771
vn -0.415891 0.567309 -0.710771
vn -0.589504 0.804826 -0.068849
vn -0.589504 0.804826 -0.068849
vn -0.589504 0.804826 -0.068849
vn -0.589504 0.804826 -0.068849
vn -0.545337 0.744859 0.384439
vn -0.545337 0.744859 0.384439
vn -0.545337 0.744859 0.384439
vn -0.545337 0.744859 0.384439
vn -0.270904 0.370535 0.888434
vn -0.270904 0.370535 0.888434
vn -0.270904 0.370535 0.888434
vn -0.270904 0.370535 0.888434
vn 0.415891 -0.567309 0.710771
vn 0.415891 -0.567309 0.710771
vn 0.415891 -0.567309 0.710771
vn 0.415891 -0.567309 0.710771
vn 0.589504 -0.804826 0.068849
vn 0.589504 -0.804826 0.068849
vn 0.589504 -0.804826 0.068849
vn 0.589504 -0.804826 0.068849
vn 0.545337 -0.744859 -0.384439
vn 0.545337 -0.744859 -0.384439
vn 0.545337 -0.744859 -0.384439
vn 0.545337 -0.744859 -0.384439
vn 0.270904 -0.370535 -0.888434
vn 0.270904 -0.370535 -0.888434
vn 0.270904 -0.370535 -0.888434
vn 0.270904 -0.370535 -0.888434
vn -0.415891 0.567309 -0.710771
vn -0.415891 0.567309 -0.710771
vn -0.415891 0.567309 -0.710771
vn -0.415891 0.567309 -0.710771
vn -0.589504 0.804826 -0.068849
vn -0.589504 0.804826 -0.068849
vn -0.589504 0.804826 -0.068849
vn -0.589504 0.804826 -0.068849
vn -0.545337 0.744859 0.384439
vn -0.545337 0.744859 0.384439
vn -0.545337 0.744859 0.384439
vn -0.545337 0.744859 0.384439
vn -0.270904 0.370535 0.888434
vn -0.270904 0.370535 0.888434
vn -0.270904 0.370535 0.888434
vn -0.270904 0.370535 0.888434
vn 0.415891 -0.567309 0.710771
vn 0.415891 -0.567309 0.710771
vn 0.415891 -0.567309 0.710771
vn 0.415891 -0.567309 0.710771
vn 0.589504 -0.804826 0.068849
vn 0.589504 -0.804826 0.068849
vn 0.589504 -0.804826 0.068849
vn 0.589504 -0.804826 0.068849
vn 0.545337 -0.744859 -0.384439
vn 0.545337 -0.744859 -0.384439
vn 0.545337 -0.744859 -0.384439
vn 0.545337 -0.744859 -0.384439
vn 0.270904 -0.370535 -0.888434
vn 0.270904 -0.370535 -0.888434
vn 0.270904 -0.370535 -0.888434
vn 0.270904 -0.370535 -0.888434
vn -0.415891 0.567309 -0.710771
vn -0.415891 0.567309 -0.710771
vn -0.415891 0.567309 -0.710771
vn -0.415891 0.567309 -0.710771
vn -0.589504 0.804826 -0.068849
vn -0.589504 0.804826 -0.068849
vn -0.589504 0.804826 -0.068849
vn -0.589504 0.804826 -0.068849
vn -0.545337 0.744859 0.384439
vn -0.545337 0.744859 0.384439
vn -0.545337 0.744859 0.384439
vn -0.545337 0.744859 0.384439
vn -0.270904 0.370535 0.888434
vn -0.270904 0.370535 0.888434
vn -0.270904 0.370535 0.888434
vn -0.270904 0.370535 0.888434
vn 0.415891 -0.567309 0.710771
vn 0.415891 -0.567309 0.710771
vn 0.415891 -0.567309 0.710771
vn 0.415891 -0.567309 0.710771
vn 0.589504 -0.804826 0.068849
vn 0.589504 -0.804826 0.068849
vn 0.589504 -0.804826 0.068849
vn 0.589504 -0.804826 0.068849
vn 0.545337 -0.744859 -0.384439
vn 0.545337 -0.744859 -0.384439
vn 0.545337 -0.744859 -0.384439
vn 0.545337 -0.744859 -0.384439
vn 0.317290 0.942809 0.102171
vn 0.317290 0.942809 0.102170
vn 0.317290 0.942809 0.102170
vn 0.317290 0.942809 0.102171
vn 0.317290 0.942809 0.102170
vn 0.317290 0.942809 0.102170
vn 0.317290 0.942809 0.102170
vn 0.317290 0.942809 0.102170
vn 0.317290 0.942809 0.102170
vn 0.317290 0.942809 0.102171
vn 0.317290 0.942809 0.102171
vn 0.317290 0.942809 0.102170
vn 0.317290 0.942809 0.102171
vn 0.317290 0.942809 0.102171
vn 0.317290 0.942809 0.102171
vn 0.317290 0.942809 0.102171
vn 0.317290 0.942809 0.102171
vn 0.317290 0.942809 0.102170
vn 0.317290 0.942809 0.102170
vn 0.317290 0.942809 0.102171
vn 0.317290 0.942809 0.102170
vn 0.317290 0.942809 0.102170
vn 0.317290 0.942809 0.102170
vn 0.317290 0.942809 0.102170
vn 0.317290 0.942809 0.102170
vn 0.317290 0.942809 0.102171
vn 0.317290 0.942809 0.102171
vn 0.317290 0.942809 0.102170
vn 0.317290 0.942809 0.102171
vn 0.317290 0.942809 0.102171
vn 0.317290 0.942809 0.102171
vn 0.317290 0.942809 0.102171
vn -0.317290 -0.942809 -0.102170
vn -0.317290 -0.942809 -0.102170
vn -0.317290 -0.942809 -0.102170
vn -0.317290 -0.942809 -0.102170
vn -0.317290 -0.942809 -0.102170
vn -0.317290 -0.942809 -0.102170
vn -0.317290 -0.942809 -0.102170
vn -0.317290 -0.942809 -0.102170
vn -0.317290 -0.942809 -0.102170
vn -0.317290 -0.942809 -0.102170
vn -0.317290 -0.942809 -0.102170
vn -0.317290 -0.942809 -0.102170
vn -0.317290 -0.942809 -0.102170
vn -0.317290 -0.942809 -0.102170
vn -0.317290 -0.942809 -0.102170
vn -0.317290 -0.942809 -0.102170
vn -0.317290 -0.942809 -0.102170
vn -0.317290 -0.942809 -0.102170
vn -0.317290 -0.942809 -0.102170
vn -0.317290 -0.942809 -0.102170
vn -0.317290 -0.942809 -0.102170
vn -0.317290 -0.942809 -0.102170
vn -0.317290 -0.942809 -0.102170
vn -0.317290 -0.942809 -0.102170
vn 0.317290 0.942809 0.102171
vn 0.317290 0.942809 0.102170
vn 0.317290 0.942809 0.102170
vn 0.317290 0.942809 0.102170
vn 0.317290 0.942809 0.102170
vn 0.317290 0.942809 0.102170
vn 0.317290 0.942809 0.102170
vn 0.317290 0.942809 0.102171
vn 0.317290 0.942809 0.102170
vn 0.317290 0.942809 0.102171
vn 0.317290 0.942809 0.102171
vn 0.317290 0.942809 0.102170
vn 0.317290 0.942809 0.102171
vn 0.317290 0.942809 0.102170
vn 0.317290 0.942809 0.102170
vn 0.317290 0.942809 0.102170
vn 0.317290 0.942809 0.102170
vn 0.317290 0.942809 0.102170
vn 0.317290 0.942809 0.102170
vn 0.317290 0.942809 0.102171
vn 0.317290 0.942809 0.102170
vn 0.317290 0.942809 0.102171
vn 0.317290 0.942809 0.102171
vn 0.317290 0.942809 0.102170
s off
g fl:flowerpasted__pasted__pCylinder3
usemtl standardSurface2SG
f 1135/2276/3572 1136/2277/3573 1144/2278/3574 1143/2279/3575
f 1136/2277/3576 1137/2280/3577 1145/2281/3578 1144/2278/3579
f 1137/2280/3580 1138/2282/3581 1146/2283/3582 1145/2281/3583
f 1138/2282/3584 1139/2284/3585 1147/2285/3586 1146/2283/3587
f 1139/2284/3588 1140/2286/3589 1148/2287/3590 1147/2285/3591
f 1140/2286/3592 1141/2288/3593 1149/2289/3594 1148/2287/3595
f 1141/2288/3596 1142/2290/3597 1150/2291/3598 1149/2289/3599
f 1142/2290/3600 1135/2276/3601 1143/2279/3602 1150/2291/3603
f 1143/2292/3604 1144/2293/3605 1152/2294/3606 1151/2295/3607
f 1144/2293/3608 1145/2296/3609 1153/2297/3610 1152/2294/3611
f 1145/2298/3612 1146/2299/3613 1154/2300/3614 1153/2301/3615
f 1146/2299/3616 1147/2302/3617 1155/2303/3618 1154/2300/3619
f 1147/2304/3620 1148/2305/3621 1156/2306/3622 1155/2307/3623
f 1148/2305/3624 1149/2308/3625 1157/2309/3626 1156/2306/3627
f 1149/2310/3628 1150/2311/3629 1158/2312/3630 1157/2313/3631
f 1150/2311/3632 1143/2314/3633 1151/2315/3634 1158/2312/3635
f 1151/2295/3636 1152/2294/3637 1160/2316/3638 1159/2317/3639
f 1152/2294/3640 1153/2297/3641 1161/2318/3642 1160/2316/3643
f 1153/2301/3644 1154/2300/3645 1162/2319/3646 1161/2320/3647
f 1154/2300/3648 1155/2303/3649 1163/2321/3650 1162/2319/3651
f 1155/2307/3652 1156/2306/3653 1164/2322/3654 1163/2323/3655
f 1156/2306/3656 1157/2309/3657 1165/2324/3658 1164/2322/3659
f 1157/2313/3660 1158/2312/3661 1166/2325/3662 1165/2326/3663
f 1158/2312/3664 1151/2315/3665 1159/2327/3666 1166/2325/3667
f 1159/2317/3668 1160/2316/3669 1168/2328/3670 1167/2329/3671
f 1160/2316/3672 1161/2318/3673 1169/2330/3674 1168/2328/3675
f 1161/2320/3676 1162/2319/3677 1170/2331/3678 1169/2332/3679
f 1162/2319/3680 1163/2321/3681 1171/2333/3682 1170/2331/3683
f 1163/2323/3684 1164/2322/3685 1172/2334/3686 1171/2335/3687
f 1164/2322/3688 1165/2324/3689 1173/2336/3690 1172/2334/3691
f 1165/2326/3692 1166/2325/3693 1174/2337/3694 1173/2338/3695
f 1166/2325/3696 1159/2327/3697 1167/2339/3698 1174/2337/3699
f 1167/2340/3700 1168/2341/3701 1176/2342/3702 1175/2343/3703
f 1168/2341/3704 1169/2344/3705 1177/2345/3706 1176/2342/3707
f 1169/2344/3708 1170/2346/3709 1178/2347/3710 1177/2345/3711
f 1170/2346/3712 1171/2348/3713 1179/2349/3714 1178/2347/3715
f 1171/2348/3716 1172/2350/3717 1180/2351/3718 1179/2349/3719
f 1172/2350/3720 1173/2352/3721 1181/2353/3722 1180/2351/3723
f 1173/2352/3724 1174/2354/3725 1182/2355/3726 1181/2353/3727
f 1174/2354/3728 1167/2340/3729 1175/2343/3730 1182/2355/3731
f 1136/2277/3732 1135/2276/3733 1183/2356/3734
f 1137/2280/3735 1136/2277/3736 1183/2356/3737
f 1138/2282/3738 1137/2280/3739 1183/2356/3740
f 1139/2284/3741 1138/2282/3742 1183/2356/3743
f 1140/2286/3744 1139/2284/3745 1183/2356/3746
f 1141/2288/3747 1140/2286/3748 1183/2356/3749
f 1142/2290/3750 1141/2288/3751 1183/2356/3752
f 1135/2276/3753 1142/2290/3754 1183/2356/3755
f 1175/2343/3756 1176/2342/3757 1184/2357/3758
f 1176/2342/3759 1177/2345/3760 1184/2357/3761
f 1177/2345/3762 1178/2347/3763 1184/2357/3764
f 1178/2347/3765 1179/2349/3766 1184/2357/3767
f 1179/2349/3768 1180/2351/3769 1184/2357/3770
f 1180/2351/3771 1181/2353/3772 1184/2357/3773
f 1181/2353/3774 1182/2355/3775 1184/2357/3776
f 1182/2355/3777 1175/2343/3778 1184/2357/3779
g default
v -0.300637 9.464717 0.414250
v -0.364310 9.443708 0.385146
v -0.424746 9.418776 0.417837
v -0.446541 9.404526 0.493173
v -0.416928 9.409305 0.567023
v -0.353255 9.430315 0.596127
v -0.292820 9.455247 0.563436
v -0.271025 9.469497 0.488100
v -0.242492 9.492423 0.337864
v -0.369838 9.450404 0.279656
v -0.490708 9.400540 0.345038
v -0.534298 9.372040 0.495709
v -0.475074 9.381599 0.643409
v -0.347727 9.423618 0.701617
v -0.226857 9.473483 0.636235
v -0.183267 9.501983 0.485564
v -0.567648 10.376523 0.411024
v -0.694994 10.334504 0.352817
v -0.815865 10.284639 0.418198
v -0.859455 10.256140 0.568870
v -0.800230 10.265699 0.716569
v -0.672884 10.307718 0.774777
v -0.552013 10.357583 0.709395
v -0.508423 10.386082 0.558724
v -0.892804 11.260623 0.484185
v -1.020151 11.218603 0.425977
v -1.141021 11.168739 0.491359
v -1.184611 11.140239 0.642030
v -1.125386 11.149799 0.789730
v -0.998040 11.191818 0.847938
v -0.877170 11.241682 0.782556
v -0.833580 11.270182 0.631885
v -1.217961 12.144722 0.557345
v -1.345307 12.102703 0.499138
v -1.466177 12.052839 0.564519
v -1.509767 12.024339 0.715191
v -1.450543 12.033898 0.862890
v -1.323196 12.075917 0.921098
v -1.202326 12.125782 0.855716
v -1.158736 12.154282 0.705045
v -1.276106 12.117016 0.633732
v -1.339779 12.096007 0.604628
v -1.400215 12.071075 0.637319
v -1.422010 12.056825 0.712654
v -1.392397 12.061604 0.786504
v -1.328724 12.082614 0.815608
v -1.268289 12.107546 0.782917
v -1.246494 12.121796 0.707581
v -0.358783 9.437011 0.490636
v -1.334252 12.089310 0.710118
vt 0.245492 0.222643
vt 0.241786 0.231591
vt 0.229130 0.231591
vt 0.236544 0.213694
vt 0.245492 0.240540
vt 0.236544 0.249489
vt 0.254441 0.244247
vt 0.254441 0.256902
vt 0.263390 0.240540
vt 0.272338 0.249489
vt 0.267096 0.231591
vt 0.279752 0.231591
vt 0.263390 0.222643
vt 0.272338 0.213694
vt 0.254441 0.218936
vt 0.254441 0.206281
vt 0.321362 0.959283
vt 0.272700 0.959283
vt 0.272700 0.913404
vt 0.321362 0.913404
vt 0.224039 0.959283
vt 0.224039 0.913404
vt 0.122203 0.746280
vt 0.173019 0.746280
vt 0.173019 0.794190
vt 0.122203 0.794190
vt 0.223835 0.746280
vt 0.223835 0.794190
vt 0.814686 0.604514
vt 0.863348 0.604514
vt 0.863348 0.650392
vt 0.814686 0.650392
vt 0.912010 0.604514
vt 0.912010 0.650392
vt 0.712850 0.595281
vt 0.763666 0.595281
vt 0.763666 0.643191
vt 0.712850 0.643191
vt 0.814482 0.595281
vt 0.814482 0.643191
vt 0.272700 0.867526
vt 0.321362 0.867526
vt 0.224039 0.867526
vt 0.173019 0.842100
vt 0.122203 0.842100
vt 0.223835 0.842100
vt 0.863348 0.696271
vt 0.814686 0.696271
vt 0.912010 0.696271
vt 0.763666 0.691100
vt 0.712850 0.691100
vt 0.814482 0.691100
vt 0.272700 0.821647
vt 0.321362 0.821647
vt 0.224039 0.821647
vt 0.173019 0.890010
vt 0.122203 0.890010
vt 0.223835 0.890010
vt 0.863348 0.742150
vt 0.814686 0.742150
vt 0.912010 0.742150
vt 0.763666 0.739010
vt 0.712850 0.739010
vt 0.814482 0.739010
vt 0.990280 0.156927
vt 0.997693 0.174825
vt 0.985038 0.174825
vt 0.981332 0.165876
vt 0.990280 0.192722
vt 0.981332 0.183773
vt 0.972383 0.200135
vt 0.972383 0.187480
vt 0.954486 0.192722
vt 0.963434 0.183773
vt 0.947072 0.174825
vt 0.959728 0.174825
vt 0.954486 0.156927
vt 0.963434 0.165876
vt 0.972383 0.149514
vt 0.972383 0.162169
vt 0.254441 0.231591
vt 0.972383 0.174825
vn 0.344137 -0.935720 -0.077439
vn 0.344137 -0.935721 -0.077439
vn 0.344137 -0.935720 -0.077439
vn 0.344138 -0.935720 -0.077439
vn 0.344141 -0.935720 -0.077432
vn 0.344141 -0.935720 -0.077432
vn 0.344141 -0.935720 -0.077432
vn 0.344141 -0.935720 -0.077432
vn 0.344141 -0.935720 -0.077432
vn 0.344141 -0.935720 -0.077432
vn 0.344141 -0.935720 -0.077432
vn 0.344141 -0.935720 -0.077432
vn 0.344141 -0.935720 -0.077432
vn 0.344141 -0.935720 -0.077432
vn 0.344141 -0.935720 -0.077432
vn 0.344141 -0.935720 -0.077432
vn 0.344141 -0.935720 -0.077432
vn 0.344141 -0.935720 -0.077432
vn 0.344141 -0.935720 -0.077432
vn 0.344141 -0.935720 -0.077432
vn 0.344141 -0.935720 -0.077432
vn 0.344141 -0.935720 -0.077432
vn 0.344141 -0.935720 -0.077432
vn 0.344141 -0.935720 -0.077432
vn 0.344141 -0.935720 -0.077432
vn 0.344141 -0.935720 -0.077432
vn 0.344141 -0.935720 -0.077432
vn 0.344141 -0.935720 -0.077432
vn 0.344141 -0.935720 -0.077432
vn 0.344141 -0.935720 -0.077432
vn 0.344141 -0.935720 -0.077432
vn 0.344141 -0.935720 -0.077432
vn 0.350320 0.204479 -0.914037
vn 0.350320 0.204479 -0.914037
vn 0.350320 0.204479 -0.914037
vn 0.350320 0.204479 -0.914037
vn -0.444907 -0.089893 -0.891054
vn -0.444907 -0.089893 -0.891054
vn -0.444907 -0.089893 -0.891054
vn -0.444907 -0.089893 -0.891054
vn -0.898221 -0.304087 -0.317379
vn -0.898221 -0.304087 -0.317379
vn -0.898221 -0.304087 -0.317379
vn -0.898221 -0.304087 -0.317379
vn -0.862294 -0.347611 0.368261
vn -0.862294 -0.347611 0.368261
vn -0.862294 -0.347611 0.368261
vn -0.862294 -0.347611 0.368261
vn -0.350320 -0.204479 0.914037
vn -0.350320 -0.204479 0.914037
vn -0.350320 -0.204479 0.914037
vn -0.350320 -0.204479 0.914037
vn 0.444907 0.089893 0.891054
vn 0.444907 0.089893 0.891054
vn 0.444907 0.089893 0.891054
vn 0.444907 0.089893 0.891054
vn 0.898221 0.304087 0.317379
vn 0.898221 0.304087 0.317379
vn 0.898221 0.304087 0.317379
vn 0.898221 0.304087 0.317379
vn 0.862293 0.347611 -0.368262
vn 0.862293 0.347611 -0.368262
vn 0.862293 0.347611 -0.368262
vn 0.862293 0.347611 -0.368262
vn 0.350320 0.204479 -0.914037
vn 0.350320 0.204479 -0.914037
vn 0.350320 0.204479 -0.914037
vn 0.350320 0.204479 -0.914037
vn -0.444907 -0.089893 -0.891054
vn -0.444907 -0.089893 -0.891054
vn -0.444907 -0.089893 -0.891054
vn -0.444907 -0.089893 -0.891054
vn -0.898221 -0.304087 -0.317379
vn -0.898221 -0.304087 -0.317379
vn -0.898221 -0.304087 -0.317379
vn -0.898221 -0.304087 -0.317379
vn -0.862294 -0.347611 0.368261
vn -0.862294 -0.347611 0.368261
vn -0.862294 -0.347611 0.368261
vn -0.862294 -0.347611 0.368261
vn -0.350320 -0.204479 0.914037
vn -0.350320 -0.204479 0.914037
vn -0.350320 -0.204479 0.914037
vn -0.350320 -0.204479 0.914037
vn 0.444907 0.089893 0.891054
vn 0.444907 0.089893 0.891054
vn 0.444907 0.089893 0.891054
vn 0.444907 0.089893 0.891054
vn 0.898221 0.304087 0.317379
vn 0.898221 0.304087 0.317379
vn 0.898221 0.304087 0.317379
vn 0.898221 0.304087 0.317379
vn 0.862293 0.347611 -0.368262
vn 0.862293 0.347611 -0.368262
vn 0.862294 0.347611 -0.368261
vn 0.862294 0.347611 -0.368261
vn 0.350320 0.204479 -0.914037
vn 0.350320 0.204479 -0.914037
vn 0.350320 0.204479 -0.914037
vn 0.350320 0.204479 -0.914037
vn -0.444907 -0.089893 -0.891054
vn -0.444907 -0.089893 -0.891054
vn -0.444907 -0.089893 -0.891054
vn -0.444907 -0.089893 -0.891054
vn -0.898221 -0.304087 -0.317379
vn -0.898221 -0.304087 -0.317379
vn -0.898221 -0.304087 -0.317379
vn -0.898221 -0.304087 -0.317379
vn -0.862294 -0.347611 0.368261
vn -0.862294 -0.347611 0.368261
vn -0.862294 -0.347611 0.368261
vn -0.862294 -0.347611 0.368261
vn -0.350320 -0.204479 0.914037
vn -0.350320 -0.204479 0.914037
vn -0.350320 -0.204479 0.914037
vn -0.350320 -0.204479 0.914037
vn 0.444907 0.089893 0.891054
vn 0.444907 0.089893 0.891054
vn 0.444907 0.089893 0.891054
vn 0.444907 0.089893 0.891054
vn 0.898221 0.304087 0.317379
vn 0.898221 0.304087 0.317379
vn 0.898221 0.304087 0.317379
vn 0.898221 0.304087 0.317379
vn 0.862294 0.347611 -0.368261
vn 0.862294 0.347611 -0.368261
vn 0.862293 0.347611 -0.368262
vn 0.862293 0.347611 -0.368262
vn -0.344141 0.935720 0.077433
vn -0.344141 0.935720 0.077432
vn -0.344141 0.935720 0.077432
vn -0.344141 0.935720 0.077432
vn -0.344141 0.935720 0.077432
vn -0.344141 0.935720 0.077432
vn -0.344141 0.935720 0.077432
vn -0.344141 0.935720 0.077432
vn -0.344141 0.935720 0.077432
vn -0.344141 0.935720 0.077433
vn -0.344141 0.935720 0.077432
vn -0.344141 0.935720 0.077432
vn -0.344141 0.935720 0.077433
vn -0.344141 0.935720 0.077433
vn -0.344141 0.935720 0.077432
vn -0.344141 0.935720 0.077432
vn -0.344141 0.935720 0.077433
vn -0.344141 0.935720 0.077432
vn -0.344141 0.935720 0.077432
vn -0.344141 0.935720 0.077432
vn -0.344141 0.935720 0.077432
vn -0.344141 0.935720 0.077432
vn -0.344141 0.935720 0.077432
vn -0.344141 0.935720 0.077432
vn -0.344141 0.935720 0.077432
vn -0.344141 0.935720 0.077433
vn -0.344141 0.935720 0.077432
vn -0.344141 0.935720 0.077432
vn -0.344141 0.935720 0.077433
vn -0.344141 0.935720 0.077433
vn -0.344141 0.935720 0.077432
vn -0.344141 0.935720 0.077432
vn 0.344141 -0.935720 -0.077432
vn 0.344141 -0.935720 -0.077432
vn 0.344141 -0.935720 -0.077432
vn 0.344141 -0.935720 -0.077432
vn 0.344141 -0.935720 -0.077432
vn 0.344141 -0.935720 -0.077432
vn 0.344141 -0.935720 -0.077432
vn 0.344141 -0.935720 -0.077432
vn 0.344141 -0.935720 -0.077432
vn 0.344141 -0.935720 -0.077432
vn 0.344141 -0.935720 -0.077432
vn 0.344141 -0.935720 -0.077432
vn 0.344141 -0.935720 -0.077432
vn 0.344141 -0.935720 -0.077432
vn 0.344141 -0.935720 -0.077432
vn 0.344141 -0.935720 -0.077432
vn 0.344141 -0.935720 -0.077432
vn 0.344141 -0.935720 -0.077432
vn 0.344141 -0.935720 -0.077432
vn 0.344141 -0.935720 -0.077432
vn 0.344141 -0.935720 -0.077432
vn 0.344141 -0.935720 -0.077432
vn 0.344141 -0.935720 -0.077432
vn 0.344141 -0.935720 -0.077432
vn -0.344141 0.935720 0.077432
vn -0.344141 0.935720 0.077432
vn -0.344141 0.935720 0.077432
vn -0.344141 0.935720 0.077432
vn -0.344141 0.935720 0.077432
vn -0.344141 0.935720 0.077432
vn -0.344141 0.935720 0.077432
vn -0.344141 0.935720 0.077432
vn -0.344141 0.935720 0.077432
vn -0.344141 0.935720 0.077432
vn -0.344141 0.935720 0.077432
vn -0.344141 0.935720 0.077432
vn -0.344141 0.935720 0.077432
vn -0.344141 0.935720 0.077432
vn -0.344141 0.935720 0.077432
vn -0.344141 0.935720 0.077432
vn -0.344141 0.935720 0.077432
vn -0.344141 0.935720 0.077432
vn -0.344141 0.935720 0.077432
vn -0.344141 0.935720 0.077432
vn -0.344141 0.935720 0.077432
vn -0.344141 0.935720 0.077432
vn -0.344141 0.935720 0.077432
vn -0.344141 0.935720 0.077432
s off
g fl:flowerpasted__pasted__pCylinder5
usemtl standardSurface2SG
f 1185/2358/3780 1186/2359/3781 1194/2360/3782 1193/2361/3783
f 1186/2359/3784 1187/2362/3785 1195/2363/3786 1194/2360/3787
f 1187/2362/3788 1188/2364/3789 1196/2365/3790 1195/2363/3791
f 1188/2364/3792 1189/2366/3793 1197/2367/3794 1196/2365/3795
f 1189/2366/3796 1190/2368/3797 1198/2369/3798 1197/2367/3799
f 1190/2368/3800 1191/2370/3801 1199/2371/3802 1198/2369/3803
f 1191/2370/3804 1192/2372/3805 1200/2373/3806 1199/2371/3807
f 1192/2372/3808 1185/2358/3809 1193/2361/3810 1200/2373/3811
f 1193/2374/3812 1194/2375/3813 1202/2376/3814 1201/2377/3815
f 1194/2375/3816 1195/2378/3817 1203/2379/3818 1202/2376/3819
f 1195/2380/3820 1196/2381/3821 1204/2382/3822 1203/2383/3823
f 1196/2381/3824 1197/2384/3825 1205/2385/3826 1204/2382/3827
f 1197/2386/3828 1198/2387/3829 1206/2388/3830 1205/2389/3831
f 1198/2387/3832 1199/2390/3833 1207/2391/3834 1206/2388/3835
f 1199/2392/3836 1200/2393/3837 1208/2394/3838 1207/2395/3839
f 1200/2393/3840 1193/2396/3841 1201/2397/3842 1208/2394/3843
f 1201/2377/3844 1202/2376/3845 1210/2398/3846 1209/2399/3847
f 1202/2376/3848 1203/2379/3849 1211/2400/3850 1210/2398/3851
f 1203/2383/3852 1204/2382/3853 1212/2401/3854 1211/2402/3855
f 1204/2382/3856 1205/2385/3857 1213/2403/3858 1212/2401/3859
f 1205/2389/3860 1206/2388/3861 1214/2404/3862 1213/2405/3863
f 1206/2388/3864 1207/2391/3865 1215/2406/3866 1214/2404/3867
f 1207/2395/3868 1208/2394/3869 1216/2407/3870 1215/2408/3871
f 1208/2394/3872 1201/2397/3873 1209/2409/3874 1216/2407/3875
f 1209/2399/3876 1210/2398/3877 1218/2410/3878 1217/2411/3879
f 1210/2398/3880 1211/2400/3881 1219/2412/3882 1218/2410/3883
f 1211/2402/3884 1212/2401/3885 1220/2413/3886 1219/2414/3887
f 1212/2401/3888 1213/2403/3889 1221/2415/3890 1220/2413/3891
f 1213/2405/3892 1214/2404/3893 1222/2416/3894 1221/2417/3895
f 1214/2404/3896 1215/2406/3897 1223/2418/3898 1222/2416/3899
f 1215/2408/3900 1216/2407/3901 1224/2419/3902 1223/2420/3903
f 1216/2407/3904 1209/2409/3905 1217/2421/3906 1224/2419/3907
f 1217/2422/3908 1218/2423/3909 1226/2424/3910 1225/2425/3911
f 1218/2423/3912 1219/2426/3913 1227/2427/3914 1226/2424/3915
f 1219/2426/3916 1220/2428/3917 1228/2429/3918 1227/2427/3919
f 1220/2428/3920 1221/2430/3921 1229/2431/3922 1228/2429/3923
f 1221/2430/3924 1222/2432/3925 1230/2433/3926 1229/2431/3927
f 1222/2432/3928 1223/2434/3929 1231/2435/3930 1230/2433/3931
f 1223/2434/3932 1224/2436/3933 1232/2437/3934 1231/2435/3935
f 1224/2436/3936 1217/2422/3937 1225/2425/3938 1232/2437/3939
f 1186/2359/3940 1185/2358/3941 1233/2438/3942
f 1187/2362/3943 1186/2359/3944 1233/2438/3945
f 1188/2364/3946 1187/2362/3947 1233/2438/3948
f 1189/2366/3949 1188/2364/3950 1233/2438/3951
f 1190/2368/3952 1189/2366/3953 1233/2438/3954
f 1191/2370/3955 1190/2368/3956 1233/2438/3957
f 1192/2372/3958 1191/2370/3959 1233/2438/3960
f 1185/2358/3961 1192/2372/3962 1233/2438/3963
f 1225/2425/3964 1226/2424/3965 1234/2439/3966
f 1226/2424/3967 1227/2427/3968 1234/2439/3969
f 1227/2427/3970 1228/2429/3971 1234/2439/3972
f 1228/2429/3973 1229/2431/3974 1234/2439/3975
f 1229/2431/3976 1230/2433/3977 1234/2439/3978
f 1230/2433/3979 1231/2435/3980 1234/2439/3981
f 1231/2435/3982 1232/2437/3983 1234/2439/3984
f 1232/2437/3985 1225/2425/3986 1234/2439/3987
g default
v -4.604361 12.663018 0.906621
v -2.988514 12.819108 1.058918
v -4.763496 14.285530 0.932094
v -3.147649 14.441621 1.084390
v -4.580592 14.334727 -1.058918
v -2.964745 14.490818 -0.906621
v -4.421457 12.712215 -1.084390
v -2.805610 12.868305 -0.932094
vt 0.358848 0.891589
vt 0.404172 0.891589
vt 0.404172 0.936913
vt 0.358848 0.936913
vt 0.312711 0.891735
vt 0.358034 0.891735
vt 0.358034 0.937059
vt 0.312711 0.937059
vt 0.420365 0.932400
vt 0.420365 0.887076
vt 0.465689 0.887076
vt 0.465689 0.932400
vt 0.727950 0.890486
vt 0.773273 0.890486
vt 0.773273 0.935809
vt 0.727950 0.935809
vt 0.615169 0.927522
vt 0.656092 0.927522
vt 0.656092 0.968445
vt 0.615169 0.968445
vt 0.676686 0.925138
vt 0.717609 0.925138
vt 0.717609 0.966062
vt 0.676686 0.966062
vn -0.091452 -0.024598 0.995506
vn -0.091452 -0.024598 0.995506
vn -0.091452 -0.024598 0.995506
vn -0.091452 -0.024598 0.995506
vn -0.097599 0.995103 0.015623
vn -0.097599 0.995103 0.015623
vn -0.097599 0.995103 0.015623
vn -0.097599 0.995103 0.015623
vn 0.091452 0.024598 -0.995506
vn 0.091452 0.024598 -0.995506
vn 0.091452 0.024598 -0.995506
vn 0.091452 0.024598 -0.995506
vn 0.097599 -0.995103 -0.015623
vn 0.097599 -0.995103 -0.015623
vn 0.097599 -0.995103 -0.015623
vn 0.097599 -0.995103 -0.015623
vn 0.991015 0.095732 0.093405
vn 0.991015 0.095732 0.093405
vn 0.991015 0.095732 0.093405
vn 0.991015 0.095732 0.093405
vn -0.991015 -0.095732 -0.093405
vn -0.991015 -0.095732 -0.093405
vn -0.991015 -0.095732 -0.093405
vn -0.991015 -0.095732 -0.093405
s off
g BODY_ROBOT pasted__pCube7
f 1235/2456/3988 1236/2457/3989 1238/2458/3990 1237/2459/3991
f 1237/2448/3992 1238/2449/3993 1240/2450/3994 1239/2451/3995
f 1239/2460/3996 1240/2461/3997 1242/2462/3998 1241/2463/3999
f 1241/2452/4000 1242/2453/4001 1236/2454/4002 1235/2455/4003
f 1236/2440/4004 1242/2441/4005 1240/2442/4006 1238/2443/4007
f 1241/2444/4008 1235/2445/4009 1237/2446/4010 1239/2447/4011
g default
v -0.390557 5.119982 0.564131
v -0.421920 5.119271 0.498112
v -0.492699 5.120577 0.479912
v -0.561434 5.123134 0.520193
v -0.587860 5.125446 0.595358
v -0.556497 5.126157 0.661378
v -0.485717 5.124852 0.679578
v -0.416983 5.122294 0.639297
v -0.291905 5.117251 0.548518
v -0.354631 5.115828 0.416479
v -0.496190 5.118439 0.380079
v -0.633660 5.123555 0.460640
v -0.686512 5.128178 0.610972
v -0.623786 5.129601 0.743011
v -0.482226 5.126989 0.779411
v -0.344757 5.121874 0.698849
v -0.256472 6.583293 0.515888
v -0.319198 6.581871 0.383849
v -0.460757 6.584482 0.347449
v -0.598227 6.589597 0.428010
v -0.651078 6.594221 0.578342
v -0.588353 6.595643 0.710381
v -0.446793 6.593032 0.746781
v -0.309324 6.587917 0.666219
v -0.221039 8.049336 0.483258
v -0.283764 8.047913 0.351219
v -0.425324 8.050525 0.314819
v -0.562793 8.055640 0.395381
v -0.615645 8.060263 0.545712
v -0.552919 8.061686 0.677751
v -0.411360 8.059075 0.714151
v -0.273890 8.053959 0.633590
v -0.185605 9.515379 0.450628
v -0.248331 9.513956 0.318589
v -0.389891 9.516567 0.282189
v -0.527360 9.521683 0.362751
v -0.580212 9.526306 0.513082
v -0.517486 9.527729 0.645121
v -0.375927 9.525118 0.681521
v -0.238457 9.520002 0.600960
v -0.284257 9.518111 0.466242
v -0.315620 9.517399 0.400222
v -0.386400 9.518705 0.382022
v -0.455134 9.521263 0.422303
v -0.481560 9.523574 0.497469
v -0.450197 9.524286 0.563488
v -0.379418 9.522980 0.581688
v -0.310683 9.520422 0.541407
v -0.489208 5.122714 0.579745
v -0.382909 9.520843 0.481855
vt 0.235309 0.016362
vt 0.231602 0.025311
vt 0.218947 0.025311
vt 0.226360 0.007413
vt 0.235309 0.034259
vt 0.226360 0.043208
vt 0.244257 0.037966
vt 0.244257 0.050621
vt 0.253206 0.034259
vt 0.262155 0.043208
vt 0.256913 0.025311
vt 0.269568 0.025311
vt 0.253206 0.016362
vt 0.262155 0.007413
vt 0.244257 0.012655
vt 0.244257 0.000000
vt 0.121264 0.810207
vt 0.060632 0.810207
vt 0.060632 0.753043
vt 0.121264 0.753043
vt 0.000000 0.810207
vt 0.000000 0.753043
vt 0.661932 0.000012
vt 0.725248 0.000012
vt 0.725248 0.059707
vt 0.661932 0.059707
vt 0.788565 0.000012
vt 0.788565 0.059707
vt 0.667024 0.291146
vt 0.727656 0.291146
vt 0.727656 0.348310
vt 0.667024 0.348310
vt 0.788288 0.291146
vt 0.788288 0.348310
vt 0.585555 0.589152
vt 0.648872 0.589152
vt 0.648872 0.648847
vt 0.585555 0.648847
vt 0.712188 0.589152
vt 0.712188 0.648847
vt 0.060632 0.695878
vt 0.121264 0.695878
vt 0.000000 0.695878
vt 0.725248 0.119402
vt 0.661932 0.119402
vt 0.788565 0.119402
vt 0.727656 0.405474
vt 0.667024 0.405474
vt 0.788288 0.405474
vt 0.648872 0.708542
vt 0.585555 0.708542
vt 0.712188 0.708542
vt 0.060632 0.638714
vt 0.121264 0.638714
vt 0.000000 0.638714
vt 0.725248 0.179097
vt 0.661932 0.179097
vt 0.788565 0.179097
vt 0.727656 0.462639
vt 0.667024 0.462639
vt 0.788288 0.462639
vt 0.648872 0.768237
vt 0.585555 0.768237
vt 0.712188 0.768237
vt 0.659314 0.338884
vt 0.666727 0.356782
vt 0.654072 0.356782
vt 0.650365 0.347833
vt 0.659314 0.374679
vt 0.650365 0.365730
vt 0.641417 0.382092
vt 0.641417 0.369437
vt 0.623519 0.374679
vt 0.632468 0.365730
vt 0.616106 0.356782
vt 0.628762 0.356782
vt 0.623519 0.338884
vt 0.632468 0.347833
vt 0.641417 0.331471
vt 0.641417 0.344126
vt 0.244257 0.025311
vt 0.641417 0.356782
vn -0.024150 -0.999461 0.022238
vn -0.024150 -0.999461 0.022238
vn -0.024150 -0.999461 0.022238
vn -0.024150 -0.999461 0.022238
vn -0.024156 -0.999461 0.022245
vn -0.024157 -0.999461 0.022246
vn -0.024157 -0.999461 0.022246
vn -0.024156 -0.999461 0.022245
vn -0.024157 -0.999461 0.022246
vn -0.024157 -0.999461 0.022246
vn -0.024157 -0.999461 0.022246
vn -0.024157 -0.999461 0.022246
vn -0.024157 -0.999461 0.022246
vn -0.024156 -0.999461 0.022245
vn -0.024156 -0.999461 0.022245
vn -0.024157 -0.999461 0.022246
vn -0.024156 -0.999461 0.022245
vn -0.024156 -0.999461 0.022245
vn -0.024156 -0.999461 0.022245
vn -0.024156 -0.999461 0.022245
vn -0.024156 -0.999461 0.022245
vn -0.024156 -0.999461 0.022245
vn -0.024156 -0.999461 0.022245
vn -0.024156 -0.999461 0.022245
vn -0.024156 -0.999461 0.022245
vn -0.024156 -0.999461 0.022245
vn -0.024156 -0.999461 0.022245
vn -0.024156 -0.999461 0.022245
vn -0.024156 -0.999461 0.022245
vn -0.024156 -0.999461 0.022245
vn -0.024156 -0.999461 0.022245
vn -0.024156 -0.999461 0.022245
vn 0.902945 -0.031363 -0.428611
vn 0.902945 -0.031363 -0.428611
vn 0.902945 -0.031363 -0.428611
vn 0.902945 -0.031363 -0.428611
vn 0.248464 -0.027556 -0.968249
vn 0.248464 -0.027556 -0.968249
vn 0.248464 -0.027556 -0.968249
vn 0.248464 -0.027556 -0.968249
vn -0.505788 -0.006975 -0.862630
vn -0.505788 -0.006975 -0.862630
vn -0.505788 -0.006975 -0.862630
vn -0.505788 -0.006975 -0.862630
vn -0.943136 0.015404 -0.332051
vn -0.943136 0.015404 -0.332051
vn -0.943136 0.015404 -0.332051
vn -0.943136 0.015404 -0.332051
vn -0.902945 0.031363 0.428611
vn -0.902945 0.031363 0.428611
vn -0.902945 0.031363 0.428611
vn -0.902945 0.031363 0.428611
vn -0.248464 0.027556 0.968249
vn -0.248464 0.027556 0.968249
vn -0.248464 0.027556 0.968249
vn -0.248464 0.027556 0.968249
vn 0.505788 0.006975 0.862630
vn 0.505788 0.006975 0.862630
vn 0.505788 0.006975 0.862630
vn 0.505788 0.006975 0.862630
vn 0.943136 -0.015404 0.332050
vn 0.943136 -0.015404 0.332050
vn 0.943136 -0.015404 0.332050
vn 0.943136 -0.015404 0.332050
vn 0.902945 -0.031363 -0.428611
vn 0.902945 -0.031363 -0.428611
vn 0.902945 -0.031363 -0.428611
vn 0.902945 -0.031363 -0.428611
vn 0.248464 -0.027556 -0.968249
vn 0.248464 -0.027556 -0.968249
vn 0.248464 -0.027556 -0.968249
vn 0.248464 -0.027556 -0.968249
vn -0.505788 -0.006975 -0.862630
vn -0.505788 -0.006975 -0.862630
vn -0.505788 -0.006975 -0.862630
vn -0.505788 -0.006975 -0.862630
vn -0.943136 0.015404 -0.332051
vn -0.943136 0.015404 -0.332051
vn -0.943136 0.015404 -0.332051
vn -0.943136 0.015404 -0.332051
vn -0.902945 0.031363 0.428611
vn -0.902945 0.031363 0.428611
vn -0.902945 0.031363 0.428611
vn -0.902945 0.031363 0.428611
vn -0.248464 0.027556 0.968249
vn -0.248464 0.027556 0.968249
vn -0.248464 0.027556 0.968249
vn -0.248464 0.027556 0.968249
vn 0.505788 0.006975 0.862630
vn 0.505788 0.006975 0.862630
vn 0.505788 0.006975 0.862630
vn 0.505788 0.006975 0.862630
vn 0.943136 -0.015404 0.332050
vn 0.943136 -0.015404 0.332050
vn 0.943136 -0.015404 0.332050
vn 0.943136 -0.015404 0.332050
vn 0.902945 -0.031363 -0.428611
vn 0.902945 -0.031363 -0.428611
vn 0.902945 -0.031363 -0.428611
vn 0.902945 -0.031363 -0.428611
vn 0.248464 -0.027556 -0.968249
vn 0.248464 -0.027556 -0.968249
vn 0.248464 -0.027556 -0.968249
vn 0.248464 -0.027556 -0.968249
vn -0.505788 -0.006975 -0.862630
vn -0.505788 -0.006975 -0.862630
vn -0.505788 -0.006975 -0.862630
vn -0.505788 -0.006975 -0.862630
vn -0.943136 0.015404 -0.332051
vn -0.943136 0.015404 -0.332051
vn -0.943136 0.015404 -0.332051
vn -0.943136 0.015404 -0.332051
vn -0.902945 0.031363 0.428611
vn -0.902945 0.031363 0.428611
vn -0.902945 0.031363 0.428611
vn -0.902945 0.031363 0.428611
vn -0.248464 0.027556 0.968249
vn -0.248464 0.027556 0.968249
vn -0.248464 0.027556 0.968249
vn -0.248464 0.027556 0.968249
vn 0.505788 0.006975 0.862630
vn 0.505788 0.006975 0.862630
vn 0.505788 0.006975 0.862630
vn 0.505788 0.006975 0.862630
vn 0.943136 -0.015404 0.332050
vn 0.943136 -0.015404 0.332050
vn 0.943136 -0.015404 0.332050
vn 0.943136 -0.015404 0.332050
vn 0.024156 0.999461 -0.022245
vn 0.024156 0.999461 -0.022245
vn 0.024156 0.999461 -0.022245
vn 0.024156 0.999461 -0.022245
vn 0.024156 0.999461 -0.022245
vn 0.024156 0.999461 -0.022245
vn 0.024156 0.999461 -0.022245
vn 0.024156 0.999461 -0.022245
vn 0.024156 0.999461 -0.022245
vn 0.024156 0.999461 -0.022245
vn 0.024156 0.999461 -0.022245
vn 0.024156 0.999461 -0.022245
vn 0.024156 0.999461 -0.022245
vn 0.024156 0.999461 -0.022245
vn 0.024156 0.999461 -0.022245
vn 0.024156 0.999461 -0.022245
vn 0.024156 0.999461 -0.022245
vn 0.024156 0.999461 -0.022245
vn 0.024156 0.999461 -0.022245
vn 0.024156 0.999461 -0.022245
vn 0.024156 0.999461 -0.022245
vn 0.024156 0.999461 -0.022245
vn 0.024156 0.999461 -0.022245
vn 0.024156 0.999461 -0.022245
vn 0.024156 0.999461 -0.022245
vn 0.024156 0.999461 -0.022245
vn 0.024156 0.999461 -0.022245
vn 0.024156 0.999461 -0.022245
vn 0.024156 0.999461 -0.022245
vn 0.024156 0.999461 -0.022245
vn 0.024156 0.999461 -0.022245
vn 0.024156 0.999461 -0.022245
vn -0.024156 -0.999461 0.022245
vn -0.024156 -0.999461 0.022245
vn -0.024156 -0.999461 0.022245
vn -0.024157 -0.999461 0.022246
vn -0.024156 -0.999461 0.022245
vn -0.024156 -0.999461 0.022245
vn -0.024157 -0.999461 0.022246
vn -0.024157 -0.999461 0.022246
vn -0.024156 -0.999461 0.022245
vn -0.024156 -0.999461 0.022245
vn -0.024157 -0.999461 0.022246
vn -0.024156 -0.999461 0.022245
vn -0.024156 -0.999461 0.022245
vn -0.024156 -0.999461 0.022245
vn -0.024156 -0.999461 0.022245
vn -0.024156 -0.999461 0.022245
vn -0.024156 -0.999461 0.022245
vn -0.024156 -0.999461 0.022245
vn -0.024156 -0.999461 0.022245
vn -0.024156 -0.999461 0.022245
vn -0.024156 -0.999461 0.022245
vn -0.024156 -0.999461 0.022245
vn -0.024156 -0.999461 0.022245
vn -0.024156 -0.999461 0.022245
vn 0.024156 0.999461 -0.022245
vn 0.024156 0.999461 -0.022245
vn 0.024156 0.999461 -0.022245
vn 0.024156 0.999461 -0.022245
vn 0.024156 0.999461 -0.022245
vn 0.024156 0.999461 -0.022245
vn 0.024156 0.999461 -0.022245
vn 0.024156 0.999461 -0.022245
vn 0.024156 0.999461 -0.022245
vn 0.024156 0.999461 -0.022245
vn 0.024156 0.999461 -0.022245
vn 0.024156 0.999461 -0.022245
vn 0.024156 0.999461 -0.022245
vn 0.024156 0.999461 -0.022245
vn 0.024156 0.999461 -0.022245
vn 0.024156 0.999461 -0.022245
vn 0.024156 0.999461 -0.022245
vn 0.024156 0.999461 -0.022245
vn 0.024156 0.999461 -0.022245
vn 0.024156 0.999461 -0.022245
vn 0.024156 0.999461 -0.022245
vn 0.024156 0.999461 -0.022245
vn 0.024156 0.999461 -0.022245
vn 0.024156 0.999461 -0.022245
s off
g fl:flowerpasted__pasted__pasted__pCylinder3
usemtl fl:standardSurface6SG
f 1243/2464/4012 1244/2465/4013 1252/2466/4014 1251/2467/4015
f 1244/2465/4016 1245/2468/4017 1253/2469/4018 1252/2466/4019
f 1245/2468/4020 1246/2470/4021 1254/2471/4022 1253/2469/4023
f 1246/2470/4024 1247/2472/4025 1255/2473/4026 1254/2471/4027
f 1247/2472/4028 1248/2474/4029 1256/2475/4030 1255/2473/4031
f 1248/2474/4032 1249/2476/4033 1257/2477/4034 1256/2475/4035
f 1249/2476/4036 1250/2478/4037 1258/2479/4038 1257/2477/4039
f 1250/2478/4040 1243/2464/4041 1251/2467/4042 1258/2479/4043
f 1251/2480/4044 1252/2481/4045 1260/2482/4046 1259/2483/4047
f 1252/2481/4048 1253/2484/4049 1261/2485/4050 1260/2482/4051
f 1253/2486/4052 1254/2487/4053 1262/2488/4054 1261/2489/4055
f 1254/2487/4056 1255/2490/4057 1263/2491/4058 1262/2488/4059
f 1255/2492/4060 1256/2493/4061 1264/2494/4062 1263/2495/4063
f 1256/2493/4064 1257/2496/4065 1265/2497/4066 1264/2494/4067
f 1257/2498/4068 1258/2499/4069 1266/2500/4070 1265/2501/4071
f 1258/2499/4072 1251/2502/4073 1259/2503/4074 1266/2500/4075
f 1259/2483/4076 1260/2482/4077 1268/2504/4078 1267/2505/4079
f 1260/2482/4080 1261/2485/4081 1269/2506/4082 1268/2504/4083
f 1261/2489/4084 1262/2488/4085 1270/2507/4086 1269/2508/4087
f 1262/2488/4088 1263/2491/4089 1271/2509/4090 1270/2507/4091
f 1263/2495/4092 1264/2494/4093 1272/2510/4094 1271/2511/4095
f 1264/2494/4096 1265/2497/4097 1273/2512/4098 1272/2510/4099
f 1265/2501/4100 1266/2500/4101 1274/2513/4102 1273/2514/4103
f 1266/2500/4104 1259/2503/4105 1267/2515/4106 1274/2513/4107
f 1267/2505/4108 1268/2504/4109 1276/2516/4110 1275/2517/4111
f 1268/2504/4112 1269/2506/4113 1277/2518/4114 1276/2516/4115
f 1269/2508/4116 1270/2507/4117 1278/2519/4118 1277/2520/4119
f 1270/2507/4120 1271/2509/4121 1279/2521/4122 1278/2519/4123
f 1271/2511/4124 1272/2510/4125 1280/2522/4126 1279/2523/4127
f 1272/2510/4128 1273/2512/4129 1281/2524/4130 1280/2522/4131
f 1273/2514/4132 1274/2513/4133 1282/2525/4134 1281/2526/4135
f 1274/2513/4136 1267/2515/4137 1275/2527/4138 1282/2525/4139
f 1275/2528/4140 1276/2529/4141 1284/2530/4142 1283/2531/4143
f 1276/2529/4144 1277/2532/4145 1285/2533/4146 1284/2530/4147
f 1277/2532/4148 1278/2534/4149 1286/2535/4150 1285/2533/4151
f 1278/2534/4152 1279/2536/4153 1287/2537/4154 1286/2535/4155
f 1279/2536/4156 1280/2538/4157 1288/2539/4158 1287/2537/4159
f 1280/2538/4160 1281/2540/4161 1289/2541/4162 1288/2539/4163
f 1281/2540/4164 1282/2542/4165 1290/2543/4166 1289/2541/4167
f 1282/2542/4168 1275/2528/4169 1283/2531/4170 1290/2543/4171
f 1244/2465/4172 1243/2464/4173 1291/2544/4174
f 1245/2468/4175 1244/2465/4176 1291/2544/4177
f 1246/2470/4178 1245/2468/4179 1291/2544/4180
f 1247/2472/4181 1246/2470/4182 1291/2544/4183
f 1248/2474/4184 1247/2472/4185 1291/2544/4186
f 1249/2476/4187 1248/2474/4188 1291/2544/4189
f 1250/2478/4190 1249/2476/4191 1291/2544/4192
f 1243/2464/4193 1250/2478/4194 1291/2544/4195
f 1283/2531/4196 1284/2530/4197 1292/2545/4198
f 1284/2530/4199 1285/2533/4200 1292/2545/4201
f 1285/2533/4202 1286/2535/4203 1292/2545/4204
f 1286/2535/4205 1287/2537/4206 1292/2545/4207
f 1287/2537/4208 1288/2539/4209 1292/2545/4210
f 1288/2539/4211 1289/2541/4212 1292/2545/4213
f 1289/2541/4214 1290/2543/4215 1292/2545/4216
f 1290/2543/4217 1283/2531/4218 1292/2545/4219
g default
v -1.502179 14.360108 0.637710
v -1.568564 14.341024 0.622149
v -1.621574 14.319455 0.666520
v -1.630155 14.308035 0.744832
v -1.589282 14.313455 0.811209
v -1.522898 14.332539 0.826770
v -1.469888 14.354109 0.782399
v -1.461307 14.365528 0.704087
v -1.458628 14.383434 0.550960
v -1.591397 14.345266 0.519839
v -1.697416 14.302128 0.608581
v -1.714580 14.279289 0.765204
v -1.632834 14.290129 0.897959
v -1.500065 14.328297 0.929080
v -1.394046 14.371436 0.840338
v -1.376882 14.394274 0.683715
v -1.726021 14.727708 0.539052
v -1.858791 14.689539 0.507931
v -1.964810 14.646401 0.596674
v -1.981973 14.623562 0.753296
v -1.900227 14.634402 0.886051
v -1.767458 14.672570 0.917173
v -1.661439 14.715709 0.828430
v -1.644276 14.738547 0.671807
v -1.993415 15.071981 0.527144
v -2.126184 15.033813 0.496023
v -2.232203 14.990674 0.584766
v -2.249367 14.967836 0.741389
v -2.167621 14.978675 0.874144
v -2.034852 15.016844 0.905265
v -1.928833 15.059982 0.816522
v -1.911669 15.082821 0.659899
v -2.260808 15.416254 0.515237
v -2.393578 15.378086 0.484115
v -2.499597 15.334947 0.572858
v -2.516760 15.312109 0.729481
v -2.435014 15.322949 0.862236
v -2.302245 15.361117 0.893357
v -2.196226 15.404255 0.804614
v -2.179063 15.427094 0.647992
v -2.304360 15.392928 0.601986
v -2.370745 15.373844 0.586426
v -2.423754 15.352274 0.630797
v -2.432336 15.340855 0.709108
v -2.391463 15.346275 0.775486
v -2.325078 15.365359 0.791047
v -2.272069 15.386928 0.746675
v -2.263487 15.398348 0.668364
v -1.545731 14.336782 0.724460
v -2.347911 15.369601 0.688736
vt 0.123027 0.323750
vt 0.119380 0.332556
vt 0.106928 0.332556
vt 0.114222 0.314945
vt 0.123027 0.341361
vt 0.114222 0.350166
vt 0.131833 0.345008
vt 0.131833 0.357461
vt 0.140638 0.341361
vt 0.149443 0.350166
vt 0.144285 0.332556
vt 0.156738 0.332556
vt 0.140638 0.323750
vt 0.149443 0.314945
vt 0.131833 0.320103
vt 0.131833 0.307651
vt 0.980489 0.794486
vt 0.948505 0.794486
vt 0.948505 0.764332
vt 0.980489 0.764332
vt 0.916522 0.794486
vt 0.916522 0.764332
vt 0.916522 0.517529
vt 0.950473 0.517529
vt 0.950473 0.549539
vt 0.916522 0.549539
vt 0.984425 0.517529
vt 0.984425 0.549539
vt 0.916522 0.613559
vt 0.948505 0.613559
vt 0.948505 0.643714
vt 0.916522 0.643714
vt 0.980489 0.613559
vt 0.980489 0.643714
vt 0.178213 0.482633
vt 0.212164 0.482633
vt 0.212164 0.514643
vt 0.178213 0.514643
vt 0.246116 0.482633
vt 0.246116 0.514643
vt 0.948505 0.734177
vt 0.980489 0.734177
vt 0.916522 0.734177
vt 0.950473 0.581549
vt 0.916522 0.581549
vt 0.984425 0.581549
vt 0.948505 0.673868
vt 0.916522 0.673868
vt 0.980489 0.673868
vt 0.212164 0.546653
vt 0.178213 0.546653
vt 0.246116 0.546653
vt 0.948505 0.704023
vt 0.980489 0.704023
vt 0.916522 0.704023
vt 0.950473 0.613559
vt 0.916522 0.613559
vt 0.984425 0.613559
vt 0.948505 0.704023
vt 0.916522 0.704023
vt 0.980489 0.704023
vt 0.212164 0.578663
vt 0.178213 0.578663
vt 0.246116 0.578663
vt 0.602612 0.339066
vt 0.609907 0.356676
vt 0.597454 0.356676
vt 0.593807 0.347871
vt 0.602612 0.374287
vt 0.593807 0.365481
vt 0.585002 0.381581
vt 0.585002 0.369129
vt 0.567391 0.374287
vt 0.576196 0.365481
vt 0.560097 0.356676
vt 0.572549 0.356676
vt 0.567391 0.339066
vt 0.576196 0.347871
vt 0.585002 0.331771
vt 0.585002 0.344224
vt 0.131833 0.332556
vt 0.585002 0.356676
vn 0.297552 -0.948832 -0.105743
vn 0.297552 -0.948832 -0.105743
vn 0.297552 -0.948831 -0.105743
vn 0.297552 -0.948832 -0.105743
vn 0.297556 -0.948829 -0.105750
vn 0.297556 -0.948829 -0.105750
vn 0.297556 -0.948829 -0.105750
vn 0.297556 -0.948829 -0.105750
vn 0.297556 -0.948829 -0.105750
vn 0.297556 -0.948829 -0.105750
vn 0.297556 -0.948829 -0.105750
vn 0.297556 -0.948829 -0.105750
vn 0.297556 -0.948829 -0.105750
vn 0.297556 -0.948829 -0.105750
vn 0.297556 -0.948829 -0.105750
vn 0.297556 -0.948829 -0.105750
vn 0.297556 -0.948829 -0.105750
vn 0.297556 -0.948829 -0.105750
vn 0.297556 -0.948829 -0.105750
vn 0.297556 -0.948829 -0.105750
vn 0.297556 -0.948829 -0.105750
vn 0.297556 -0.948829 -0.105750
vn 0.297556 -0.948829 -0.105750
vn 0.297556 -0.948829 -0.105750
vn 0.297556 -0.948829 -0.105750
vn 0.297556 -0.948829 -0.105750
vn 0.297556 -0.948829 -0.105750
vn 0.297556 -0.948829 -0.105750
vn 0.297556 -0.948829 -0.105750
vn 0.297556 -0.948829 -0.105750
vn 0.297556 -0.948829 -0.105750
vn 0.297556 -0.948829 -0.105750
vn 0.194521 0.117399 -0.973848
vn 0.194521 0.117399 -0.973848
vn 0.194521 0.117399 -0.973848
vn 0.194521 0.117399 -0.973848
vn -0.485106 -0.403608 -0.775740
vn -0.485106 -0.403608 -0.775740
vn -0.485106 -0.403608 -0.775740
vn -0.485106 -0.403608 -0.775740
vn -0.774867 -0.607834 -0.173548
vn -0.774867 -0.607834 -0.173548
vn -0.774867 -0.607834 -0.173548
vn -0.774867 -0.607834 -0.173548
vn -0.702538 -0.529196 0.475807
vn -0.702538 -0.529196 0.475807
vn -0.702538 -0.529196 0.475807
vn -0.702538 -0.529196 0.475807
vn -0.194521 -0.117399 0.973848
vn -0.194521 -0.117399 0.973848
vn -0.194521 -0.117399 0.973848
vn -0.194521 -0.117399 0.973848
vn 0.485106 0.403608 0.775740
vn 0.485106 0.403608 0.775740
vn 0.485106 0.403608 0.775740
vn 0.485106 0.403608 0.775740
vn 0.774867 0.607834 0.173548
vn 0.774867 0.607834 0.173548
vn 0.774867 0.607834 0.173548
vn 0.774867 0.607834 0.173548
vn 0.702537 0.529196 -0.475807
vn 0.702537 0.529196 -0.475807
vn 0.702537 0.529196 -0.475807
vn 0.702537 0.529196 -0.475807
vn 0.194521 0.117399 -0.973848
vn 0.194521 0.117399 -0.973848
vn 0.194521 0.117399 -0.973848
vn 0.194521 0.117399 -0.973848
vn -0.485106 -0.403608 -0.775740
vn -0.485106 -0.403608 -0.775740
vn -0.485106 -0.403608 -0.775740
vn -0.485106 -0.403608 -0.775740
vn -0.774867 -0.607834 -0.173548
vn -0.774867 -0.607834 -0.173548
vn -0.774867 -0.607834 -0.173548
vn -0.774867 -0.607834 -0.173548
vn -0.702538 -0.529196 0.475807
vn -0.702538 -0.529196 0.475807
vn -0.702538 -0.529196 0.475807
vn -0.702538 -0.529196 0.475807
vn -0.194521 -0.117399 0.973848
vn -0.194521 -0.117399 0.973848
vn -0.194521 -0.117399 0.973848
vn -0.194521 -0.117399 0.973848
vn 0.485106 0.403608 0.775740
vn 0.485106 0.403608 0.775740
vn 0.485106 0.403608 0.775740
vn 0.485106 0.403608 0.775740
vn 0.774867 0.607834 0.173548
vn 0.774867 0.607834 0.173548
vn 0.774867 0.607834 0.173548
vn 0.774867 0.607834 0.173548
vn 0.702537 0.529196 -0.475807
vn 0.702537 0.529196 -0.475807
vn 0.702538 0.529196 -0.475807
vn 0.702538 0.529196 -0.475807
vn 0.194521 0.117399 -0.973848
vn 0.194521 0.117399 -0.973848
vn 0.194521 0.117399 -0.973848
vn 0.194521 0.117399 -0.973848
vn -0.485106 -0.403608 -0.775740
vn -0.485106 -0.403608 -0.775740
vn -0.485106 -0.403608 -0.775740
vn -0.485106 -0.403608 -0.775740
vn -0.774867 -0.607834 -0.173548
vn -0.774867 -0.607834 -0.173548
vn -0.774867 -0.607834 -0.173548
vn -0.774867 -0.607834 -0.173548
vn -0.702538 -0.529196 0.475807
vn -0.702538 -0.529196 0.475807
vn -0.702538 -0.529196 0.475807
vn -0.702538 -0.529196 0.475807
vn -0.194521 -0.117399 0.973848
vn -0.194521 -0.117399 0.973848
vn -0.194521 -0.117399 0.973848
vn -0.194521 -0.117399 0.973848
vn 0.485106 0.403608 0.775740
vn 0.485106 0.403608 0.775740
vn 0.485106 0.403608 0.775740
vn 0.485106 0.403608 0.775740
vn 0.774867 0.607834 0.173548
vn 0.774867 0.607834 0.173548
vn 0.774867 0.607834 0.173548
vn 0.774867 0.607834 0.173548
vn 0.702538 0.529196 -0.475807
vn 0.702538 0.529196 -0.475807
vn 0.702537 0.529196 -0.475807
vn 0.702537 0.529196 -0.475807
vn -0.297556 0.948829 0.105750
vn -0.297556 0.948829 0.105750
vn -0.297556 0.948829 0.105750
vn -0.297556 0.948829 0.105750
vn -0.297556 0.948829 0.105750
vn -0.297556 0.948829 0.105750
vn -0.297556 0.948829 0.105750
vn -0.297556 0.948829 0.105750
vn -0.297556 0.948829 0.105750
vn -0.297556 0.948829 0.105750
vn -0.297556 0.948829 0.105750
vn -0.297556 0.948829 0.105750
vn -0.297556 0.948829 0.105750
vn -0.297556 0.948829 0.105750
vn -0.297556 0.948829 0.105750
vn -0.297556 0.948829 0.105750
vn -0.297556 0.948829 0.105750
vn -0.297556 0.948829 0.105750
vn -0.297556 0.948829 0.105750
vn -0.297556 0.948829 0.105750
vn -0.297556 0.948829 0.105750
vn -0.297556 0.948829 0.105750
vn -0.297556 0.948829 0.105750
vn -0.297556 0.948829 0.105750
vn -0.297556 0.948829 0.105750
vn -0.297556 0.948829 0.105750
vn -0.297556 0.948829 0.105750
vn -0.297556 0.948829 0.105750
vn -0.297556 0.948829 0.105750
vn -0.297556 0.948829 0.105750
vn -0.297556 0.948829 0.105750
vn -0.297556 0.948829 0.105750
vn 0.297556 -0.948829 -0.105750
vn 0.297556 -0.948829 -0.105750
vn 0.297556 -0.948829 -0.105750
vn 0.297556 -0.948829 -0.105750
vn 0.297556 -0.948829 -0.105750
vn 0.297556 -0.948829 -0.105750
vn 0.297556 -0.948829 -0.105750
vn 0.297556 -0.948829 -0.105750
vn 0.297556 -0.948829 -0.105750
vn 0.297556 -0.948829 -0.105750
vn 0.297556 -0.948829 -0.105750
vn 0.297556 -0.948829 -0.105750
vn 0.297556 -0.948829 -0.105750
vn 0.297556 -0.948829 -0.105750
vn 0.297556 -0.948829 -0.105750
vn 0.297556 -0.948829 -0.105750
vn 0.297556 -0.948829 -0.105750
vn 0.297556 -0.948829 -0.105750
vn 0.297556 -0.948829 -0.105750
vn 0.297556 -0.948829 -0.105750
vn 0.297556 -0.948829 -0.105750
vn 0.297556 -0.948829 -0.105750
vn 0.297556 -0.948829 -0.105750
vn 0.297556 -0.948829 -0.105750
vn -0.297556 0.948829 0.105750
vn -0.297556 0.948829 0.105750
vn -0.297556 0.948829 0.105750
vn -0.297556 0.948829 0.105750
vn -0.297556 0.948829 0.105750
vn -0.297556 0.948829 0.105750
vn -0.297556 0.948829 0.105750
vn -0.297556 0.948829 0.105750
vn -0.297556 0.948829 0.105750
vn -0.297556 0.948829 0.105750
vn -0.297556 0.948829 0.105750
vn -0.297556 0.948829 0.105750
vn -0.297556 0.948829 0.105750
vn -0.297556 0.948829 0.105750
vn -0.297556 0.948829 0.105750
vn -0.297556 0.948829 0.105750
vn -0.297556 0.948829 0.105750
vn -0.297556 0.948829 0.105750
vn -0.297556 0.948829 0.105750
vn -0.297556 0.948829 0.105750
vn -0.297556 0.948829 0.105750
vn -0.297556 0.948829 0.105750
vn -0.297556 0.948829 0.105750
vn -0.297556 0.948829 0.105750
s off
g fl:flowerpasted__pasted__pCylinder4
usemtl standardSurface2SG
f 1293/2546/4220 1294/2547/4221 1302/2548/4222 1301/2549/4223
f 1294/2547/4224 1295/2550/4225 1303/2551/4226 1302/2548/4227
f 1295/2550/4228 1296/2552/4229 1304/2553/4230 1303/2551/4231
f 1296/2552/4232 1297/2554/4233 1305/2555/4234 1304/2553/4235
f 1297/2554/4236 1298/2556/4237 1306/2557/4238 1305/2555/4239
f 1298/2556/4240 1299/2558/4241 1307/2559/4242 1306/2557/4243
f 1299/2558/4244 1300/2560/4245 1308/2561/4246 1307/2559/4247
f 1300/2560/4248 1293/2546/4249 1301/2549/4250 1308/2561/4251
f 1301/2562/4252 1302/2563/4253 1310/2564/4254 1309/2565/4255
f 1302/2563/4256 1303/2566/4257 1311/2567/4258 1310/2564/4259
f 1303/2568/4260 1304/2569/4261 1312/2570/4262 1311/2571/4263
f 1304/2569/4264 1305/2572/4265 1313/2573/4266 1312/2570/4267
f 1305/2574/4268 1306/2575/4269 1314/2576/4270 1313/2577/4271
f 1306/2575/4272 1307/2578/4273 1315/2579/4274 1314/2576/4275
f 1307/2580/4276 1308/2581/4277 1316/2582/4278 1315/2583/4279
f 1308/2581/4280 1301/2584/4281 1309/2585/4282 1316/2582/4283
f 1309/2565/4284 1310/2564/4285 1318/2586/4286 1317/2587/4287
f 1310/2564/4288 1311/2567/4289 1319/2588/4290 1318/2586/4291
f 1311/2571/4292 1312/2570/4293 1320/2589/4294 1319/2590/4295
f 1312/2570/4296 1313/2573/4297 1321/2591/4298 1320/2589/4299
f 1313/2577/4300 1314/2576/4301 1322/2592/4302 1321/2593/4303
f 1314/2576/4304 1315/2579/4305 1323/2594/4306 1322/2592/4307
f 1315/2583/4308 1316/2582/4309 1324/2595/4310 1323/2596/4311
f 1316/2582/4312 1309/2585/4313 1317/2597/4314 1324/2595/4315
f 1317/2587/4316 1318/2586/4317 1326/2598/4318 1325/2599/4319
f 1318/2586/4320 1319/2588/4321 1327/2600/4322 1326/2598/4323
f 1319/2590/4324 1320/2589/4325 1328/2601/4326 1327/2602/4327
f 1320/2589/4328 1321/2591/4329 1329/2603/4330 1328/2601/4331
f 1321/2593/4332 1322/2592/4333 1330/2604/4334 1329/2605/4335
f 1322/2592/4336 1323/2594/4337 1331/2606/4338 1330/2604/4339
f 1323/2596/4340 1324/2595/4341 1332/2607/4342 1331/2608/4343
f 1324/2595/4344 1317/2597/4345 1325/2609/4346 1332/2607/4347
f 1325/2610/4348 1326/2611/4349 1334/2612/4350 1333/2613/4351
f 1326/2611/4352 1327/2614/4353 1335/2615/4354 1334/2612/4355
f 1327/2614/4356 1328/2616/4357 1336/2617/4358 1335/2615/4359
f 1328/2616/4360 1329/2618/4361 1337/2619/4362 1336/2617/4363
f 1329/2618/4364 1330/2620/4365 1338/2621/4366 1337/2619/4367
f 1330/2620/4368 1331/2622/4369 1339/2623/4370 1338/2621/4371
f 1331/2622/4372 1332/2624/4373 1340/2625/4374 1339/2623/4375
f 1332/2624/4376 1325/2610/4377 1333/2613/4378 1340/2625/4379
f 1294/2547/4380 1293/2546/4381 1341/2626/4382
f 1295/2550/4383 1294/2547/4384 1341/2626/4385
f 1296/2552/4386 1295/2550/4387 1341/2626/4388
f 1297/2554/4389 1296/2552/4390 1341/2626/4391
f 1298/2556/4392 1297/2554/4393 1341/2626/4394
f 1299/2558/4395 1298/2556/4396 1341/2626/4397
f 1300/2560/4398 1299/2558/4399 1341/2626/4400
f 1293/2546/4401 1300/2560/4402 1341/2626/4403
f 1333/2613/4404 1334/2612/4405 1342/2627/4406
f 1334/2612/4407 1335/2615/4408 1342/2627/4409
f 1335/2615/4410 1336/2617/4411 1342/2627/4412
f 1336/2617/4413 1337/2619/4414 1342/2627/4415
f 1337/2619/4416 1338/2621/4417 1342/2627/4418
f 1338/2621/4419 1339/2623/4420 1342/2627/4421
f 1339/2623/4422 1340/2625/4423 1342/2627/4424
f 1340/2625/4425 1333/2613/4426 1342/2627/4427
g default
v -4.785555 9.953676 2.473440
v -5.000000 7.668371 2.473440
v -4.785555 7.668371 4.734239
v -2.500250 7.668371 4.946384
v -2.500250 9.953676 4.734239
v -2.500250 10.168121 2.473440
v 4.785555 9.953676 2.473440
v 2.500250 10.168121 2.473440
v 2.500250 9.953676 4.734239
v 2.500250 7.668371 4.946384
v 4.785555 7.668371 4.734239
v 5.000000 7.668371 2.473440
v -4.785555 7.668371 -4.734239
v -5.000000 7.668371 -2.473440
v -4.785555 9.953676 -2.473440
v -2.500250 10.168121 -2.473440
v -2.500250 9.953676 -4.734239
v -2.500250 7.668371 -4.946384
v 4.785555 7.668371 -4.734239
v 2.500250 7.668371 -4.946384
v 2.500250 9.953676 -4.734239
v 2.500250 10.168121 -2.473440
v 4.785555 9.953676 -2.473440
v 5.000000 7.668371 -2.473440
v -5.000000 2.168121 2.473440
v -2.500250 2.168121 4.946384
v -4.785555 2.168121 4.734239
v 5.000000 2.168121 2.473440
v 4.785555 2.168121 4.734239
v 2.500250 2.168121 4.946384
v -5.000000 2.168121 -2.473440
v -4.785555 2.168121 -4.734239
v -2.500250 2.168121 -4.946384
v 5.000000 2.168121 -2.473440
v 2.500250 2.168121 -4.946384
v 4.785555 2.168121 -4.734239
v -4.686039 9.854160 4.635790
v 4.686039 9.854160 4.635790
v -4.686039 9.854160 -4.635790
v 4.686039 9.854160 -4.635790
v -4.785555 6.442849 -4.734239
v -2.500250 6.465015 -4.946384
v 2.500250 6.475719 -4.946384
v 4.785555 6.463332 -4.734239
v 0.000000 2.168121 4.946384
v 0.000000 7.668371 4.946384
v 0.000000 9.953676 4.734239
v 0.000000 10.168121 2.473440
v 0.000000 10.168121 -2.473440
v 0.000000 9.953676 -4.734239
v 0.000000 7.668371 -4.946384
v 0.000000 6.470367 -4.946384
v 0.000000 2.168121 -4.946384
v 1.257231 10.168121 2.473440
v 1.257231 9.953676 4.734239
v 1.257231 7.668371 4.946384
v 1.257231 2.168121 4.946384
v 1.257231 2.168121 -4.946384
v 1.257231 6.473058 -4.946384
v 1.257231 7.668371 -4.946384
v 1.257231 9.953676 -4.734239
v 1.257231 10.168121 -2.473440
v -1.257231 10.168121 2.473440
v -1.257231 9.953676 4.734239
v -1.257231 7.668371 4.946384
v -1.257231 2.168121 4.946384
v -1.257231 2.168121 -4.946384
v -1.257231 6.467676 -4.946384
v -1.257231 7.668371 -4.946384
v -1.257231 9.953676 -4.734239
v -1.257231 10.168121 -2.473440
v 1.257231 6.473058 -4.946384
v 1.257231 7.668371 -4.946384
v 2.500250 7.668371 -4.946384
v 2.500250 6.475719 -4.946384
v -1.257231 7.668371 -4.946384
v -2.500250 7.668371 -4.946384
v -1.257231 6.467676 -4.946384
v -2.500250 6.465015 -4.946384
v 1.257231 6.473058 -4.664906
v 1.257231 7.668371 -4.664906
v 2.500250 7.668371 -4.664906
v 2.500250 6.475719 -4.664906
v -1.257231 7.668371 -4.664906
v -2.500250 7.668371 -4.664906
v -1.257231 6.467676 -4.664906
v -2.500250 6.465015 -4.664906
v -4.785555 3.450539 -4.734239
v -2.500250 3.457189 -4.946384
v -1.257231 3.457987 -4.946384
v 0.000000 3.458795 -4.946384
v 1.257231 3.459602 -4.946384
v 2.500250 3.460400 -4.946384
v 4.785555 3.456684 -4.734239
v -4.785555 4.348232 -4.734239
v -2.500250 4.359537 -4.946384
v -1.257231 4.360894 -4.946384
v 0.000000 4.362267 -4.946384
v 1.257231 4.363639 -4.946384
v 2.500250 4.364996 -4.946384
v 4.785555 4.358678 -4.734239
v -2.500250 4.359537 -4.516166
v -1.257231 4.360894 -4.516166
v -1.257231 3.457987 -4.516166
v -2.500250 3.457189 -4.516166
v -0.000000 3.458795 -4.516166
v -0.000000 4.362267 -4.516166
v 1.257231 3.459602 -4.516166
v 1.257231 4.363639 -4.516166
v 2.500250 3.460400 -4.516166
v 2.500250 4.364996 -4.516166
v -5.000000 2.168121 -1.484064
v -5.000000 7.668371 -1.484064
v -4.785555 9.953676 -1.484064
v -2.500250 10.168121 -1.484064
v -1.257231 10.168121 -1.484064
v 0.000000 10.168121 -1.484064
v 1.257231 10.168121 -1.484064
v 2.500250 10.168121 -1.484064
v 4.785555 9.953676 -1.484064
v 5.000000 7.668371 -1.484064
v 5.000000 2.168121 -1.484064
v 5.000000 2.168121 -0.692563
v 5.000000 7.668371 -0.692563
v 4.785555 9.953676 -0.692563
v 2.500250 10.168121 -0.692563
v 1.257231 10.168121 -0.692563
v -1.257231 10.168121 -0.692563
v -2.500250 10.168121 -0.692563
v -4.785555 9.953676 -0.692563
v -5.000000 7.668371 -0.692563
v -5.000000 2.168121 -0.692563
v -1.257231 9.215522 -2.473440
v -1.257231 9.215522 -1.484064
v -0.000000 9.215522 -1.484064
v -0.000000 9.215522 -2.473440
v -1.257231 9.215522 2.473440
v -2.500250 9.215522 2.473440
v -1.257231 9.215522 -0.692563
v -2.500250 9.215522 -0.692563
v 0.000000 9.215523 -0.692563
v 0.000000 9.215522 2.473440
v 1.257231 9.215522 -0.692563
v 1.257231 9.215522 2.473440
v 2.500250 9.215522 -0.692563
v 2.500250 9.215522 2.473440
v 1.257231 9.215522 -1.484064
v 0.000000 8.588166 -0.692563
v -1.257231 8.588165 -0.692563
v -1.257231 8.588165 2.473440
v 0.000000 8.588165 2.473440
v 1.257231 8.588165 -0.692563
v 1.257231 8.588165 2.473440
v 1.257231 2.168121 4.946384
v 1.257231 2.168121 -4.946384
v 0.000000 2.168121 4.946384
v 0.000000 2.168121 -4.946384
v 0.000000 8.588166 -0.692563
v -1.257231 8.588165 -0.692563
v -1.257231 8.588165 2.473440
v 0.000000 8.588165 2.473440
v 0.000000 7.852605 -0.692563
v -1.257230 7.852604 -0.692563
v -1.257230 7.852604 2.473440
v 0.000000 7.852604 2.473440
v 5.000000 2.168121 1.207039
v 5.000000 7.668371 1.207039
v 4.785555 9.953676 1.207039
v 2.500250 10.168121 1.207039
v 2.500250 9.215522 1.207039
v 1.257231 9.215522 1.207039
v 1.257231 8.588165 1.207039
v 0.000000 8.588166 1.207039
v 0.000000 7.852605 1.207038
v -1.257230 7.852604 1.207039
v -1.257231 8.588165 1.207039
v -1.257231 9.215522 1.207039
v -2.500250 9.215522 1.207039
v -2.500250 10.168121 1.207039
v -4.785555 9.953676 1.207039
v -5.000000 7.668371 1.207039
v -5.000000 2.168121 1.207039
v 0.000001 7.205470 -0.692563
v -1.257230 7.205469 -0.692563
v -1.257230 7.205469 1.207039
v 0.000001 7.205470 1.207038
vt -0.446855 0.549618
vt 0.694345 0.000000
vt -0.446855 0.577396
vt 0.694345 0.033478
vt -0.446855 0.577396
vt -0.446855 0.372023
vt -0.421035 0.577396
vt -0.421035 0.372023
vt 0.666433 0.033552
vt 0.666433 0.000000
vt -0.423900 0.577335
vt -0.423900 0.549618
vt 0.666433 0.033552
vt 0.666433 0.000000
vt 0.694345 0.000000
vt 0.694345 0.033478
vt -0.446855 0.549618
vt -0.423900 0.549618
vt -0.423900 0.577335
vt -0.446855 0.577396
vt 0.000000 0.033487
vt 0.000000 0.033487
vt 0.000000 0.033487
vt 0.000000 0.033487
vt -0.421035 0.372023
vt -0.421035 0.577396
vt -0.446855 0.577396
vt -0.446855 0.372023
vt 0.000000 0.033487
vt 0.000000 0.033487
vt 0.000000 0.033487
vt 0.000000 0.033487
vt 0.000000 0.033487
vt 0.660404 0.190634
vt 0.717538 0.190634
vt 0.717538 0.215638
vt 0.660404 0.215638
vt 0.660404 0.170632
vt 0.717538 0.170632
vt 0.660404 0.272772
vt 0.715050 0.270284
vt 0.522893 0.215638
vt 0.522893 0.190634
vt 0.660404 0.122625
vt 0.717538 0.122625
vt 0.522893 0.170632
vt 0.629765 0.272772
vt 0.577398 0.272772
vt 0.554955 0.272772
vt 0.522893 0.272772
vt 0.660404 0.090621
vt 0.717538 0.090621
vt 0.522893 0.122625
vt 0.660404 0.033487
vt 0.715050 0.035975
vt 0.522893 0.090621
vt 0.522893 0.033487
vt 0.194645 0.667221
vt 0.137510 0.667221
vt 0.137510 0.642217
vt 0.194645 0.642217
vt 0.194645 0.687223
vt 0.137510 0.687223
vt -0.000000 0.667221
vt -0.000000 0.642217
vt 0.137510 0.585083
vt 0.192157 0.587571
vt 0.194645 0.735229
vt 0.137510 0.735229
vt -0.000000 0.687223
vt -0.000000 0.585083
vt 0.032215 0.585083
vt 0.054766 0.585083
vt 0.107384 0.585083
vt 0.194645 0.767234
vt 0.137510 0.767234
vt -0.000000 0.735229
vt 0.137510 0.824368
vt 0.192157 0.821880
vt -0.000000 0.767234
vt -0.000000 0.824368
vt 0.796569 0.479358
vt 0.796569 0.509198
vt 0.789467 0.509198
vt 0.789467 0.479358
vt 0.651054 0.514598
vt 0.651054 0.484825
vt 0.658156 0.484825
vt 0.658156 0.514598
vt 0.958638 0.445473
vt 0.958638 0.415500
vt 0.965741 0.415500
vt 0.965741 0.445473
vt 0.176274 0.402884
vt 0.176274 0.432925
vt 0.169171 0.432925
vt 0.169171 0.402884
vt 0.754185 0.127794
vt 0.754185 0.150320
vt 0.743329 0.150320
vt 0.743329 0.127794
vt 0.743329 0.056069
vt 0.743329 0.033487
vt 0.754185 0.033487
vt 0.754185 0.056069
vt 0.961913 0.718372
vt 0.961913 0.743338
vt 0.938132 0.743338
vt 0.938132 0.718372
vt 0.961913 0.763311
vt 0.938132 0.763311
vt 0.787615 0.241436
vt 0.787615 0.266402
vt 0.763834 0.266402
vt 0.763834 0.241436
vt 0.902247 0.081422
vt 0.926028 0.081422
vt 0.926028 0.113379
vt 0.902247 0.113379
vt 0.926028 0.033487
vt 0.902247 0.033487
vt 0.926028 0.113379
vt 0.926028 0.145335
vt 0.902247 0.145335
vt 0.902247 0.113379
vt 0.926028 0.193271
vt 0.902247 0.193271
vt 0.753049 0.236875
vt 0.733076 0.236875
vt 0.733076 0.213095
vt 0.753049 0.213095
vt 0.948667 0.557991
vt 0.948667 0.605926
vt 0.948667 0.637883
vt 0.933006 0.637883
vt 0.933006 0.557991
vt 0.656462 0.404933
vt 0.656462 0.436890
vt 0.640801 0.436890
vt 0.640801 0.404933
vt 0.656462 0.484825
vt 0.640801 0.484825
vt 0.265208 0.807047
vt 0.265208 0.839006
vt 0.265208 0.886945
vt 0.265208 0.886945
vt 0.265208 0.807047
vt 0.246844 0.886945
vt 0.246844 0.839006
vt 0.246844 0.807047
vt 0.230688 0.886945
vt 0.230688 0.839006
vt 0.744105 0.857891
vt 0.762467 0.857891
vt 0.762467 0.889848
vt 0.744105 0.889848
vt 0.762467 0.809956
vt 0.744105 0.809956
vt 0.727950 0.857891
vt 0.727950 0.809956
vt 0.000000 0.502924
vt 0.057149 0.502924
vt 0.057149 0.527933
vt 0.000000 0.527933
vt 0.000000 0.482916
vt 0.057149 0.482916
vt 0.088234 0.502924
vt 0.088234 0.527933
vt 0.057149 0.585083
vt 0.002489 0.582594
vt 0.000000 0.434897
vt 0.057149 0.434897
vt 0.088234 0.482916
vt 0.088234 0.585083
vt 0.000000 0.402884
vt 0.057149 0.402884
vt 0.119674 0.527933
vt 0.119674 0.585083
vt 0.057149 0.345735
vt 0.002489 0.348224
vt 0.151114 0.527933
vt 0.151114 0.585083
vt 0.088234 0.345735
vt 0.088234 0.402884
vt 0.119674 0.502924
vt 0.151114 0.502924
vt 0.182198 0.527933
vt 0.182198 0.585083
vt 0.119674 0.345735
vt 0.119674 0.402884
vt 0.182198 0.502924
vt 0.239347 0.527933
vt 0.236859 0.582594
vt 0.151114 0.345735
vt 0.151114 0.402884
vt 0.151114 0.482916
vt 0.182198 0.482916
vt 0.239347 0.502924
vt 0.182198 0.345735
vt 0.182198 0.402884
vt 0.239347 0.482916
vt 0.239347 0.402884
vt 0.236859 0.348224
vt 0.182198 0.434897
vt 0.239347 0.434897
vt 0.162847 0.465655
vt 0.137880 0.465655
vt 0.137880 0.434270
vt 0.162847 0.434270
vt 0.117907 0.465655
vt 0.117907 0.434270
vt 0.137880 0.402884
vt 0.117907 0.402884
vt 0.786125 0.269835
vt 0.786125 0.519472
vt 0.754740 0.519472
vt 0.754740 0.269835
vt 0.723709 0.519472
vt 0.666660 0.514119
vt 0.661306 0.457069
vt 0.661306 0.425112
vt 0.661306 0.377177
vt 0.661306 0.357204
vt 0.661306 0.332238
vt 0.666660 0.275188
vt 0.723709 0.269835
vt 0.734234 0.577488
vt 0.734234 0.602455
vt 0.734234 0.622428
vt 0.734234 0.670363
vt 0.734234 0.702320
vt 0.728881 0.759370
vt 0.671831 0.764723
vt 0.640801 0.764723
vt 0.640801 0.515085
vt 0.671831 0.515085
vt 0.728881 0.520439
vt 0.303085 0.586301
vt 0.303085 0.835939
vt 0.271700 0.835939
vt 0.271700 0.586301
vt 0.953511 0.284807
vt 0.953511 0.253776
vt 0.960614 0.253776
vt 0.960614 0.284807
vt 0.965741 0.160685
vt 0.965741 0.191716
vt 0.958638 0.191716
vt 0.958638 0.160685
vt 0.953511 0.253776
vt 0.953511 0.222746
vt 0.960614 0.222746
vt 0.960614 0.253776
vt 0.960614 0.191716
vt 0.960614 0.222746
vt 0.953511 0.222746
vt 0.953511 0.191716
vt 0.938132 0.290480
vt 0.938132 0.259449
vt 0.948989 0.259449
vt 0.948989 0.290480
vt 0.938132 0.228064
vt 0.948989 0.228064
vt 0.938132 0.196679
vt 0.948989 0.196679
vt 0.938132 0.165648
vt 0.948989 0.165648
vt 0.943862 0.384281
vt 0.943862 0.415311
vt 0.933006 0.415311
vt 0.933006 0.384281
vt 0.943862 0.352895
vt 0.933006 0.352895
vt 0.943862 0.321510
vt 0.933006 0.321510
vt 0.943862 0.290480
vt 0.933006 0.290480
vt 0.522893 0.834207
vt 0.553924 0.834207
vt 0.553924 0.866163
vt 0.522893 0.866163
vt 0.553924 0.914099
vt 0.522893 0.914099
vt 0.959265 0.990171
vt 0.927879 0.990171
vt 0.927879 0.958214
vt 0.959265 0.958214
vt 0.902874 0.228242
vt 0.871489 0.228242
vt 0.871489 0.196285
vt 0.902874 0.196285
vt 0.902874 0.276177
vt 0.871489 0.276177
vt 0.589809 0.866163
vt 0.558778 0.866163
vt 0.558778 0.834207
vt 0.589809 0.834207
vt 0.589809 0.914099
vt 0.558778 0.914099
vt 0.154419 0.971883
vt 0.123034 0.971883
vt 0.123034 0.923948
vt 0.154419 0.923948
vt 0.379188 0.528861
vt 0.379188 0.586301
vt 0.240941 0.586301
vt 0.240941 0.528861
vt 0.436628 0.528861
vt 0.434127 0.583800
vt 0.240941 0.497618
vt 0.379188 0.497618
vt 0.436628 0.497618
vt 0.240941 0.466018
vt 0.379188 0.466018
vt 0.436628 0.466018
vt 0.240941 0.434418
vt 0.379188 0.434418
vt 0.436628 0.434418
vt 0.240941 0.403176
vt 0.379188 0.403176
vt 0.436628 0.403176
vt 0.379188 0.345735
vt 0.240941 0.345735
vt 0.434127 0.348237
vt 0.604325 0.586301
vt 0.604158 0.528861
vt 0.636558 0.528861
vt 0.636558 0.586301
vt 0.581762 0.586301
vt 0.581478 0.528861
vt 0.604138 0.497618
vt 0.636558 0.497618
vt 0.529114 0.586301
vt 0.528557 0.528861
vt 0.604117 0.466018
vt 0.636558 0.466018
vt 0.498311 0.586301
vt 0.498311 0.528861
vt 0.528490 0.497618
vt 0.581443 0.497618
vt 0.604097 0.434418
vt 0.636558 0.434418
vt 0.440871 0.528861
vt 0.443372 0.583800
vt 0.581409 0.466018
vt 0.528423 0.466018
vt 0.604077 0.403176
vt 0.636558 0.403176
vt 0.440871 0.497618
vt 0.498311 0.497618
vt 0.498311 0.466018
vt 0.581374 0.434418
vt 0.528355 0.434418
vt 0.604170 0.345735
vt 0.636558 0.345735
vt 0.440871 0.466018
vt 0.498311 0.434418
vt 0.581340 0.403176
vt 0.528288 0.403176
vt 0.581499 0.345735
vt 0.440871 0.434418
vt 0.528599 0.345735
vt 0.440871 0.403176
vt 0.498311 0.403176
vt 0.498311 0.345735
vt 0.443372 0.348236
vt 0.537515 0.990492
vt 0.507514 0.990492
vt 0.507514 0.959294
vt 0.537448 0.959294
vt 0.138413 0.434083
vt 0.138413 0.402884
vt 0.168549 0.402884
vt 0.168616 0.434083
vt 0.881879 0.873899
vt 0.881845 0.842701
vt 0.904507 0.842701
vt 0.904527 0.873899
vt 0.904486 0.811146
vt 0.881810 0.811146
vt 0.904466 0.779591
vt 0.881776 0.779591
vt 0.904446 0.748393
vt 0.881742 0.748393
vt 0.490412 0.887076
vt 0.490412 0.918631
vt 0.466503 0.918631
vt 0.466503 0.887076
vt 0.717697 0.158993
vt 0.717697 0.127794
vt 0.741606 0.127794
vt 0.741606 0.158993
vt 0.717697 0.096240
vt 0.741606 0.096240
vt 0.717697 0.064685
vt 0.741606 0.064685
vt 0.757352 0.096240
vt 0.757352 0.127794
vt 0.717697 0.033487
vt 0.741606 0.033487
vt 0.757352 0.064685
vt 0.526297 0.403176
vt 0.526297 0.434374
vt 0.502388 0.434374
vt 0.502388 0.403176
vt 0.526297 0.497618
vt 0.526297 0.528816
vt 0.502388 0.528816
vt 0.502388 0.497618
vt 0.654457 0.968445
vt 0.654457 1.000000
vt 0.630548 1.000000
vt 0.630548 0.968445
vt 0.959005 0.065042
vt 0.959005 0.096596
vt 0.943259 0.096596
vt 0.943259 0.065042
vt 0.959005 0.033487
vt 0.943259 0.033487
vt 0.882538 0.983044
vt 0.850983 0.983044
vt 0.850983 0.964582
vt 0.882538 0.964582
vt 0.850983 0.948340
vt 0.882538 0.948340
vt 0.943259 0.485576
vt 0.943259 0.454021
vt 0.961720 0.454021
vt 0.961720 0.485576
vt 0.128160 0.497210
vt 0.128160 0.465655
vt 0.144402 0.465655
vt 0.144402 0.497210
vn -0.999621 0.027533 0.000000
vn -0.995626 0.093426 0.000000
vn -0.995699 0.078517 -0.049180
vn -0.997872 0.022509 -0.061192
vn -0.093426 0.995626 0.000000
vn -0.060666 0.998158 0.000000
vn -0.050245 0.997198 -0.055422
vn -0.078517 0.995699 -0.049180
vn -0.055743 0.022617 0.998189
vn -0.086411 0.019747 0.996064
vn -0.092433 0.000000 0.995719
vn -0.060018 0.000000 0.998197
vn -0.995896 0.019957 0.088279
vn -0.998148 0.022910 0.056357
vn -0.998157 0.000000 0.060685
vn -0.995531 0.000000 0.094430
vn 0.000000 0.995532 0.094430
vn 0.000000 0.995532 0.094430
vn 0.000000 0.995532 0.094430
vn 0.000000 0.995532 0.094430
vn 0.000000 0.092433 0.995719
vn 0.000000 0.027238 0.999629
vn 0.000000 0.027238 0.999629
vn 0.000000 0.092433 0.995719
vn 0.060666 0.998158 0.000000
vn 0.093426 0.995626 0.000000
vn 0.078517 0.995699 -0.049180
vn 0.050245 0.997198 -0.055422
vn 0.995626 0.093426 0.000000
vn 0.999621 0.027533 0.000000
vn 0.997872 0.022509 -0.061192
vn 0.995699 0.078517 -0.049180
vn 0.998148 0.022910 0.056357
vn 0.995896 0.019957 0.088279
vn 0.995531 0.000000 0.094430
vn 0.998157 0.000000 0.060685
vn 0.086411 0.019747 0.996064
vn 0.055743 0.022617 0.998189
vn 0.060018 0.000000 0.998197
vn 0.092433 0.000000 0.995719
vn -0.995896 0.019957 -0.088279
vn -0.995532 0.000000 -0.094430
vn -0.995532 0.000000 -0.094430
vn -0.995532 0.000000 -0.094430
vn -0.995532 0.000000 -0.094430
vn -0.997831 0.000000 -0.065836
vn -0.092433 0.000000 -0.995719
vn -0.070094 0.000000 -0.997540
vn -0.059957 0.000000 -0.998201
vn -0.092433 0.000000 -0.995719
vn -0.000000 0.073250 -0.997314
vn 0.000000 0.092433 -0.995719
vn 0.000000 0.092433 -0.995719
vn -0.000000 0.060791 -0.998151
vn 0.000000 0.995532 -0.094430
vn 0.000000 0.996979 -0.077669
vn 0.000000 0.996985 -0.077590
vn 0.000000 0.995532 -0.094430
vn 0.070140 0.000000 -0.997537
vn 0.092433 0.000000 -0.995719
vn 0.092433 0.000000 -0.995719
vn 0.059994 0.000000 -0.998199
vn 0.995896 0.019957 -0.088279
vn 0.997831 0.000000 -0.065836
vn 0.995531 0.000000 -0.094430
vn 0.995531 0.000000 -0.094430
vn 0.995531 0.000000 -0.094430
vn 0.995531 0.000000 -0.094430
vn 0.000000 0.000000 1.000000
vn 0.000000 0.000000 1.000000
vn 0.000000 1.000000 0.000000
vn -0.000000 1.000000 -0.000000
vn 0.000000 1.000000 -0.000000
vn 0.000000 1.000000 0.000000
vn 0.000000 0.000000 -1.000000
vn 0.000000 0.000000 -1.000000
vn 0.000000 0.000000 -1.000000
vn 0.000000 0.000000 -1.000000
vn 1.000000 0.000000 0.000000
vn -1.000000 0.000000 0.000000
vn 0.000000 -1.000000 0.000000
vn 0.000000 -1.000000 0.000000
vn 0.000000 -1.000000 0.000000
vn 0.000000 -1.000000 0.000000
vn -0.045149 0.995735 0.080458
vn -0.058611 0.996565 0.058499
vn -0.079750 0.995792 0.045144
vn -0.071447 0.994826 0.072222
vn -0.995792 0.079750 0.045144
vn -0.994826 0.071447 0.072222
vn -0.044672 0.078754 0.995893
vn -0.070693 0.070693 0.994990
vn 0.995792 0.079750 0.045144
vn 0.994826 0.071447 0.072222
vn 0.079750 0.995792 0.045144
vn 0.058611 0.996565 0.058499
vn 0.045149 0.995735 0.080458
vn 0.071447 0.994826 0.072222
vn 0.044672 0.078754 0.995893
vn 0.070693 0.070693 0.994990
vn -0.044672 0.078754 -0.995893
vn -0.057498 0.058069 -0.996655
vn -0.078636 0.045053 -0.995885
vn -0.070693 0.070693 -0.994990
vn -0.994826 0.071447 -0.072222
vn -0.045149 0.995735 -0.080458
vn -0.071447 0.994826 -0.072222
vn 0.994826 0.071447 -0.072222
vn 0.078571 0.045264 -0.995880
vn 0.057379 0.058264 -0.996651
vn 0.044672 0.078754 -0.995893
vn 0.070693 0.070693 -0.994990
vn 0.045149 0.995735 -0.080458
vn 0.071447 0.994826 -0.072222
vn -0.068770 0.000000 -0.997633
vn -0.092433 0.000000 -0.995719
vn -0.000000 0.000000 -1.000000
vn -0.000000 0.000000 -1.000000
vn 0.092433 0.000000 -0.995719
vn 0.068755 0.000000 -0.997634
vn 0.000000 0.027238 0.999629
vn 0.000000 0.000000 1.000000
vn 0.000000 0.092433 0.995719
vn 0.000000 0.995532 0.094430
vn 0.000000 0.995532 0.094430
vn 0.000000 0.997831 -0.065836
vn 0.000000 1.000000 0.000000
vn 0.000000 0.995532 -0.094430
vn -0.000000 0.073284 -0.997311
vn 0.000000 0.092433 -0.995719
vn -0.000000 0.000000 -1.000000
vn -0.000000 0.000000 -1.000000
vn -0.000000 0.000000 -1.000000
vn -0.000000 0.000000 -1.000000
vn 0.000000 0.000000 -1.000000
vn 0.000000 0.000000 -1.000000
vn 0.000000 -1.000000 0.000000
vn 0.000000 -1.000000 0.000000
vn 0.000000 -1.000000 0.000000
vn 0.000000 -1.000000 0.000000
vn 0.000000 -1.000000 0.000000
vn 0.000000 -1.000000 0.000000
vn 0.000000 -1.000000 0.000000
vn 0.000000 -1.000000 0.000000
vn 0.000000 -1.000000 0.000000
vn 0.000000 -1.000000 0.000000
vn 0.000000 -1.000000 0.000000
vn 0.000000 -1.000000 0.000000
vn 0.000000 -1.000000 0.000000
vn 0.000000 -1.000000 0.000000
vn 0.000000 -1.000000 0.000000
vn -0.000000 0.000000 -1.000000
vn 0.000000 1.000000 0.000000
vn 0.000000 -1.000000 0.000000
vn 0.000000 -1.000000 0.000000
vn 0.000000 -1.000000 0.000000
vn 0.000000 -1.000000 0.000000
vn 0.000000 -1.000000 0.000000
vn 0.000000 -1.000000 0.000000
vn 0.000000 -1.000000 0.000000
vn 0.000000 -1.000000 0.000000
vn 0.000000 -1.000000 0.000000
vn 0.000000 0.000000 -1.000000
vn 0.000000 0.000000 -1.000000
vn 0.000000 0.000000 -1.000000
vn 0.000000 0.000000 -1.000000
vn 0.000000 1.000000 0.000000
vn 0.000000 0.000000 0.000000
vn 0.000000 0.000000 0.000000
vn 0.000000 0.000000 0.000000
vn 0.000000 0.000000 0.000000
vn 0.000000 0.000000 0.000000
vn 0.000000 0.000000 0.000000
vn 0.000000 0.000000 0.000000
vn 0.000000 0.000000 0.000000
vn 0.000000 0.000000 0.000000
vn 0.000000 0.000000 0.000000
vn 0.000000 0.000000 0.000000
vn 0.000000 0.000000 0.000000
vn 0.000000 0.000000 0.000000
vn 0.000000 0.000000 0.000000
vn 0.000000 0.000000 0.000000
vn 0.000000 0.000000 0.000000
vn 0.000000 0.000000 0.000000
vn 0.000000 0.000000 0.000000
vn 0.000000 0.000000 0.000000
vn 0.000000 0.000000 0.000000
vn 0.000000 0.000000 0.000000
vn 0.000000 0.000000 0.000000
vn 0.000000 0.000000 0.000000
vn 0.000000 0.000000 0.000000
vn 0.000000 0.000000 0.000000
vn 0.000000 0.000000 0.000000
vn 0.000000 0.000000 0.000000
vn 0.000000 0.000000 0.000000
vn 0.000000 0.000000 0.000000
vn 0.000000 0.000000 0.000000
vn 0.000000 0.000000 0.000000
vn 0.000000 0.000000 0.000000
vn 1.000000 0.000000 0.000000
vn 1.000000 0.000000 0.000000
vn 1.000000 0.000000 0.000000
vn 1.000000 0.000000 0.000000
vn 0.000000 -1.000000 0.000000
vn 0.000000 -1.000000 0.000000
vn 0.000000 -1.000000 0.000000
vn 0.000000 -1.000000 0.000000
vn -1.000000 0.000000 0.000000
vn -1.000000 0.000000 0.000000
vn -1.000000 0.000000 0.000000
vn -1.000000 0.000000 0.000000
vn -0.002141 0.999998 0.000000
vn -0.002141 0.999998 0.000000
vn -0.002141 0.999998 0.000000
vn -0.002141 0.999998 0.000000
vn 0.000000 -1.000000 0.000000
vn 0.000000 -1.000000 0.000000
vn 0.000000 -1.000000 0.000000
vn 0.000000 -1.000000 0.000000
vn -1.000000 0.000000 0.000000
vn -1.000000 0.000000 0.000000
vn -1.000000 0.000000 0.000000
vn -1.000000 0.000000 0.000000
vn -0.002141 0.999998 0.000000
vn -0.002141 0.999998 0.000000
vn -0.002141 0.999998 0.000000
vn -0.002141 0.999998 0.000000
vn 1.000000 0.000000 0.000000
vn 1.000000 0.000000 0.000000
vn 1.000000 0.000000 0.000000
vn 1.000000 0.000000 0.000000
vn -0.092433 0.000000 -0.995719
vn -0.067063 0.000000 -0.997749
vn 0.000000 0.000000 -1.000000
vn 0.000000 0.000000 -1.000000
vn 0.000000 0.000000 -1.000000
vn 0.000000 0.000000 -1.000000
vn 0.000000 0.000000 -1.000000
vn 0.000000 0.000000 -1.000000
vn 0.000000 0.000000 -1.000000
vn 0.000000 0.000000 -1.000000
vn 0.000000 0.000000 -1.000000
vn 0.000000 0.000000 -1.000000
vn 0.067060 0.000000 -0.997749
vn 0.092433 0.000000 -0.995719
vn -0.000000 0.000000 -1.000000
vn -0.000000 0.000000 -1.000000
vn 0.000000 0.000000 -1.000000
vn 0.001092 -0.999999 0.000000
vn 0.001092 -0.999999 -0.000000
vn 0.001092 -0.999999 -0.000000
vn 0.001092 -0.999999 0.000000
vn -0.000642 1.000000 -0.000000
vn -0.000642 1.000000 -0.000000
vn -0.000642 1.000000 -0.000000
vn -0.000642 1.000000 -0.000000
vn 1.000000 0.000000 0.000000
vn 1.000000 0.000000 0.000000
vn 1.000000 0.000000 0.000000
vn 1.000000 0.000000 0.000000
vn -0.000642 1.000000 0.000000
vn -0.000642 1.000000 0.000000
vn 0.001092 -0.999999 -0.000000
vn 0.001092 -0.999999 -0.000000
vn -0.000642 1.000000 0.000000
vn -0.000642 1.000000 0.000000
vn 0.001092 -0.999999 -0.000000
vn 0.001092 -0.999999 -0.000000
vn -0.000642 1.000000 0.000000
vn -0.000642 1.000000 0.000000
vn 0.001092 -0.999999 0.000000
vn 0.001092 -0.999999 0.000000
vn -1.000000 0.000000 0.000000
vn -1.000000 0.000000 0.000000
vn -1.000000 0.000000 0.000000
vn -1.000000 0.000000 0.000000
vn -0.999621 0.027533 0.000000
vn -1.000000 0.000000 0.000000
vn -0.995626 0.093426 0.000000
vn -0.093426 0.995626 0.000000
vn -0.093426 0.995626 0.000000
vn 0.000000 1.000000 0.000000
vn 0.000000 1.000000 0.000000
vn 0.000000 1.000000 0.000000
vn 0.000000 1.000000 0.000000
vn -0.000000 1.000000 0.000000
vn -0.000000 1.000000 0.000000
vn -0.000000 1.000000 0.000000
vn -0.000000 1.000000 0.000000
vn 0.000001 1.000000 0.000000
vn 0.000001 1.000000 0.000000
vn 0.000000 1.000000 0.000000
vn 0.000000 1.000000 0.000000
vn 0.000000 1.000000 0.000000
vn 0.000000 1.000000 0.000000
vn 0.000000 1.000000 0.000000
vn 0.000000 1.000000 0.000000
vn 0.093426 0.995626 0.000000
vn 0.093426 0.995626 0.000000
vn 0.999621 0.027533 0.000000
vn 0.995626 0.093426 0.000000
vn 1.000000 0.000000 0.000000
vn 0.999621 0.027533 0.000000
vn 1.000000 -0.000000 0.000000
vn 0.995626 0.093426 0.000000
vn 0.080632 0.996744 0.000000
vn 0.093426 0.995626 0.000000
vn 0.000000 1.000000 0.000000
vn 0.000000 1.000000 -0.000000
vn 0.000000 1.000000 -0.000000
vn 0.000000 1.000000 -0.000000
vn -0.000000 1.000000 -0.000000
vn -0.080632 0.996744 0.000000
vn 0.000000 1.000000 0.000000
vn -0.093426 0.995626 0.000000
vn -0.999621 0.027533 0.000000
vn -0.995626 0.093426 0.000000
vn -1.000000 0.000000 0.000000
vn 1.000000 0.000000 0.000000
vn 1.000000 0.000000 0.000000
vn 1.000000 0.000000 0.000000
vn 1.000000 0.000000 0.000000
vn -1.000000 0.000000 0.000000
vn -1.000000 0.000000 0.000000
vn -1.000000 0.000000 0.000000
vn -1.000000 0.000000 0.000000
vn 0.000000 0.000000 1.000000
vn 0.000000 0.000000 1.000000
vn 0.000000 0.000000 1.000000
vn 0.000000 0.000000 1.000000
vn 0.000000 0.000000 -1.000000
vn 0.000000 0.000000 -1.000000
vn 0.000000 0.000000 -1.000000
vn 0.000000 0.000000 -1.000000
vn -0.000000 0.000000 1.000000
vn -0.000000 0.000000 1.000000
vn -0.000000 0.000000 1.000000
vn -0.000000 0.000000 1.000000
vn 1.000000 0.000000 0.000000
vn 1.000000 0.000000 0.000000
vn 1.000000 0.000000 0.000000
vn 1.000000 0.000000 0.000000
vn 0.000000 0.000000 -1.000000
vn 0.000000 0.000000 -1.000000
vn 0.000000 0.000000 -1.000000
vn 0.000000 0.000000 -1.000000
vn 0.000000 0.000000 1.000000
vn 0.000000 0.000000 1.000000
vn 0.000000 0.000000 1.000000
vn 0.000000 0.000000 1.000000
vn 0.000000 0.000000 -1.000000
vn 0.000000 0.000000 -1.000000
vn -1.000000 0.000000 0.000000
vn -1.000000 0.000000 0.000000
vn -1.000000 0.000000 0.000000
vn -1.000000 0.000000 0.000000
vn -0.000000 0.000000 1.000000
vn -0.000000 0.000000 1.000000
vn -0.000000 0.000000 1.000000
vn -0.000000 0.000000 1.000000
vn -1.000000 0.000000 0.000000
vn -1.000000 0.000000 0.000000
vn -1.000000 0.000000 0.000000
vn -1.000000 0.000000 0.000000
vn 1.000000 0.000000 0.000000
vn 1.000000 0.000000 0.000000
vn 0.000000 -0.000000 1.000000
vn 0.000000 -0.000000 1.000000
vn 0.000000 -0.000000 1.000000
vn 0.000000 -0.000000 1.000000
vn 1.000000 0.000000 0.000000
vn 1.000000 0.000000 0.000000
vn 1.000000 0.000000 0.000000
vn 1.000000 0.000000 0.000000
vn 1.000000 0.000000 0.000000
vn 0.000000 0.000000 -1.000000
vn 0.000000 0.000000 -1.000000
vn -0.000000 -0.000000 1.000000
vn -0.000000 -0.000000 1.000000
vn 0.000000 0.000000 -1.000000
vn -1.000000 0.000000 0.000000
vn -1.000000 0.000000 0.000000
vn -1.000000 0.000000 0.000000
vn -1.000000 0.000000 0.000000
vn 0.000000 0.000000 0.000000
vn 0.000000 0.000000 0.000000
vn 0.000000 0.000000 0.000000
vn 0.000000 0.000000 0.000000
vn 0.000000 0.000000 0.000000
vn 0.000000 0.000000 0.000000
vn 0.000000 0.000000 0.000000
vn 0.000000 0.000000 0.000000
vn 0.000000 0.000000 0.000000
vn 0.000000 0.000000 0.000000
vn 0.000000 0.000000 0.000000
vn 0.000000 0.000000 0.000000
vn 0.000000 0.000000 0.000000
vn 0.000000 0.000000 0.000000
vn 0.000000 0.000000 0.000000
vn 0.000000 0.000000 0.000000
vn 0.000000 0.000000 0.000000
vn 0.000000 0.000000 0.000000
vn 0.000000 0.000000 0.000000
vn 0.000000 0.000000 0.000000
vn 0.000000 0.000000 0.000000
vn 0.000000 0.000000 0.000000
vn 0.000000 0.000000 0.000000
vn 0.000000 0.000000 0.000000
vn 0.000000 0.000000 0.000000
vn 0.000000 0.000000 0.000000
vn 0.000000 0.000000 0.000000
vn 0.000000 0.000000 0.000000
vn 0.000000 0.000000 0.000000
vn -0.000000 0.000000 0.000000
vn -1.000000 0.000000 0.000000
vn -0.000000 0.000000 0.000000
vn -0.000000 0.000000 0.000000
vn -0.000000 0.000000 0.000000
vn 0.000000 -0.000000 1.000000
vn 0.000000 -0.000000 1.000000
vn 0.000000 -0.000000 1.000000
vn 0.000000 -0.000000 1.000000
vn 1.000000 0.000000 0.000000
vn 1.000000 0.000000 0.000000
vn 1.000000 0.000000 0.000000
vn 1.000000 0.000000 0.000000
vn 0.000000 0.000000 -1.000000
vn 0.000000 0.000000 -1.000000
vn 0.000000 0.000000 -1.000000
vn 0.000000 0.000000 -1.000000
vn -1.000000 -0.000000 -0.000000
vn -1.000000 -0.000000 -0.000000
vn -1.000000 -0.000001 -0.000000
vn -1.000000 -0.000000 -0.000000
vn -1.000000 -0.000000 -0.000000
vn -1.000000 0.000000 0.000000
vn -1.000000 0.000000 0.000000
vn 0.000000 1.000000 0.000000
vn 0.000000 1.000000 0.000000
vn -1.000000 0.000000 0.000000
vn -1.000000 0.000000 0.000000
vn 0.000001 1.000000 0.000000
vn 0.000001 1.000000 0.000000
vn -0.000001 1.000000 0.000000
vn -0.000001 1.000000 0.000000
vn -0.000001 1.000000 0.000000
vn -0.000001 1.000000 0.000000
vn 1.000000 0.000000 0.000000
vn 1.000000 0.000001 0.000000
vn 0.000000 1.000000 0.000000
vn 0.000000 1.000000 0.000000
vn 1.000000 0.000000 0.000000
vn 1.000000 0.000000 0.000000
vn 0.000000 0.000000 1.000000
vn 0.000000 0.000000 1.000000
vn 1.000000 0.000001 0.000000
vn 1.000000 0.000001 0.000000
vn -0.000000 -0.000000 -1.000000
vn -0.000000 -0.000000 -1.000000
vn -0.000000 -0.000000 -1.000000
vn -0.000000 -0.000000 -1.000000
vn -1.000000 -0.000001 0.000000
vn -1.000000 -0.000001 0.000000
s 1
g BODY_ROBOT pCube1
f 1455/2661/4428 1456/2662/4429 1357/2663/4430 1356/2664/4431
s 2
f 1456/2788/4432 1457/2789/4433 1358/2790/4434 1357/2791/4435
s 3
f 1346/2931/4436 1345/2932/4437 1369/2933/4438 1368/2934/4439
s 1
f 1345/2681/4440 1344/2678/4441 1367/2683/4442 1369/2684/4443
s 2
f 1405/2811/4444 1406/2810/4445 1389/2816/4446 1390/2817/4447
s 3
f 1406/2939/4448 1407/2938/4449 1388/2941/4450 1389/2942/4451
s 2
f 1461/2818/4452 1462/2825/4453 1365/2819/4454 1364/2814/4455
s 8
f 1462/2685/4456 1463/2686/4457 1366/2687/4458 1365/2688/4459
f 1354/2703/4460 1353/2705/4461 1371/2708/4462 1370/2707/4463
s 3
f 1353/2949/4464 1352/2947/4465 1372/2946/4466 1371/2950/4467
s 1
f 1356/2664/4431 1355/2667/4468 1383/2674/4469 1437/2675/4470 1430/2676/4471 1374/2677/4472 1373/2669/4473
s 11
f 1430/2952/4474 1431/2953/4475 1375/2954/4476 1374/2955/4477
f 1411/2977/4478 1412/2976/4479 1392/2983/4480 1393/2978/4481
s 2
f 1412/2801/4482 1413/2795/4483 1391/2804/4484 1392/2805/4485
s 11
f 1435/2974/4486 1436/2981/4487 1378/2982/4488 1377/2975/4489
s 8
f 1361/2693/4490 1366/2687/4458 1376/2692/4491 1378/2698/4492 1436/2699/4493 1443/2700/4494 1386/2701/4495
s 3
f 1407/2938/4449 1408/2937/4496 1387/2940/4497 1388/2941/4450
s 15
f 1475/2833/4498 1476/2834/4499 1477/2835/4500 1478/2836/4501
s 11
f 1409/2959/4502 1432/2958/4503 1433/2962/4504 1395/2963/4505
s 8
f 1463/2686/4457 1464/2691/4506 1376/2692/4491 1366/2687/4458
s 1
f 1356/2664/4431 1373/2669/4473 1454/2670/4507 1455/2661/4428
s 16
f 1395/2841/4508 1387/2842/4509 1408/2843/4510 1409/2844/4511
s 2
f 1347/2806/4512 1348/2803/4513 1343/2802/4514 1379/2807/4515
s 1
f 1343/2679/4516 1344/2678/4441 1345/2681/4440 1379/2682/4517
s 3
f 1345/2932/4437 1346/2931/4436 1347/2935/4518 1379/2936/4519
s 8
f 1353/2705/4461 1354/2703/4460 1349/2702/4520 1380/2706/4521
s 2
f 1349/2829/4522 1350/2827/4523 1351/2826/4524 1380/2830/4525
s 3
f 1351/2948/4526 1352/2947/4465 1353/2949/4464 1380/2951/4527
s 11
f 1359/2970/4528 1360/2965/4529 1355/2964/4530 1381/2971/4531
s 1
f 1355/2667/4468 1356/2664/4431 1357/2663/4430 1381/2668/4532
s 2
f 1357/2791/4435 1358/2790/4434 1359/2796/4533 1381/2797/4534
s 8
f 1365/2688/4459 1366/2687/4458 1361/2693/4490 1382/2694/4535
s 11
f 1361/2992/4536 1362/2991/4537 1363/2990/4538 1382/2993/4539
s 2
f 1363/2815/4540 1364/2814/4455 1365/2819/4454 1382/2820/4541
s 11
f 1355/2964/4530 1360/2965/4529 1384/2961/4542 1383/2960/4543
f 1410/2966/4544 1411/2977/4478 1393/2978/4481 1394/2973/4545
f 1362/2991/4537 1361/2992/4536 1386/2989/4546 1385/2986/4547
s 3
f 1398/2944/4548 1399/2943/4549 1372/2946/4466 1352/2947/4465
f 1397/2945/4550 1398/2944/4548 1352/2947/4465 1351/2948/4526
s 2
f 1396/2822/4551 1397/2821/4552 1351/2826/4524 1350/2827/4523
f 1404/2808/4553 1460/2813/4554 1461/2818/4452 1364/2814/4455
f 1403/2809/4555 1404/2808/4553 1364/2814/4455 1363/2815/4540
s 11
f 1402/2984/4556 1403/2988/4557 1363/2990/4538 1362/2991/4537
s off
f 1422/2994/4558 1423/2995/4559 1424/2996/4560 1425/2997/4561
s 11
f 1400/2969/4562 1434/2968/4563 1435/2974/4486 1377/2975/4489
s off
f 1376/2854/4564 1464/2855/4565 1465/2856/4566 1508/2857/4567 1370/2858/4568 1371/2859/4569 1372/2860/4570 1399/2861/4571 1400/2862/4572 1377/2863/4573 1378/2864/4574
s 2
f 1390/2817/4447 1389/2816/4446 1397/2821/4552 1396/2822/4551
s 3
f 1389/2942/4451 1388/2941/4450 1398/2944/4548 1397/2945/4550
f 1388/2941/4450 1387/2940/4497 1399/2943/4549 1398/2944/4548
s off
f 1497/2865/4575 1496/2866/4576 1498/2867/4577 1499/2868/4578
s 11
f 1395/2963/4505 1433/2962/4504 1434/2968/4563 1400/2969/4562
f 1394/2973/4545 1393/2978/4481 1402/2984/4556 1401/2980/4579
f 1393/2978/4481 1392/2983/4480 1403/2988/4557 1402/2984/4556
s 2
f 1392/2805/4485 1391/2804/4484 1404/2808/4553 1403/2809/4555
f 1391/2804/4484 1459/2812/4580 1460/2813/4554 1404/2808/4553
f 1348/2803/4513 1347/2806/4512 1406/2810/4445 1405/2811/4444
s 3
f 1347/2935/4518 1346/2931/4436 1407/2938/4449 1406/2939/4448
f 1346/2931/4436 1368/2934/4439 1408/2937/4496 1407/2938/4449
s 16
f 1409/2844/4511 1408/2843/4510 1368/2845/4581 1369/2846/4582 1367/2847/4583 1524/2848/4584 1474/2849/4585 1454/2850/4586 1373/2851/4587 1374/2852/4588 1375/2853/4589
s 11
f 1431/2953/4475 1432/2958/4503 1409/2959/4502 1375/2954/4476
s off
f 1427/2998/4590 1426/2999/4591 1428/3000/4592 1429/3001/4593
s 11
f 1360/2965/4529 1359/2970/4528 1412/2976/4479 1411/2977/4478
s 2
f 1359/2796/4533 1358/2790/4434 1413/2795/4483 1412/2801/4482
f 1457/2789/4433 1458/2794/4594 1413/2795/4483 1358/2790/4434
s off
f 1401/2636/4595 1402/2637/4596 1415/2641/4597 1414/2640/4598
f 1402/2637/4599 1362/2629/4600 1416/2642/4601 1415/2641/4602
f 1362/2629/4603 1385/2631/4604 1417/2643/4605 1416/2642/4606
f 1385/2631/4607 1401/2636/4608 1414/2640/4609 1417/2643/4610
f 1360/2628/4611 1411/2639/4612 1418/2645/4613 1419/2644/4614
f 1411/2639/4615 1410/2638/4616 1420/2646/4617 1418/2645/4618
f 1410/2638/4619 1384/2630/4620 1421/2647/4621 1420/2646/4622
f 1384/2630/4623 1360/2628/4624 1419/2644/4625 1421/2647/4626
f 1414/2709/4627 1415/2710/4628 1423/2711/4629 1422/2712/4630
f 1415/2869/4631 1416/2870/4632 1424/2871/4633 1423/2872/4634
f 1416/2713/4635 1417/2714/4636 1425/2715/4637 1424/2716/4638
f 1417/2873/4639 1414/2874/4640 1422/2875/4641 1425/2876/4642
f 1419/2877/4643 1418/2878/4644 1426/2879/4645 1427/2880/4646
f 1418/2717/4647 1420/2718/4648 1428/2719/4649 1426/2720/4650
f 1420/2881/4651 1421/2882/4652 1429/2883/4653 1428/2884/4654
f 1421/2721/4655 1419/2722/4656 1427/2723/4657 1429/2724/4658
s 11
f 1437/2956/4659 1438/2957/4660 1431/2953/4475 1430/2952/4474
s 19
f 1444/3002/4661 1445/3003/4662 1446/3004/4663 1447/3005/4664
f 1448/3006/4665 1446/3004/4663 1445/3003/4662 1449/3007/4666
f 1450/3008/4667 1448/3006/4665 1449/3007/4666 1451/3009/4668
f 1452/3010/4669 1450/3008/4667 1451/3009/4668 1453/3011/4670
s 11
f 1442/2985/4671 1443/2987/4672 1436/2981/4487 1435/2974/4486
f 1383/2960/4543 1384/2961/4542 1438/2957/4660 1437/2956/4659
f 1384/2961/4542 1410/2966/4544 1439/2967/4673 1438/2957/4660
f 1440/2972/4674 1439/2967/4673 1410/2966/4544 1394/2973/4545
f 1441/2979/4675 1440/2972/4674 1394/2973/4545 1401/2980/4579
f 1442/2985/4671 1441/2979/4675 1401/2980/4579 1385/2986/4547
f 1385/2986/4547 1386/2989/4546 1443/2987/4672 1442/2985/4671
s 20
f 1438/2885/4676 1439/2886/4677 1445/2887/4678 1444/2888/4679
s 21
f 1432/2895/4680 1431/2896/4681 1447/2897/4682 1446/2898/4683
s off
f 1431/2725/4684 1438/2726/4685 1444/2727/4686 1447/2728/4687
s 21
f 1433/2899/4688 1432/2895/4680 1446/2898/4683 1448/2900/4689
s 20
f 1439/2886/4677 1440/2889/4690 1449/2890/4691 1445/2887/4678
s 21
f 1434/2901/4692 1433/2899/4688 1448/2900/4689 1450/2902/4693
s 20
f 1440/2889/4690 1441/2891/4694 1451/2892/4695 1449/2890/4691
s 21
f 1435/2903/4696 1434/2901/4692 1450/2902/4693 1452/2904/4697
s 20
f 1441/2891/4694 1442/2893/4698 1453/2894/4699 1451/2892/4695
s off
f 1442/2729/4700 1435/2730/4701 1452/2731/4702 1453/2732/4703
s 1
f 1523/2671/4704 1524/2680/4705 1367/2683/4442 1344/2678/4441
f 1344/2678/4441 1343/2679/4516 1522/2672/4706 1523/2671/4704
s 2
f 1343/2802/4514 1348/2803/4513 1521/2799/4707 1522/2798/4708
s 22
f 1480/2905/4709 1479/2906/4710 1519/2907/4711 1520/2908/4712
s off
f 1516/2911/4713 1517/2912/4714 1506/2913/4715 1507/2914/4716
s 23
f 1514/2915/4717 1515/2916/4718 1493/2917/4719 1495/2918/4720
s 24
f 1512/2921/4721 1513/2922/4722 1486/2923/4723 1488/2924/4724
s 2
f 1350/2827/4523 1349/2829/4522 1510/2832/4725 1511/2831/4726
s 8
f 1349/2702/4520 1354/2703/4460 1509/2696/4727 1510/2695/4728
f 1354/2703/4460 1370/2707/4463 1508/2704/4729 1509/2696/4727
f 1466/2690/4730 1465/2697/4731 1464/2691/4506 1463/2686/4457
f 1467/2689/4732 1466/2690/4730 1463/2686/4457 1462/2685/4456
s 2
f 1468/2824/4733 1467/2828/4734 1462/2825/4453 1461/2818/4452
f 1461/2818/4452 1460/2813/4554 1469/2823/4735 1468/2824/4733
s 15
f 1489/2839/4736 1477/2835/4500 1483/2838/4737 1485/2840/4738
f 1477/2835/4500 1476/2834/4499 1481/2837/4739 1483/2838/4737
s 2
f 1471/2793/4740 1470/2800/4741 1458/2794/4594 1457/2789/4433
f 1472/2792/4742 1471/2793/4740 1457/2789/4433 1456/2788/4432
s 1
f 1473/2665/4743 1472/2666/4744 1456/2662/4429 1455/2661/4428
f 1455/2661/4428 1454/2670/4507 1474/2673/4745 1473/2665/4743
s 25
f 1413/2733/4746 1458/2734/4747 1476/2735/4748 1475/2736/4749
s off
f 1459/2739/4750 1391/2740/4751 1478/2741/4752 1477/2742/4753
f 1391/3012/4754 1413/3013/4755 1475/3014/4756 1478/3015/4757
s 26
f 1348/3016/4758 1405/3017/4759 1479/3018/4760 1480/3019/4761
s off
f 1470/3029/4762 1471/3030/4763 1482/3031/4764 1481/3032/4765
s 27
f 1520/2743/4766 1521/2744/4767 1348/2745/4768 1480/2746/4769
s 26
f 1405/3017/4759 1390/3020/4770 1484/3021/4771 1479/3018/4760
f 1390/3020/4770 1396/3022/4772 1486/3023/4773 1484/3021/4771
s off
f 1468/3033/4774 1469/3034/4775 1485/3035/4776 1487/3036/4777
s 26
f 1396/3022/4772 1350/3026/4778 1488/3027/4779 1486/3023/4773
s 28
f 1350/2749/4780 1511/2750/4781 1512/2751/4782 1488/2752/4783
s off
f 1460/3037/4784 1459/3038/4785 1477/3039/4786 1489/3040/4787
f 1469/2755/4788 1460/2756/4789 1489/2757/4790 1485/2758/4791
s 25
f 1458/2734/4747 1470/2737/4792 1481/2738/4793 1476/2735/4748
s 29
f 1483/3041/4794 1481/3042/4795 1491/3043/4796 1490/3044/4797
s off
f 1481/2759/4798 1519/2760/4799 1479/2761/4800 1492/2762/4801 1491/2763/4802
s 26
f 1479/3018/4760 1484/3021/4771 1493/3024/4803 1492/3025/4804
s 29
f 1485/3045/4805 1483/3041/4794 1490/3044/4797 1494/3046/4806
s 26
f 1484/3021/4771 1486/3023/4773 1495/3028/4807 1493/3024/4803
s 30
f 1486/2764/4808 1513/2765/4809 1514/2766/4810 1495/2767/4811
s off
f 1400/2635/4812 1399/2634/4813 1496/2653/4814 1497/2652/4815
f 1399/2634/4816 1387/2632/4817 1498/2654/4818 1496/2653/4819
f 1387/2632/4820 1395/2633/4821 1499/2655/4822 1498/2654/4823
f 1395/2633/4824 1400/2635/4825 1497/2652/4826 1499/2655/4827
f 1490/2648/4828 1491/2649/4829 1501/2657/4830 1500/2656/4831
f 1491/2649/4832 1492/2650/4833 1502/2658/4834 1518/2660/4835 1501/2657/4836
f 1492/2650/4837 1493/2651/4838 1503/2659/4839 1502/2658/4840
f 1493/2770/4841 1515/2771/4842 1490/2772/4843 1500/2773/4844 1503/2774/4845
s 31
f 1500/3047/4846 1501/3048/4847 1505/3049/4848 1504/3050/4849
s 32
f 1517/2780/4850 1518/2781/4851 1502/2782/4852 1506/2783/4853
s off
f 1502/3053/4854 1503/3054/4855 1507/3055/4856 1506/3056/4857
s 33
f 1503/2774/4858 1500/2773/4859 1504/2775/4860 1516/2776/4861 1507/2777/4862
s 8
f 1509/2696/4727 1508/2704/4729 1465/2697/4731 1466/2690/4730
f 1510/2695/4728 1509/2696/4727 1466/2690/4730 1467/2689/4732
s 2
f 1511/2831/4726 1510/2832/4725 1467/2828/4734 1468/2824/4733
s 28
f 1512/2751/4782 1511/2750/4781 1468/2753/4863 1487/2754/4864
s 24
f 1487/2925/4865 1485/2926/4866 1513/2922/4722 1512/2921/4721
s 30
f 1514/2766/4810 1513/2765/4809 1485/2768/4867 1494/2769/4868
s 23
f 1494/2919/4869 1490/2920/4870 1515/2916/4718 1514/2915/4717
s off
f 1525/2927/4871 1526/2928/4872 1527/2929/4873 1528/2930/4874
s 32
f 1501/2784/4875 1518/2781/4851 1517/2780/4850 1505/2785/4876
s 22
f 1520/2908/4712 1519/2907/4711 1481/2909/4877 1482/2910/4878
s 27
f 1471/2747/4879 1521/2744/4767 1520/2743/4766 1482/2748/4880
s 2
f 1522/2798/4708 1521/2799/4707 1471/2793/4740 1472/2792/4742
s 1
f 1523/2671/4704 1522/2672/4706 1472/2666/4744 1473/2665/4743
f 1473/2665/4743 1474/2673/4745 1524/2680/4705 1523/2671/4704
s 31
f 1504/3050/4849 1505/3049/4848 1526/3051/4881 1525/3052/4882
s 32
f 1505/2785/4876 1517/2780/4850 1527/2786/4883 1526/2787/4884
s off
f 1517/3057/4885 1516/3058/4886 1528/3059/4887 1527/3060/4888
s 33
f 1516/2776/4861 1504/2775/4860 1525/2778/4889 1528/2779/4890
g default
v -1.240010 11.988492 0.632497
v -1.302366 11.980102 0.595295
v -1.370594 11.970795 0.619812
v -1.404726 11.966024 0.691685
v -1.384769 11.968584 0.768813
v -1.322413 11.976975 0.806014
v -1.254185 11.986281 0.781498
v -1.220052 11.991052 0.709625
v -1.167630 11.998446 0.564340
v -1.292343 11.981665 0.489936
v -1.428799 11.963052 0.538968
v -1.497064 11.953510 0.682715
v -1.457149 11.958630 0.836970
v -1.332436 11.975411 0.911374
v -1.195980 11.994024 0.862341
v -1.127715 12.003566 0.718595
v -1.294690 12.934696 0.566145
v -1.419403 12.917915 0.491741
v -1.555859 12.899302 0.540774
v -1.624124 12.889760 0.684520
v -1.584209 12.894879 0.838776
v -1.459496 12.911661 0.913179
v -1.323040 12.930274 0.864147
v -1.254775 12.939816 0.720401
v -1.421750 13.870946 0.567950
v -1.546463 13.854165 0.493547
v -1.682919 13.835551 0.542579
v -1.751184 13.826010 0.686326
v -1.711269 13.831129 0.840581
v -1.586556 13.847911 0.914985
v -1.450100 13.866524 0.865952
v -1.381836 13.876065 0.722206
v -1.548810 14.807196 0.569756
v -1.673523 14.790414 0.495352
v -1.809979 14.771801 0.544385
v -1.878244 14.762260 0.688131
v -1.838329 14.767379 0.842386
v -1.713617 14.784161 0.916790
v -1.577161 14.802774 0.867758
v -1.508896 14.812315 0.724011
v -1.621190 14.797242 0.637913
v -1.683547 14.788851 0.600712
v -1.751775 14.779544 0.625228
v -1.785907 14.774774 0.697101
v -1.765950 14.777333 0.774229
v -1.703593 14.785724 0.811431
v -1.635365 14.795031 0.786914
v -1.601233 14.799801 0.715041
v -1.312389 11.978538 0.700655
v -1.693570 14.787287 0.706071
vt 0.258298 0.346002
vt 0.249349 0.342295
vt 0.249349 0.329640
vt 0.267246 0.337053
vt 0.240401 0.346002
vt 0.231452 0.337053
vt 0.236694 0.354950
vt 0.224039 0.354950
vt 0.240401 0.363899
vt 0.231452 0.372848
vt 0.249349 0.367606
vt 0.249349 0.380261
vt 0.258298 0.363899
vt 0.267246 0.372848
vt 0.262004 0.354950
vt 0.274660 0.354950
vt 0.097324 0.947843
vt 0.048662 0.947843
vt 0.048662 0.901964
vt 0.097324 0.901964
vt 0.000000 0.947843
vt 0.000000 0.901964
vt 0.712850 0.739010
vt 0.763666 0.739010
vt 0.763666 0.786920
vt 0.712850 0.786920
vt 0.814482 0.739010
vt 0.814482 0.786920
vt 0.814686 0.466877
vt 0.863348 0.466877
vt 0.863348 0.512756
vt 0.814686 0.512756
vt 0.912010 0.466877
vt 0.912010 0.512756
vt 0.366609 0.719265
vt 0.417425 0.719265
vt 0.417425 0.767175
vt 0.366609 0.767175
vt 0.468241 0.719265
vt 0.468241 0.767175
vt 0.048662 0.856086
vt 0.097324 0.856086
vt 0.000000 0.856086
vt 0.763666 0.834830
vt 0.712850 0.834830
vt 0.814482 0.834830
vt 0.863348 0.558635
vt 0.814686 0.558635
vt 0.912010 0.558635
vt 0.417425 0.815085
vt 0.366609 0.815085
vt 0.468241 0.815085
vt 0.048662 0.810207
vt 0.097324 0.810207
vt 0.000000 0.810207
vt 0.763666 0.882740
vt 0.712850 0.882740
vt 0.814482 0.882740
vt 0.863348 0.604514
vt 0.814686 0.604514
vt 0.912010 0.604514
vt 0.417425 0.862995
vt 0.366609 0.862995
vt 0.468241 0.862995
vt 0.990280 0.043208
vt 0.972383 0.050621
vt 0.972383 0.037966
vt 0.981332 0.034259
vt 0.954486 0.043208
vt 0.963434 0.034259
vt 0.947072 0.025311
vt 0.959728 0.025311
vt 0.954486 0.007413
vt 0.963434 0.016362
vt 0.972383 0.000000
vt 0.972383 0.012655
vt 0.990280 0.007413
vt 0.981332 0.016362
vt 0.997693 0.025311
vt 0.985038 0.025311
vt 0.249349 0.354950
vt 0.972383 0.025311
vn 0.134478 -0.990915 -0.001906
vn 0.134478 -0.990915 -0.001906
vn 0.134478 -0.990915 -0.001906
vn 0.134478 -0.990915 -0.001906
vn 0.134479 -0.990915 -0.001911
vn 0.134479 -0.990915 -0.001910
vn 0.134479 -0.990915 -0.001910
vn 0.134479 -0.990915 -0.001911
vn 0.134479 -0.990915 -0.001910
vn 0.134479 -0.990915 -0.001910
vn 0.134479 -0.990915 -0.001910
vn 0.134479 -0.990915 -0.001910
vn 0.134479 -0.990915 -0.001910
vn 0.134479 -0.990915 -0.001911
vn 0.134479 -0.990915 -0.001911
vn 0.134479 -0.990915 -0.001910
vn 0.134479 -0.990915 -0.001911
vn 0.134479 -0.990915 -0.001911
vn 0.134479 -0.990915 -0.001911
vn 0.134479 -0.990915 -0.001911
vn 0.134479 -0.990915 -0.001911
vn 0.134479 -0.990915 -0.001911
vn 0.134479 -0.990915 -0.001911
vn 0.134479 -0.990915 -0.001911
vn 0.134479 -0.990915 -0.001911
vn 0.134479 -0.990915 -0.001911
vn 0.134479 -0.990915 -0.001911
vn 0.134479 -0.990915 -0.001911
vn 0.134479 -0.990915 -0.001911
vn 0.134479 -0.990915 -0.001911
vn 0.134479 -0.990915 -0.001911
vn 0.134479 -0.990915 -0.001911
vn 0.504118 0.070075 -0.860787
vn 0.504118 0.070075 -0.860787
vn 0.504118 0.070075 -0.860787
vn 0.504118 0.070075 -0.860787
vn -0.332604 -0.043322 -0.942071
vn -0.332604 -0.043322 -0.942071
vn -0.332604 -0.043322 -0.942071
vn -0.332604 -0.043322 -0.942071
vn -0.893616 -0.120440 -0.432371
vn -0.893616 -0.120440 -0.432371
vn -0.893616 -0.120440 -0.432371
vn -0.893616 -0.120440 -0.432371
vn -0.958763 -0.130602 0.252421
vn -0.958763 -0.130602 0.252421
vn -0.958763 -0.130602 0.252421
vn -0.958763 -0.130602 0.252421
vn -0.504118 -0.070075 0.860787
vn -0.504118 -0.070075 0.860787
vn -0.504118 -0.070075 0.860787
vn -0.504118 -0.070075 0.860787
vn 0.332604 0.043322 0.942071
vn 0.332604 0.043322 0.942071
vn 0.332604 0.043322 0.942071
vn 0.332604 0.043322 0.942071
vn 0.893616 0.120440 0.432371
vn 0.893616 0.120440 0.432371
vn 0.893616 0.120440 0.432371
vn 0.893616 0.120440 0.432371
vn 0.958763 0.130602 -0.252421
vn 0.958763 0.130602 -0.252421
vn 0.958763 0.130602 -0.252421
vn 0.958763 0.130602 -0.252421
vn 0.504118 0.070075 -0.860787
vn 0.504118 0.070075 -0.860787
vn 0.504118 0.070075 -0.860787
vn 0.504118 0.070075 -0.860787
vn -0.332604 -0.043322 -0.942071
vn -0.332604 -0.043322 -0.942071
vn -0.332604 -0.043322 -0.942071
vn -0.332604 -0.043322 -0.942071
vn -0.893616 -0.120440 -0.432371
vn -0.893616 -0.120440 -0.432371
vn -0.893616 -0.120440 -0.432371
vn -0.893616 -0.120440 -0.432371
vn -0.958763 -0.130602 0.252421
vn -0.958763 -0.130602 0.252421
vn -0.958763 -0.130602 0.252421
vn -0.958763 -0.130602 0.252421
vn -0.504118 -0.070075 0.860787
vn -0.504118 -0.070075 0.860787
vn -0.504118 -0.070075 0.860787
vn -0.504118 -0.070075 0.860787
vn 0.332604 0.043322 0.942071
vn 0.332604 0.043322 0.942071
vn 0.332604 0.043322 0.942071
vn 0.332604 0.043322 0.942071
vn 0.893616 0.120440 0.432371
vn 0.893616 0.120440 0.432371
vn 0.893616 0.120440 0.432371
vn 0.893616 0.120440 0.432371
vn 0.958763 0.130602 -0.252421
vn 0.958763 0.130602 -0.252421
vn 0.958763 0.130602 -0.252421
vn 0.958763 0.130602 -0.252421
vn 0.504118 0.070075 -0.860787
vn 0.504118 0.070075 -0.860787
vn 0.504118 0.070075 -0.860787
vn 0.504118 0.070075 -0.860787
vn -0.332604 -0.043322 -0.942071
vn -0.332604 -0.043322 -0.942071
vn -0.332604 -0.043322 -0.942071
vn -0.332604 -0.043322 -0.942071
vn -0.893616 -0.120440 -0.432371
vn -0.893616 -0.120440 -0.432371
vn -0.893616 -0.120440 -0.432371
vn -0.893616 -0.120440 -0.432371
vn -0.958763 -0.130602 0.252421
vn -0.958763 -0.130602 0.252421
vn -0.958763 -0.130602 0.252421
vn -0.958763 -0.130602 0.252421
vn -0.504118 -0.070075 0.860787
vn -0.504118 -0.070075 0.860787
vn -0.504118 -0.070075 0.860787
vn -0.504118 -0.070075 0.860787
vn 0.332604 0.043322 0.942071
vn 0.332604 0.043322 0.942071
vn 0.332604 0.043322 0.942071
vn 0.332604 0.043322 0.942071
vn 0.893616 0.120440 0.432371
vn 0.893616 0.120440 0.432371
vn 0.893616 0.120440 0.432371
vn 0.893616 0.120440 0.432371
vn 0.958763 0.130602 -0.252421
vn 0.958763 0.130602 -0.252421
vn 0.958763 0.130602 -0.252421
vn 0.958763 0.130602 -0.252421
vn -0.134479 0.990915 0.001911
vn -0.134479 0.990915 0.001911
vn -0.134479 0.990915 0.001911
vn -0.134479 0.990915 0.001911
vn -0.134479 0.990915 0.001911
vn -0.134479 0.990915 0.001911
vn -0.134479 0.990915 0.001911
vn -0.134479 0.990915 0.001911
vn -0.134479 0.990915 0.001911
vn -0.134479 0.990915 0.001911
vn -0.134479 0.990915 0.001911
vn -0.134479 0.990915 0.001911
vn -0.134479 0.990915 0.001911
vn -0.134479 0.990915 0.001911
vn -0.134479 0.990915 0.001911
vn -0.134479 0.990915 0.001911
vn -0.134479 0.990915 0.001911
vn -0.134479 0.990915 0.001911
vn -0.134479 0.990915 0.001911
vn -0.134479 0.990915 0.001911
vn -0.134479 0.990915 0.001911
vn -0.134479 0.990915 0.001911
vn -0.134479 0.990915 0.001911
vn -0.134479 0.990915 0.001911
vn -0.134479 0.990915 0.001911
vn -0.134479 0.990915 0.001911
vn -0.134479 0.990915 0.001911
vn -0.134479 0.990915 0.001911
vn -0.134479 0.990915 0.001911
vn -0.134479 0.990915 0.001911
vn -0.134479 0.990915 0.001911
vn -0.134479 0.990915 0.001911
vn 0.134479 -0.990915 -0.001911
vn 0.134479 -0.990915 -0.001911
vn 0.134479 -0.990915 -0.001911
vn 0.134479 -0.990915 -0.001910
vn 0.134479 -0.990915 -0.001911
vn 0.134479 -0.990915 -0.001911
vn 0.134479 -0.990915 -0.001910
vn 0.134479 -0.990915 -0.001910
vn 0.134479 -0.990915 -0.001911
vn 0.134479 -0.990915 -0.001911
vn 0.134479 -0.990915 -0.001910
vn 0.134479 -0.990915 -0.001911
vn 0.134479 -0.990915 -0.001911
vn 0.134479 -0.990915 -0.001911
vn 0.134479 -0.990915 -0.001911
vn 0.134479 -0.990915 -0.001911
vn 0.134479 -0.990915 -0.001911
vn 0.134479 -0.990915 -0.001911
vn 0.134479 -0.990915 -0.001911
vn 0.134479 -0.990915 -0.001911
vn 0.134479 -0.990915 -0.001911
vn 0.134479 -0.990915 -0.001911
vn 0.134479 -0.990915 -0.001911
vn 0.134479 -0.990915 -0.001911
vn -0.134479 0.990915 0.001911
vn -0.134479 0.990915 0.001911
vn -0.134479 0.990915 0.001911
vn -0.134479 0.990915 0.001911
vn -0.134479 0.990915 0.001911
vn -0.134479 0.990915 0.001911
vn -0.134479 0.990915 0.001911
vn -0.134479 0.990915 0.001911
vn -0.134479 0.990915 0.001911
vn -0.134479 0.990915 0.001911
vn -0.134479 0.990915 0.001911
vn -0.134479 0.990915 0.001911
vn -0.134479 0.990915 0.001911
vn -0.134479 0.990915 0.001911
vn -0.134479 0.990915 0.001911
vn -0.134479 0.990915 0.001911
vn -0.134479 0.990915 0.001911
vn -0.134479 0.990915 0.001911
vn -0.134479 0.990915 0.001911
vn -0.134479 0.990915 0.001911
vn -0.134479 0.990915 0.001911
vn -0.134479 0.990915 0.001911
vn -0.134479 0.990915 0.001911
vn -0.134479 0.990915 0.001911
s off
g fl:flowerpCylinder4
usemtl standardSurface2SG
f 1529/3061/4891 1530/3062/4892 1538/3063/4893 1537/3064/4894
f 1530/3062/4895 1531/3065/4896 1539/3066/4897 1538/3063/4898
f 1531/3065/4899 1532/3067/4900 1540/3068/4901 1539/3066/4902
f 1532/3067/4903 1533/3069/4904 1541/3070/4905 1540/3068/4906
f 1533/3069/4907 1534/3071/4908 1542/3072/4909 1541/3070/4910
f 1534/3071/4911 1535/3073/4912 1543/3074/4913 1542/3072/4914
f 1535/3073/4915 1536/3075/4916 1544/3076/4917 1543/3074/4918
f 1536/3075/4919 1529/3061/4920 1537/3064/4921 1544/3076/4922
f 1537/3077/4923 1538/3078/4924 1546/3079/4925 1545/3080/4926
f 1538/3078/4927 1539/3081/4928 1547/3082/4929 1546/3079/4930
f 1539/3083/4931 1540/3084/4932 1548/3085/4933 1547/3086/4934
f 1540/3084/4935 1541/3087/4936 1549/3088/4937 1548/3085/4938
f 1541/3089/4939 1542/3090/4940 1550/3091/4941 1549/3092/4942
f 1542/3090/4943 1543/3093/4944 1551/3094/4945 1550/3091/4946
f 1543/3095/4947 1544/3096/4948 1552/3097/4949 1551/3098/4950
f 1544/3096/4951 1537/3099/4952 1545/3100/4953 1552/3097/4954
f 1545/3080/4955 1546/3079/4956 1554/3101/4957 1553/3102/4958
f 1546/3079/4959 1547/3082/4960 1555/3103/4961 1554/3101/4962
f 1547/3086/4963 1548/3085/4964 1556/3104/4965 1555/3105/4966
f 1548/3085/4967 1549/3088/4968 1557/3106/4969 1556/3104/4970
f 1549/3092/4971 1550/3091/4972 1558/3107/4973 1557/3108/4974
f 1550/3091/4975 1551/3094/4976 1559/3109/4977 1558/3107/4978
f 1551/3098/4979 1552/3097/4980 1560/3110/4981 1559/3111/4982
f 1552/3097/4983 1545/3100/4984 1553/3112/4985 1560/3110/4986
f 1553/3102/4987 1554/3101/4988 1562/3113/4989 1561/3114/4990
f 1554/3101/4991 1555/3103/4992 1563/3115/4993 1562/3113/4994
f 1555/3105/4995 1556/3104/4996 1564/3116/4997 1563/3117/4998
f 1556/3104/4999 1557/3106/5000 1565/3118/5001 1564/3116/5002
f 1557/3108/5003 1558/3107/5004 1566/3119/5005 1565/3120/5006
f 1558/3107/5007 1559/3109/5008 1567/3121/5009 1566/3119/5010
f 1559/3111/5011 1560/3110/5012 1568/3122/5013 1567/3123/5014
f 1560/3110/5015 1553/3112/5016 1561/3124/5017 1568/3122/5018
f 1561/3125/5019 1562/3126/5020 1570/3127/5021 1569/3128/5022
f 1562/3126/5023 1563/3129/5024 1571/3130/5025 1570/3127/5026
f 1563/3129/5027 1564/3131/5028 1572/3132/5029 1571/3130/5030
f 1564/3131/5031 1565/3133/5032 1573/3134/5033 1572/3132/5034
f 1565/3133/5035 1566/3135/5036 1574/3136/5037 1573/3134/5038
f 1566/3135/5039 1567/3137/5040 1575/3138/5041 1574/3136/5042
f 1567/3137/5043 1568/3139/5044 1576/3140/5045 1575/3138/5046
f 1568/3139/5047 1561/3125/5048 1569/3128/5049 1576/3140/5050
f 1530/3062/5051 1529/3061/5052 1577/3141/5053
f 1531/3065/5054 1530/3062/5055 1577/3141/5056
f 1532/3067/5057 1531/3065/5058 1577/3141/5059
f 1533/3069/5060 1532/3067/5061 1577/3141/5062
f 1534/3071/5063 1533/3069/5064 1577/3141/5065
f 1535/3073/5066 1534/3071/5067 1577/3141/5068
f 1536/3075/5069 1535/3073/5070 1577/3141/5071
f 1529/3061/5072 1536/3075/5073 1577/3141/5074
f 1569/3128/5075 1570/3127/5076 1578/3142/5077
f 1570/3127/5078 1571/3130/5079 1578/3142/5080
f 1571/3130/5081 1572/3132/5082 1578/3142/5083
f 1572/3132/5084 1573/3134/5085 1578/3142/5086
f 1573/3134/5087 1574/3136/5088 1578/3142/5089
f 1574/3136/5090 1575/3138/5091 1578/3142/5092
f 1575/3138/5093 1576/3140/5094 1578/3142/5095
f 1576/3140/5096 1569/3128/5097 1578/3142/5098
g default
v 0.306145 15.164141 0.598225
v 0.210626 15.092960 0.561426
v 0.107350 15.030652 0.592047
v 0.035767 15.001017 0.678392
v 0.023217 15.015374 0.787480
v 0.074495 15.068240 0.877644
v 0.170014 15.139421 0.914443
v 0.273289 15.201728 0.883822
v 0.344873 15.231363 0.797477
v 0.357423 15.217006 0.688389
v 0.361221 15.271229 0.461562
v 0.179533 15.135835 0.391566
v -0.016908 15.017318 0.449810
v -0.153069 14.960949 0.614048
v -0.176940 14.988258 0.821546
v -0.079403 15.088815 0.993047
v 0.102285 15.224209 1.063043
v 0.298726 15.342725 1.004798
v 0.434886 15.399094 0.840560
v 0.458757 15.371785 0.633062
v 0.367183 15.404978 0.344984
v 0.117111 15.218624 0.248643
v -0.153267 15.055500 0.328810
v -0.340676 14.977914 0.554864
v -0.373531 15.015502 0.840460
v -0.239284 15.153906 1.076511
v 0.010788 15.340260 1.172852
v 0.281166 15.503384 1.092685
v 0.468575 15.580969 0.866631
v 0.501430 15.543382 0.581034
v 0.323448 15.552295 0.259904
v 0.029470 15.333222 0.146648
v -0.288378 15.141459 0.240889
v -0.508690 15.050252 0.506632
v -0.547314 15.094439 0.842371
v -0.389497 15.257142 1.119865
v -0.095520 15.476215 1.233121
v 0.222329 15.667978 1.138879
v 0.442641 15.759185 0.873136
v 0.481265 15.714998 0.537398
v 0.234296 15.698760 0.214649
v -0.074811 15.468413 0.095564
v -0.409016 15.266781 0.194656
v -0.640666 15.170880 0.474075
v -0.681278 15.217341 0.827091
v -0.515339 15.388418 1.118866
v -0.206233 15.618764 1.237950
v 0.127973 15.820396 1.138858
v 0.359623 15.916297 0.859440
v 0.400234 15.869836 0.506423
v 0.108454 15.830035 0.213650
v -0.185524 15.610963 0.100394
v -0.503372 15.419199 0.194636
v -0.723684 15.327992 0.460378
v -0.762308 15.372179 0.796117
v -0.604491 15.534883 1.073611
v -0.310513 15.753955 1.186867
v 0.007335 15.945718 1.092625
v 0.227647 16.036926 0.826882
v 0.266271 15.992739 0.491144
v -0.041759 15.933272 0.257004
v -0.291832 15.746917 0.160663
v -0.562210 15.583794 0.240830
v -0.749618 15.506208 0.466884
v -0.782474 15.543796 0.752480
v -0.648226 15.682200 0.988531
v -0.398154 15.868554 1.084872
v -0.127776 16.031677 1.004705
v 0.059632 16.109262 0.778651
v 0.092488 16.071674 0.493054
v -0.201640 15.998363 0.340468
v -0.383328 15.862969 0.270472
v -0.579769 15.744452 0.328716
v -0.715930 15.688083 0.492954
v -0.739801 15.715392 0.700452
v -0.642264 15.815948 0.871953
v -0.460576 15.951343 0.941949
v -0.264135 16.069859 0.883704
v -0.127975 16.126228 0.719466
v -0.104104 16.098919 0.511968
v -0.355538 16.018938 0.455871
v -0.451057 15.947757 0.419072
v -0.554332 15.885449 0.449693
v -0.625916 15.855814 0.536038
v -0.638466 15.870171 0.645126
v -0.587188 15.923037 0.735289
v -0.491669 15.994218 0.772088
v -0.388394 16.056526 0.741467
v -0.316810 16.086161 0.655122
v -0.304260 16.071802 0.546034
v 0.207346 15.094195 0.741597
v -0.488389 15.992982 0.591917
vt 0.077965 0.338503
vt 0.064647 0.328827
vt 0.072072 0.305974
vt 0.097405 0.324379
vt 0.048185 0.328827
vt 0.040760 0.305974
vt 0.034867 0.338503
vt 0.015427 0.324379
vt 0.029780 0.354159
vt 0.005751 0.354159
vt 0.034867 0.369815
vt 0.015427 0.383939
vt 0.048185 0.379491
vt 0.040760 0.402344
vt 0.064647 0.379491
vt 0.072072 0.402344
vt 0.077965 0.369815
vt 0.097405 0.383939
vt 0.083052 0.354159
vt 0.107081 0.354159
vt 0.077965 0.287838
vt 0.112832 0.313170
vt 0.034867 0.287838
vt 0.000000 0.313170
vt 0.509179 0.115555
vt 0.509179 0.084766
vt 0.528895 0.084766
vt 0.528895 0.127144
vt 0.509179 0.053976
vt 0.528895 0.042387
vt 0.034867 0.420480
vt 0.000000 0.395148
vt 0.077965 0.420480
vt 0.112832 0.395148
vt 0.539729 0.535188
vt 0.539729 0.504399
vt 0.559445 0.504399
vt 0.559445 0.546777
vt 0.539729 0.473609
vt 0.559445 0.462020
vt 0.559445 0.435829
vt 0.584289 0.423790
vt 0.584289 0.454580
vt 0.910232 0.973635
vt 0.870315 0.973635
vt 0.866811 0.951380
vt 0.913736 0.951380
vt 0.528895 0.153336
vt 0.553738 0.134585
vt 0.553738 0.165374
vt 0.553738 0.084766
vt 0.553738 0.034947
vt 0.528895 0.016196
vt 0.553738 0.004157
vt 0.921233 0.794486
vt 0.961149 0.794486
vt 0.964654 0.816741
vt 0.917729 0.816741
vt 0.559445 0.572968
vt 0.584289 0.554218
vt 0.584289 0.585007
vt 0.584289 0.504399
vt 0.611828 0.419642
vt 0.611828 0.452016
vt 0.865604 0.926711
vt 0.914943 0.926711
vt 0.581277 0.137148
vt 0.581277 0.169523
vt 0.581277 0.084766
vt 0.581277 0.032383
vt 0.581277 0.000009
vt 0.965861 0.841411
vt 0.916522 0.841411
vt 0.611828 0.556781
vt 0.611828 0.589156
vt 0.611828 0.504399
vt 0.639367 0.423790
vt 0.639367 0.454580
vt 0.866811 0.902041
vt 0.913736 0.902041
vt 0.608816 0.134585
vt 0.608816 0.165374
vt 0.608816 0.084766
vt 0.608816 0.034947
vt 0.608816 0.004157
vt 0.964654 0.866080
vt 0.917729 0.866080
vt 0.639367 0.554218
vt 0.639367 0.585007
vt 0.639367 0.504399
vt 0.664211 0.435829
vt 0.664211 0.462020
vt 0.870315 0.879786
vt 0.910232 0.879786
vt 0.633660 0.127144
vt 0.633660 0.153336
vt 0.633660 0.084766
vt 0.633660 0.042387
vt 0.633660 0.016196
vt 0.961149 0.888335
vt 0.921233 0.888335
vt 0.664211 0.546777
vt 0.664211 0.572968
vt 0.664211 0.504399
vt 0.245218 0.720948
vt 0.210351 0.746280
vt 0.204459 0.728144
vt 0.229791 0.709739
vt 0.167253 0.746280
vt 0.173146 0.728144
vt 0.132386 0.720948
vt 0.147814 0.709739
vt 0.653376 0.084766
vt 0.653376 0.115555
vt 0.653376 0.053976
vt 0.132386 0.638971
vt 0.167253 0.613638
vt 0.173146 0.631774
vt 0.147814 0.650180
vt 0.210351 0.613639
vt 0.204459 0.631774
vt 0.245218 0.638971
vt 0.229791 0.650180
vt 0.683927 0.504399
vt 0.683927 0.535188
vt 0.683927 0.473609
vt 0.197033 0.705292
vt 0.210351 0.695616
vt 0.180571 0.705292
vt 0.167253 0.695616
vt 0.138138 0.679959
vt 0.162166 0.679959
vt 0.167253 0.664303
vt 0.180571 0.654627
vt 0.197033 0.654627
vt 0.210351 0.664303
vt 0.239467 0.679959
vt 0.215438 0.679959
vt 0.056416 0.354159
vt 0.188802 0.679959
vn 0.641458 -0.707731 -0.296055
vn 0.641458 -0.707731 -0.296055
vn 0.641458 -0.707731 -0.296055
vn 0.641458 -0.707731 -0.296055
vn 0.428307 -0.854443 -0.294074
vn 0.428307 -0.854443 -0.294074
vn 0.428307 -0.854443 -0.294074
vn 0.428307 -0.854443 -0.294074
vn 0.246618 -0.960970 -0.125364
vn 0.246618 -0.960970 -0.125364
vn 0.246618 -0.960970 -0.125364
vn 0.246618 -0.960970 -0.125364
vn 0.157259 -0.976612 0.146625
vn 0.157259 -0.976612 0.146625
vn 0.157259 -0.976612 0.146625
vn 0.157259 -0.976612 0.146625
vn 0.190970 -0.890298 0.413400
vn 0.190970 -0.890298 0.413400
vn 0.190970 -0.890298 0.413400
vn 0.190970 -0.890298 0.413400
vn 0.333179 -0.745516 0.577233
vn 0.333179 -0.745516 0.577233
vn 0.333179 -0.745516 0.577233
vn 0.333179 -0.745516 0.577233
vn 0.538261 -0.602621 0.589172
vn 0.538261 -0.602621 0.589172
vn 0.538261 -0.602621 0.589172
vn 0.538261 -0.602621 0.589172
vn 0.740085 -0.509824 0.438582
vn 0.740085 -0.509824 0.438582
vn 0.740085 -0.509824 0.438582
vn 0.740085 -0.509824 0.438582
vn 0.851151 -0.498787 0.163564
vn 0.851151 -0.498787 0.163564
vn 0.851151 -0.498787 0.163564
vn 0.851151 -0.498787 0.163564
vn 0.809377 -0.574116 -0.123689
vn 0.809377 -0.574116 -0.123689
vn 0.809377 -0.574116 -0.123689
vn 0.809377 -0.574116 -0.123689
vn 0.618911 -0.531591 -0.578238
vn 0.618911 -0.531591 -0.578238
vn 0.618911 -0.531591 -0.578238
vn 0.618911 -0.531591 -0.578238
vn 0.292816 -0.766355 -0.571803
vn 0.292816 -0.766355 -0.571803
vn 0.292816 -0.766355 -0.571803
vn 0.292816 -0.766355 -0.571803
vn 0.013426 -0.949122 -0.314623
vn 0.013426 -0.949122 -0.314623
vn 0.013426 -0.949122 -0.314623
vn 0.013426 -0.949122 -0.314623
vn -0.125466 -0.985381 0.115253
vn -0.125466 -0.985381 0.115253
vn -0.125466 -0.985381 0.115253
vn -0.125466 -0.985381 0.115253
vn -0.065755 -0.844017 0.532270
vn -0.065755 -0.844017 0.532270
vn -0.065755 -0.844017 0.532270
vn -0.065755 -0.844017 0.532270
vn 0.156358 -0.611010 0.776028
vn 0.156358 -0.611010 0.776028
vn 0.156358 -0.611010 0.776028
vn 0.156358 -0.611010 0.776028
vn 0.467823 -0.384265 0.795916
vn 0.467823 -0.384265 0.795916
vn 0.467823 -0.384265 0.795916
vn 0.467823 -0.384265 0.795916
vn 0.786580 -0.227958 0.573870
vn 0.786580 -0.227958 0.573870
vn 0.786580 -0.227958 0.573870
vn 0.786580 -0.227958 0.573870
vn 0.970159 -0.199463 0.137860
vn 0.970159 -0.199463 0.137860
vn 0.970159 -0.199463 0.137860
vn 0.970159 -0.199463 0.137860
vn 0.892011 -0.318943 -0.320300
vn 0.892011 -0.318943 -0.320300
vn 0.892011 -0.318943 -0.320300
vn 0.892011 -0.318943 -0.320300
vn 0.529677 -0.300778 -0.793079
vn 0.529677 -0.300778 -0.793079
vn 0.529677 -0.300778 -0.793079
vn 0.529677 -0.300778 -0.793079
vn 0.129637 -0.602063 -0.787854
vn 0.129637 -0.602063 -0.787854
vn 0.129637 -0.602063 -0.787854
vn 0.129637 -0.602063 -0.787854
vn -0.227329 -0.847647 -0.479392
vn -0.227329 -0.847647 -0.479392
vn -0.227329 -0.847647 -0.479392
vn -0.227329 -0.847647 -0.479392
vn -0.411824 -0.908400 0.072179
vn -0.411824 -0.908400 0.072179
vn -0.411824 -0.908400 0.072179
vn -0.411824 -0.908400 0.072179
vn -0.322611 -0.724974 0.608551
vn -0.322611 -0.724974 0.608551
vn -0.322611 -0.724974 0.608551
vn -0.322611 -0.724974 0.608551
vn -0.031375 -0.425469 0.904429
vn -0.031375 -0.425468 0.904429
vn -0.031375 -0.425468 0.904429
vn -0.031375 -0.425469 0.904429
vn 0.354636 -0.132973 0.925501
vn 0.354636 -0.132973 0.925501
vn 0.354636 -0.132973 0.925501
vn 0.354636 -0.132973 0.925501
vn 0.752374 0.085644 0.653145
vn 0.752374 0.085644 0.653145
vn 0.752374 0.085644 0.653145
vn 0.752374 0.085644 0.653145
vn 0.985593 0.139958 0.094964
vn 0.985593 0.139958 0.094964
vn 0.985593 0.139958 0.094964
vn 0.985593 0.139958 0.094964
vn 0.874218 -0.020621 -0.485096
vn 0.874218 -0.020621 -0.485096
vn 0.874218 -0.020621 -0.485096
vn 0.874218 -0.020621 -0.485096
vn 0.389487 -0.047129 -0.919825
vn 0.389487 -0.047129 -0.919825
vn 0.389487 -0.047129 -0.919825
vn 0.389487 -0.047129 -0.919825
vn -0.043171 -0.382105 -0.923110
vn -0.043171 -0.382105 -0.923110
vn -0.043171 -0.382105 -0.923110
vn -0.043171 -0.382105 -0.923110
vn -0.453066 -0.658016 -0.601453
vn -0.453066 -0.658016 -0.601453
vn -0.453066 -0.658016 -0.601453
vn -0.453066 -0.658016 -0.601453
vn -0.677082 -0.735664 0.018929
vn -0.677082 -0.735664 0.018929
vn -0.677082 -0.735664 0.018929
vn -0.677082 -0.735664 0.018929
vn -0.561664 -0.533603 0.632299
vn -0.561664 -0.533603 0.632299
vn -0.561664 -0.533603 0.632299
vn -0.561664 -0.533603 0.632299
vn -0.217764 -0.201482 0.954978
vn -0.217764 -0.201482 0.954978
vn -0.217765 -0.201482 0.954978
vn -0.217765 -0.201482 0.954978
vn 0.209177 0.129624 0.969248
vn 0.209177 0.129624 0.969248
vn 0.209177 0.129624 0.969248
vn 0.209177 0.129624 0.969248
vn 0.636509 0.394126 0.662964
vn 0.636509 0.394126 0.662964
vn 0.636509 0.394126 0.662964
vn 0.636509 0.394126 0.662964
vn 0.882028 0.469523 0.039676
vn 0.882028 0.469523 0.039676
vn 0.882028 0.469524 0.039676
vn 0.882028 0.469524 0.039676
vn 0.756259 0.277216 -0.592641
vn 0.756259 0.277215 -0.592641
vn 0.756259 0.277215 -0.592641
vn 0.756259 0.277215 -0.592641
vn 0.217764 0.201482 -0.954978
vn 0.217764 0.201482 -0.954978
vn 0.217764 0.201482 -0.954978
vn 0.217764 0.201482 -0.954978
vn -0.209177 -0.129624 -0.969248
vn -0.209177 -0.129624 -0.969248
vn -0.209177 -0.129624 -0.969248
vn -0.209177 -0.129624 -0.969248
vn -0.636509 -0.394126 -0.662964
vn -0.636509 -0.394126 -0.662964
vn -0.636509 -0.394126 -0.662964
vn -0.636509 -0.394126 -0.662964
vn -0.882028 -0.469523 -0.039675
vn -0.882028 -0.469523 -0.039675
vn -0.882028 -0.469523 -0.039675
vn -0.882028 -0.469523 -0.039675
vn -0.756259 -0.277215 0.592641
vn -0.756259 -0.277215 0.592641
vn -0.756259 -0.277215 0.592641
vn -0.756259 -0.277215 0.592641
vn -0.389487 0.047129 0.919825
vn -0.389487 0.047129 0.919825
vn -0.389487 0.047129 0.919825
vn -0.389487 0.047129 0.919825
vn 0.043171 0.382105 0.923110
vn 0.043171 0.382105 0.923110
vn 0.043171 0.382105 0.923110
vn 0.043171 0.382105 0.923110
vn 0.453066 0.658016 0.601453
vn 0.453066 0.658016 0.601453
vn 0.453066 0.658016 0.601453
vn 0.453066 0.658016 0.601453
vn 0.677082 0.735664 -0.018929
vn 0.677082 0.735664 -0.018929
vn 0.677082 0.735664 -0.018929
vn 0.677082 0.735664 -0.018929
vn 0.561664 0.533603 -0.632299
vn 0.561664 0.533603 -0.632299
vn 0.561664 0.533603 -0.632299
vn 0.561664 0.533603 -0.632299
vn 0.031375 0.425468 -0.904429
vn 0.031375 0.425468 -0.904429
vn 0.031375 0.425468 -0.904429
vn 0.031375 0.425468 -0.904429
vn -0.354636 0.132973 -0.925501
vn -0.354636 0.132973 -0.925501
vn -0.354636 0.132973 -0.925501
vn -0.354636 0.132973 -0.925501
vn -0.752374 -0.085644 -0.653145
vn -0.752374 -0.085644 -0.653145
vn -0.752374 -0.085644 -0.653145
vn -0.752374 -0.085644 -0.653145
vn -0.985593 -0.139957 -0.094964
vn -0.985593 -0.139957 -0.094964
vn -0.985593 -0.139957 -0.094964
vn -0.985593 -0.139957 -0.094964
vn -0.874217 0.020621 0.485097
vn -0.874217 0.020621 0.485097
vn -0.874217 0.020621 0.485097
vn -0.874217 0.020621 0.485097
vn -0.529677 0.300778 0.793079
vn -0.529677 0.300778 0.793079
vn -0.529677 0.300778 0.793079
vn -0.529677 0.300778 0.793079
vn -0.129637 0.602063 0.787854
vn -0.129637 0.602063 0.787854
vn -0.129637 0.602063 0.787854
vn -0.129637 0.602063 0.787854
vn 0.227329 0.847647 0.479392
vn 0.227329 0.847647 0.479392
vn 0.227329 0.847647 0.479392
vn 0.227329 0.847647 0.479392
vn 0.411824 0.908400 -0.072179
vn 0.411824 0.908400 -0.072179
vn 0.411825 0.908400 -0.072179
vn 0.411825 0.908400 -0.072179
vn 0.322611 0.724975 -0.608551
vn 0.322611 0.724975 -0.608551
vn 0.322610 0.724975 -0.608551
vn 0.322611 0.724975 -0.608551
vn -0.156358 0.611010 -0.776028
vn -0.156358 0.611010 -0.776028
vn -0.156358 0.611010 -0.776028
vn -0.156358 0.611010 -0.776028
vn -0.467823 0.384265 -0.795916
vn -0.467823 0.384265 -0.795916
vn -0.467823 0.384265 -0.795916
vn -0.467823 0.384265 -0.795916
vn -0.786580 0.227958 -0.573870
vn -0.786580 0.227958 -0.573870
vn -0.786580 0.227958 -0.573870
vn -0.786580 0.227958 -0.573870
vn -0.970159 0.199463 -0.137861
vn -0.970159 0.199463 -0.137861
vn -0.970159 0.199463 -0.137861
vn -0.970159 0.199463 -0.137861
vn -0.892011 0.318943 0.320300
vn -0.892011 0.318943 0.320300
vn -0.892011 0.318943 0.320301
vn -0.892011 0.318943 0.320301
vn -0.618911 0.531591 0.578238
vn -0.618911 0.531591 0.578238
vn -0.618911 0.531591 0.578238
vn -0.618911 0.531591 0.578238
vn -0.292816 0.766355 0.571803
vn -0.292816 0.766355 0.571803
vn -0.292816 0.766355 0.571803
vn -0.292816 0.766355 0.571803
vn -0.013426 0.949122 0.314623
vn -0.013426 0.949122 0.314623
vn -0.013426 0.949122 0.314623
vn -0.013426 0.949122 0.314623
vn 0.125466 0.985381 -0.115254
vn 0.125466 0.985380 -0.115254
vn 0.125466 0.985381 -0.115254
vn 0.125466 0.985381 -0.115254
vn 0.065755 0.844017 -0.532270
vn 0.065755 0.844017 -0.532270
vn 0.065755 0.844017 -0.532270
vn 0.065755 0.844017 -0.532270
vn -0.333179 0.745516 -0.577233
vn -0.333179 0.745516 -0.577233
vn -0.333179 0.745516 -0.577233
vn -0.333179 0.745516 -0.577233
vn -0.538261 0.602621 -0.589172
vn -0.538261 0.602621 -0.589172
vn -0.538261 0.602621 -0.589172
vn -0.538261 0.602621 -0.589172
vn -0.740085 0.509824 -0.438582
vn -0.740085 0.509824 -0.438582
vn -0.740085 0.509824 -0.438582
vn -0.740085 0.509824 -0.438582
vn -0.851151 0.498787 -0.163564
vn -0.851151 0.498787 -0.163564
vn -0.851151 0.498787 -0.163564
vn -0.851151 0.498787 -0.163564
vn -0.809377 0.574117 0.123689
vn -0.809377 0.574117 0.123689
vn -0.809377 0.574116 0.123689
vn -0.809377 0.574116 0.123689
vn -0.641459 0.707729 0.296058
vn -0.641459 0.707729 0.296058
vn -0.641458 0.707729 0.296058
vn -0.641459 0.707729 0.296058
vn -0.428307 0.854443 0.294074
vn -0.428307 0.854443 0.294074
vn -0.428307 0.854443 0.294074
vn -0.428307 0.854443 0.294074
vn -0.246618 0.960970 0.125364
vn -0.246618 0.960970 0.125364
vn -0.246618 0.960970 0.125364
vn -0.246618 0.960970 0.125364
vn -0.157259 0.976612 -0.146625
vn -0.157259 0.976612 -0.146625
vn -0.157259 0.976612 -0.146625
vn -0.157259 0.976612 -0.146625
vn -0.190970 0.890298 -0.413400
vn -0.190970 0.890298 -0.413400
vn -0.190970 0.890298 -0.413400
vn -0.190970 0.890298 -0.413400
vn 0.593405 -0.804739 0.016322
vn 0.593405 -0.804739 0.016322
vn 0.593405 -0.804739 0.016322
vn 0.519849 -0.854121 0.015322
vn 0.519849 -0.854121 0.015322
vn 0.519849 -0.854121 0.015322
vn 0.455141 -0.887443 0.072747
vn 0.455141 -0.887443 0.072747
vn 0.455141 -0.887443 0.072747
vn 0.422730 -0.890943 0.165890
vn 0.422730 -0.890943 0.165890
vn 0.422730 -0.890943 0.165890
vn 0.433946 -0.862868 0.259131
vn 0.433946 -0.862868 0.259131
vn 0.433946 -0.862868 0.259131
vn 0.484746 -0.814838 0.317901
vn 0.484746 -0.814838 0.317901
vn 0.484746 -0.814838 0.317901
vn 0.557200 -0.765928 0.320752
vn 0.557200 -0.765928 0.320752
vn 0.557200 -0.765928 0.320752
vn 0.624534 -0.734411 0.265703
vn 0.624534 -0.734411 0.265703
vn 0.624534 -0.734411 0.265703
vn 0.659687 -0.731553 0.172172
vn 0.659687 -0.731553 0.172172
vn 0.659687 -0.731553 0.172172
vn 0.647519 -0.758219 0.076308
vn 0.647519 -0.758219 0.076308
vn 0.647519 -0.758219 0.076308
vn -0.484746 0.814838 -0.317901
vn -0.484746 0.814838 -0.317901
vn -0.484746 0.814838 -0.317901
vn -0.557200 0.765928 -0.320752
vn -0.557200 0.765928 -0.320752
vn -0.557200 0.765928 -0.320752
vn -0.624534 0.734411 -0.265703
vn -0.624534 0.734411 -0.265703
vn -0.624534 0.734411 -0.265703
vn -0.659687 0.731553 -0.172172
vn -0.659687 0.731553 -0.172172
vn -0.659687 0.731553 -0.172172
vn -0.647519 0.758219 -0.076308
vn -0.647519 0.758219 -0.076308
vn -0.647519 0.758219 -0.076308
vn -0.593405 0.804739 -0.016322
vn -0.593405 0.804739 -0.016322
vn -0.593405 0.804739 -0.016322
vn -0.519849 0.854121 -0.015322
vn -0.519849 0.854121 -0.015322
vn -0.519849 0.854121 -0.015322
vn -0.455141 0.887443 -0.072747
vn -0.455141 0.887443 -0.072747
vn -0.455141 0.887443 -0.072747
vn -0.422730 0.890943 -0.165890
vn -0.422730 0.890943 -0.165890
vn -0.422730 0.890943 -0.165890
vn -0.433946 0.862868 -0.259131
vn -0.433946 0.862868 -0.259131
vn -0.433946 0.862868 -0.259131
s off
g fl:flowerpasted__pasted__pSphere1
usemtl standardSurface2SG
f 1579/3143/5099 1580/3144/5100 1590/3145/5101 1589/3146/5102
f 1580/3144/5103 1581/3147/5104 1591/3148/5105 1590/3145/5106
f 1581/3147/5107 1582/3149/5108 1592/3150/5109 1591/3148/5110
f 1582/3149/5111 1583/3151/5112 1593/3152/5113 1592/3150/5114
f 1583/3151/5115 1584/3153/5116 1594/3154/5117 1593/3152/5118
f 1584/3153/5119 1585/3155/5120 1595/3156/5121 1594/3154/5122
f 1585/3155/5123 1586/3157/5124 1596/3158/5125 1595/3156/5126
f 1586/3157/5127 1587/3159/5128 1597/3160/5129 1596/3158/5130
f 1587/3159/5131 1588/3161/5132 1598/3162/5133 1597/3160/5134
f 1588/3161/5135 1579/3143/5136 1589/3146/5137 1598/3162/5138
f 1589/3146/5139 1590/3145/5140 1600/3163/5141 1599/3164/5142
f 1590/3145/5143 1591/3148/5144 1601/3165/5145 1600/3163/5146
f 1591/3148/5147 1592/3150/5148 1602/3166/5149 1601/3165/5150
f 1592/3167/5151 1593/3168/5152 1603/3169/5153 1602/3170/5154
f 1593/3168/5155 1594/3171/5156 1604/3172/5157 1603/3169/5158
f 1594/3154/5159 1595/3156/5160 1605/3173/5161 1604/3174/5162
f 1595/3156/5163 1596/3158/5164 1606/3175/5165 1605/3173/5166
f 1596/3158/5167 1597/3160/5168 1607/3176/5169 1606/3175/5170
f 1597/3177/5171 1598/3178/5172 1608/3179/5173 1607/3180/5174
f 1598/3178/5175 1589/3181/5176 1599/3182/5177 1608/3179/5178
f 1599/3182/5179 1600/3183/5180 1610/3184/5181 1609/3185/5182
f 1600/3186/5183 1601/3187/5184 1611/3188/5185 1610/3189/5186
f 1601/3190/5187 1602/3170/5188 1612/3191/5189 1611/3192/5190
f 1602/3170/5191 1603/3169/5192 1613/3193/5193 1612/3191/5194
f 1603/3169/5195 1604/3172/5196 1614/3194/5197 1613/3193/5198
f 1604/3172/5199 1605/3195/5200 1615/3196/5201 1614/3194/5202
f 1605/3197/5203 1606/3198/5204 1616/3199/5205 1615/3200/5206
f 1606/3201/5207 1607/3180/5208 1617/3202/5209 1616/3203/5210
f 1607/3180/5211 1608/3179/5212 1618/3204/5213 1617/3202/5214
f 1608/3179/5215 1599/3182/5216 1609/3185/5217 1618/3204/5218
f 1609/3185/5219 1610/3184/5220 1620/3205/5221 1619/3206/5222
f 1610/3189/5223 1611/3188/5224 1621/3207/5225 1620/3208/5226
f 1611/3192/5227 1612/3191/5228 1622/3209/5229 1621/3210/5230
f 1612/3191/5231 1613/3193/5232 1623/3211/5233 1622/3209/5234
f 1613/3193/5235 1614/3194/5236 1624/3212/5237 1623/3211/5238
f 1614/3194/5239 1615/3196/5240 1625/3213/5241 1624/3212/5242
f 1615/3200/5243 1616/3199/5244 1626/3214/5245 1625/3215/5246
f 1616/3203/5247 1617/3202/5248 1627/3216/5249 1626/3217/5250
f 1617/3202/5251 1618/3204/5252 1628/3218/5253 1627/3216/5254
f 1618/3204/5255 1609/3185/5256 1619/3206/5257 1628/3218/5258
f 1619/3206/5259 1620/3205/5260 1630/3219/5261 1629/3220/5262
f 1620/3208/5263 1621/3207/5264 1631/3221/5265 1630/3222/5266
f 1621/3210/5267 1622/3209/5268 1632/3223/5269 1631/3224/5270
f 1622/3209/5271 1623/3211/5272 1633/3225/5273 1632/3223/5274
f 1623/3211/5275 1624/3212/5276 1634/3226/5277 1633/3225/5278
f 1624/3212/5279 1625/3213/5280 1635/3227/5281 1634/3226/5282
f 1625/3215/5283 1626/3214/5284 1636/3228/5285 1635/3229/5286
f 1626/3217/5287 1627/3216/5288 1637/3230/5289 1636/3231/5290
f 1627/3216/5291 1628/3218/5292 1638/3232/5293 1637/3230/5294
f 1628/3218/5295 1619/3206/5296 1629/3220/5297 1638/3232/5298
f 1629/3220/5299 1630/3219/5300 1640/3233/5301 1639/3234/5302
f 1630/3222/5303 1631/3221/5304 1641/3235/5305 1640/3236/5306
f 1631/3224/5307 1632/3223/5308 1642/3237/5309 1641/3238/5310
f 1632/3223/5311 1633/3225/5312 1643/3239/5313 1642/3237/5314
f 1633/3225/5315 1634/3226/5316 1644/3240/5317 1643/3239/5318
f 1634/3226/5319 1635/3227/5320 1645/3241/5321 1644/3240/5322
f 1635/3229/5323 1636/3228/5324 1646/3242/5325 1645/3243/5326
f 1636/3231/5327 1637/3230/5328 1647/3244/5329 1646/3245/5330
f 1637/3230/5331 1638/3232/5332 1648/3246/5333 1647/3244/5334
f 1638/3232/5335 1629/3220/5336 1639/3234/5337 1648/3246/5338
f 1639/3247/5339 1640/3248/5340 1650/3249/5341 1649/3250/5342
f 1640/3248/5343 1641/3251/5344 1651/3252/5345 1650/3249/5346
f 1641/3251/5347 1642/3253/5348 1652/3254/5349 1651/3252/5350
f 1642/3237/5351 1643/3239/5352 1653/3255/5353 1652/3256/5354
f 1643/3239/5355 1644/3240/5356 1654/3257/5357 1653/3255/5358
f 1644/3258/5359 1645/3259/5360 1655/3260/5361 1654/3261/5362
f 1645/3259/5363 1646/3262/5364 1656/3263/5365 1655/3260/5366
f 1646/3262/5367 1647/3264/5368 1657/3265/5369 1656/3263/5370
f 1647/3244/5371 1648/3246/5372 1658/3266/5373 1657/3267/5374
f 1648/3246/5375 1639/3234/5376 1649/3268/5377 1658/3266/5378
f 1649/3250/5379 1650/3249/5380 1660/3269/5381 1659/3270/5382
f 1650/3249/5383 1651/3252/5384 1661/3271/5385 1660/3269/5386
f 1651/3252/5387 1652/3254/5388 1662/3272/5389 1661/3271/5390
f 1652/3254/5391 1653/3273/5392 1663/3274/5393 1662/3272/5394
f 1653/3273/5395 1654/3261/5396 1664/3275/5397 1663/3274/5398
f 1654/3261/5399 1655/3260/5400 1665/3276/5401 1664/3275/5402
f 1655/3260/5403 1656/3263/5404 1666/3277/5405 1665/3276/5406
f 1656/3263/5407 1657/3265/5408 1667/3278/5409 1666/3277/5410
f 1657/3265/5411 1658/3279/5412 1668/3280/5413 1667/3278/5414
f 1658/3279/5415 1649/3250/5416 1659/3270/5417 1668/3280/5418
f 1580/3144/5419 1579/3143/5420 1669/3281/5421
f 1581/3147/5422 1580/3144/5423 1669/3281/5424
f 1582/3149/5425 1581/3147/5426 1669/3281/5427
f 1583/3151/5428 1582/3149/5429 1669/3281/5430
f 1584/3153/5431 1583/3151/5432 1669/3281/5433
f 1585/3155/5434 1584/3153/5435 1669/3281/5436
f 1586/3157/5437 1585/3155/5438 1669/3281/5439
f 1587/3159/5440 1586/3157/5441 1669/3281/5442
f 1588/3161/5443 1587/3159/5444 1669/3281/5445
f 1579/3143/5446 1588/3161/5447 1669/3281/5448
f 1659/3270/5449 1660/3269/5450 1670/3282/5451
f 1660/3269/5452 1661/3271/5453 1670/3282/5454
f 1661/3271/5455 1662/3272/5456 1670/3282/5457
f 1662/3272/5458 1663/3274/5459 1670/3282/5460
f 1663/3274/5461 1664/3275/5462 1670/3282/5463
f 1664/3275/5464 1665/3276/5465 1670/3282/5466
f 1665/3276/5467 1666/3277/5468 1670/3282/5469
f 1666/3277/5470 1667/3278/5471 1670/3282/5472
f 1667/3278/5473 1668/3280/5474 1670/3282/5475
f 1668/3280/5476 1659/3270/5477 1670/3282/5478
